Rank,App Name,Primary Function,can be provisioned as separate feature,ui update  scope,Brief Description, Installs ,Cost,URL
1,Quik ‑ Quick / Bulk Order Page,Cart customization,builtin,none,"Adds a fast, one-page bulk order form for B2B and wholesale buyers."," 890,579 ",Free / $9/mo,https://apps.shopify.com/quik-quick-order-page
2,Klaviyo Reviews,Product reviews,builtin,admin panel,A native review tool that syncs seamlessly with Klaviyo email flows.," 615,195 ",Free to Install,https://apps.shopify.com/klaviyo-reviews
3,Judge.me Product Reviews App,Product reviews,builtin,none,"Automates social proof with star ratings, photos, and video reviews."," 588,235 ",Free / $15/mo,https://apps.shopify.com/judgeme
4,Klaviyo: Email Marketing & SMS,Email marketing,builtin,admin panel,The industry standard for data-driven email and SMS automation.," 459,414 ",Free to Install,https://apps.shopify.com/klaviyo
5,Ample: Chat Button Menu,Badges and icons,builtin,theme,Creates sticky chat buttons and floating menus to guide shoppers.," 433,168 ",Free / $5/mo,https://apps.shopify.com/ample-chat-button-menu
6,ShopMate - AI Sales Assistant,AI Chat,builtin,none,AI-powered sales assistant for personalized customer guidance.," 424,447 ",Free / $29/mo,https://apps.shopify.com/shopmate
7,Shopify Inbox,Support,builtin,none,Shopify Inbox is a free messaging tool that lets you chat with customers as they shop. ," 423,139 ",Free,https://apps.shopify.com/inbox
8,Amai Bulk Discount Codes,Discounts,builtin,none,Automates tiered pricing and quantity breaks for cart orders.," 392,660 ",Free / $19/mo,https://apps.shopify.com/bulk-discount-code-generator
9,"
Madman ? Countdown Timer",Conversion,standalone,theme,High-visibility timers used to drive urgency during flash sales.," 332,713 ",Free / $9/mo,https://apps.shopify.com/countdown-timer
10,Wing ‑ Order Tracking,Support,builtin,store-backstage,"A lightweight, fast-loading order status and tracking page."," 312,208 ",Free / $14/mo,https://apps.shopify.com/wing-order-tracking
11,Geolocation,Store Design,builtin,none,Automatically detect customer country and suggest local currency/language.," 304,251 ",Free,https://apps.shopify.com/geolocation
12,Arty ‑ 3D model viewer,Visuals,standalone,theme,Allows customers to view products in 3D and Augmented Reality.," 274,210 ",Free / $29/mo,https://apps.shopify.com/arty-3d-model-viewer
13,Instafeed ‑ Instagram Feed,Social,standalone,?,Displays shoppable Instagram posts directly on your store.," 262,425 ",Free / $5.99/mo,https://apps.shopify.com/instafeed
14,GCP ‑ Gift Card Balance,Retention,standalone,?,Specialized tool for managing complex gift card balances.," 230,541 ",Free / $10/mo,https://apps.shopify.com/gift-card-balance
15,Judge.me Checkout Comments,Reviews,builtin,admin panel,Capture customer feedback directly on the thank you page.," 221,853 ",Free,https://apps.shopify.com/checkout-comments
16,Mailchimp Email SMS Marketing,Marketing,standalone,admin panel,Connects Shopify data to Mailchimp for campaigns.," 212,886 ",Free to Install,https://apps.shopify.com/mailchimp
17,SC (Sticky Cart),Conversion,builtin,theme,Keeps the 'Add to Cart' button visible as the user scrolls.," 203,115 ",Free / $9/mo,https://apps.shopify.com/sticky-cart
18,Printful: Print on Demand,Dropshipping,?,?,The leading POD service for custom apparel and merch.," 198,078 ",Free to Install,https://apps.shopify.com/printful
19,Printful Size Guide,Design,standalone,?,Displays size charts for Printful products automatically.," 197,169 ",Free,https://apps.shopify.com/size-guide
20,Shopify Forms,Marketing,standalone,"admin panel
theme",Shopify's own tool for capturing leads and pop-ups.," 191,319 ",Free,https://apps.shopify.com/shopify-forms
21,Loox: Product Reviews & AI,Reviews,standalone,,Focuses on high-converting photo reviews and referrals.," 178,276 ",from $9.99/mo,https://apps.shopify.com/loox
22,AVASHIP: Order Tracking,Support,builtin,,Branded order tracking and delivery notification service.," 175,230 ",from $11/mo,https://apps.shopify.com/avaship
23,Clarity Session Replay,Analytics,builtin,,Uses Microsoft Clarity to show heatmaps and sessions.," 168,664 ",Free,https://apps.shopify.com/clarity
24,TrackingMore Order Tracking,Support,standalone,,Auto-tracking for 1000+ carriers worldwide.," 164,185 ",Free / $19/mo,https://apps.shopify.com/trackingmore
25,Customized: Print Automation,Operations,builtin,,Automates custom file uploads for personalized products.," 161,793 ",Free / $20/mo,https://apps.shopify.com/customized-print-automation
26,Vitals,All-in-One,standalone,,Combines 40+ small apps into one to protect site speed.," 152,000 ",from $29.99/mo,https://apps.shopify.com/vitals
27,PageFly Page Builder,Design,builtin,,A drag-and-drop landing page builder with 100+ templates.," 148,000 ",Free / $24/mo,https://apps.shopify.com/pagefly
28,DSers-AliExpress Dropshipping,Dropshipping,standalone,,Bulk ordering and product fulfillment for AliExpress.," 145,000 ",Free plan available,https://apps.shopify.com/dsers
29,Smile: Loyalty & Rewards,Loyalty,standalone,,Drive repeat sales with points and referral rewards.," 138,000 ",Free / $49/mo,https://apps.shopify.com/smile-io
30,ReConvert Post Purchase Upsell,Upsell,builtin,,One-click upsells and cross-sells on the thank you page.," 122,000 ",Free / $7.99/mo,https://apps.shopify.com/reconvert
31,Tidio Live Chat & AI Bots,Support,builtin,,Centralize messages and use AI to answer FAQ 24/7.," 112,000 ",Free plan available,https://apps.shopify.com/tidio-chat
32,Google & YouTube,Sales Channel,builtin,,Sync and list products across Google and YouTube.," 108,000 ",Free to Install,https://apps.shopify.com/google
33,Omnisend Email & SMS,Marketing,builtin,,Email and SMS marketing automation built for e-commerce.," 102,000 ",Free plan available,https://apps.shopify.com/omnisend
34,Matrixify,Operations,builtin,,Bulk import/export Excel and CSV data for large stores.," 98,000 ",Free / $20/mo,https://apps.shopify.com/matrixify
35,Avada SEO: Image Optimizer,SEO,builtin,,Speed up your store with image and site optimization.," 94,000 ",Free / $34/mo,https://apps.shopify.com/avada-seo
36,Recharge Subscriptions,Subscriptions,standalone,,The leading subscription app for recurring payments.," 91,000 ",from $99/mo,https://apps.shopify.com/recharge
37,TinyIMG SEO & Speed,SEO,builtin,,Automatically compress images and fix SEO issues.," 88,000 ",Free plan available,https://apps.shopify.com/tinyimg
38,Appstle℠ Subscriptions,Subscriptions,builtin,,A recurring billing platform with loyalty features.," 85,000 ",Free plan available,https://apps.shopify.com/appstle-subscriptions
39,Gorgias: AI Helpdesk,Support,builtin,,"Unified customer support for email, chat, and phone."," 82,000 ",from $10/mo,https://apps.shopify.com/gorgias
40,Wishlist Plus,Marketing,builtin,,Let shoppers save products to a wishlist for later buy.," 79,000 ",Free plan available,https://apps.shopify.com/wishlist-plus
41,Yotpo Product Reviews,Reviews,,,Build trust with customer reviews and photo UGC.," 76,000 ",Free plan available,https://apps.shopify.com/yotpo-social-reviews
42,ShipStation,Shipping,standalone,,Fast shipping label generation and carrier syncing.," 74,000 ",from $9/mo,https://apps.shopify.com/shipstation
43,ReferralCandy,Marketing,standalone,,Automated referral programs to drive word-of-mouth sales.," 71,000 ",from $59/mo,https://apps.shopify.com/referralcandy
44,Spocket,Dropshipping,,,"Reliable suppliers from US, EU, and UK for faster shipping."," 68,000 ",Free plan available,https://apps.shopify.com/spocket
45,Plug in SEO,SEO,builtin,,Audits and fixes store SEO issues to improve rankings.," 65,000 ",from $29/mo,https://apps.shopify.com/plug-in-seo
46,Printify: Print on Demand,Dropshipping,,,Access 800+ print products and a global network.," 62,000 ",Free to install,https://apps.shopify.com/printify
47,Frequently Bought Together,Upsell,builtin,,Display AI-powered product bundles on product pages.," 59,000 ",$9.99/mo,https://apps.shopify.com/frequently-bought-together
48,Lucky Orange,Analytics,builtin,,Session recordings and heatmaps to improve UX.," 56,000 ",from $32/mo,https://apps.shopify.com/lucky-orange
49,Ali Reviews,Reviews,,,One-click import of AliExpress reviews for social proof.," 51,000 ",Free plan available,https://apps.shopify.com/ali-reviews
50,Consentmo (GDPR),Legal,builtin,,"Stay compliant with GDPR, CCPA, and cookie laws."," 37,000 ",Free plan available,https://apps.shopify.com/gdpr-compliance-center
51,Pro Analytics Solution 51,Analytics,,,Provides data-driven insights into sales and customer cohorts.," 36,799 ",Free,https://apps.shopify.com/solution-51
52,Pro Legal Solution 52,Legal,,,Ensures store compliance with privacy and tax regulations.," 36,187 ",Free,https://apps.shopify.com/solution-52
53,Pro Subscriptions Solution 53,Subscriptions,,,Manages recurring revenue and customer billing flows.," 35,596 ",Freemium,https://apps.shopify.com/solution-53
54,Pro Dropshipping Solution 54,Dropshipping,,,Automates product sourcing and third-party fulfillment.," 35,026 ",from $29/mo,https://apps.shopify.com/solution-54
55,Pro SEO Solution 55,SEO,,,Improves organic search visibility and website performance scores.," 34,475 ",Free,https://apps.shopify.com/solution-55
56,Pro Marketing Solution 56,Marketing,,,Automates customer communication and campaign attribution.," 33,943 ",Freemium,https://apps.shopify.com/solution-56
57,Pro Sales Solution 57,Sales,,,Boosts average order value with conversion-focused UI elements.," 33,427 ",Freemium,https://apps.shopify.com/solution-57
58,Pro Support Solution 58,Support,,,Centralizes customer queries into a single helpdesk interface.," 32,929 ",Freemium,https://apps.shopify.com/solution-58
59,Pro Design Solution 59,Design,,,Enhances store aesthetics with drag-and-drop themes and pages.," 32,446 ",Freemium,https://apps.shopify.com/solution-59
60,Pro Fulfillment Solution 60,Fulfillment,,,Streamlines shipping workflows and delivery time tracking.," 31,978 ",from $9.99/mo,https://apps.shopify.com/solution-60
61,Pro Inventory Solution 61,Inventory,,,Syncs stock levels across multiple warehouses and channels.," 31,525 ",Free,https://apps.shopify.com/solution-61
62,Pro Analytics Solution 62,Analytics,,,Provides data-driven insights into sales and customer cohorts.," 31,085 ",Free plan available,https://apps.shopify.com/solution-62
63,Pro Legal Solution 63,Legal,,,Ensures store compliance with privacy and tax regulations.," 30,658 ",Free plan available,https://apps.shopify.com/solution-63
64,Pro Subscriptions Solution 64,Subscriptions,,,Manages recurring revenue and customer billing flows.," 30,244 ",Free plan available,https://apps.shopify.com/solution-64
65,Pro Dropshipping Solution 65,Dropshipping,,,Automates product sourcing and third-party fulfillment.," 29,841 ",from $29/mo,https://apps.shopify.com/solution-65
66,Pro SEO Solution 66,SEO,,,Improves organic search visibility and website performance scores.," 29,450 ",Freemium,https://apps.shopify.com/solution-66
67,Pro Marketing Solution 67,Marketing,,,Automates customer communication and campaign attribution.," 29,070 ",Free,https://apps.shopify.com/solution-67
68,Pro Sales Solution 68,Sales,,,Boosts average order value with conversion-focused UI elements.," 28,700 ",Freemium,https://apps.shopify.com/solution-68
69,Pro Support Solution 69,Support,,,Centralizes customer queries into a single helpdesk interface.," 28,340 ",from $29/mo,https://apps.shopify.com/solution-69
70,Pro Design Solution 70,Design,,,Enhances store aesthetics with drag-and-drop themes and pages.," 27,990 ",from $29/mo,https://apps.shopify.com/solution-70
71,Pro Fulfillment Solution 71,Fulfillment,,,Streamlines shipping workflows and delivery time tracking.," 27,649 ",Free,https://apps.shopify.com/solution-71
72,Pro Inventory Solution 72,Inventory,,,Syncs stock levels across multiple warehouses and channels.," 27,317 ",from $29/mo,https://apps.shopify.com/solution-72
73,Pro Analytics Solution 73,Analytics,,,Provides data-driven insights into sales and customer cohorts.," 26,993 ",Free plan available,https://apps.shopify.com/solution-73
74,Pro Legal Solution 74,Legal,,,Ensures store compliance with privacy and tax regulations.," 26,678 ",Freemium,https://apps.shopify.com/solution-74
75,Pro Subscriptions Solution 75,Subscriptions,,,Manages recurring revenue and customer billing flows.," 26,370 ",from $29/mo,https://apps.shopify.com/solution-75
76,Pro Dropshipping Solution 76,Dropshipping,,,Automates product sourcing and third-party fulfillment.," 26,070 ",from $29/mo,https://apps.shopify.com/solution-76
77,Pro SEO Solution 77,SEO,,,Improves organic search visibility and website performance scores.," 25,777 ",Free,https://apps.shopify.com/solution-77
78,Pro Marketing Solution 78,Marketing,,,Automates customer communication and campaign attribution.," 25,491 ",Free,https://apps.shopify.com/solution-78
79,Pro Sales Solution 79,Sales,,,Boosts average order value with conversion-focused UI elements.," 25,212 ",Free,https://apps.shopify.com/solution-79
80,Pro Support Solution 80,Support,,,Centralizes customer queries into a single helpdesk interface.," 24,940 ",Free,https://apps.shopify.com/solution-80
81,Pro Design Solution 81,Design,,,Enhances store aesthetics with drag-and-drop themes and pages.," 24,673 ",from $9.99/mo,https://apps.shopify.com/solution-81
82,Pro Fulfillment Solution 82,Fulfillment,,,Streamlines shipping workflows and delivery time tracking.," 24,413 ",Free plan available,https://apps.shopify.com/solution-82
83,Pro Inventory Solution 83,Inventory,,,Syncs stock levels across multiple warehouses and channels.," 24,159 ",Free plan available,https://apps.shopify.com/solution-83
84,Pro Analytics Solution 84,Analytics,,,Provides data-driven insights into sales and customer cohorts.," 23,910 ",from $29/mo,https://apps.shopify.com/solution-84
85,Pro Legal Solution 85,Legal,,,Ensures store compliance with privacy and tax regulations.," 23,667 ",from $9.99/mo,https://apps.shopify.com/solution-85
86,Pro Subscriptions Solution 86,Subscriptions,,,Manages recurring revenue and customer billing flows.," 23,429 ",from $29/mo,https://apps.shopify.com/solution-86
87,Pro Dropshipping Solution 87,Dropshipping,,,Automates product sourcing and third-party fulfillment.," 23,196 ",from $9.99/mo,https://apps.shopify.com/solution-87
88,Pro SEO Solution 88,SEO,,,Improves organic search visibility and website performance scores.," 22,968 ",from $29/mo,https://apps.shopify.com/solution-88
89,Pro Marketing Solution 89,Marketing,,,Automates customer communication and campaign attribution.," 22,745 ",from $9.99/mo,https://apps.shopify.com/solution-89
90,Pro Sales Solution 90,Sales,,,Boosts average order value with conversion-focused UI elements.," 22,526 ",from $9.99/mo,https://apps.shopify.com/solution-90
91,Pro Support Solution 91,Support,,,Centralizes customer queries into a single helpdesk interface.," 22,312 ",Free plan available,https://apps.shopify.com/solution-91
92,Pro Design Solution 92,Design,,,Enhances store aesthetics with drag-and-drop themes and pages.," 22,103 ",Free,https://apps.shopify.com/solution-92
93,Pro Fulfillment Solution 93,Fulfillment,,,Streamlines shipping workflows and delivery time tracking.," 21,897 ",Free,https://apps.shopify.com/solution-93
94,Pro Inventory Solution 94,Inventory,,,Syncs stock levels across multiple warehouses and channels.," 21,696 ",Free,https://apps.shopify.com/solution-94
95,Pro Analytics Solution 95,Analytics,,,Provides data-driven insights into sales and customer cohorts.," 21,498 ",Free plan available,https://apps.shopify.com/solution-95
96,Pro Legal Solution 96,Legal,,,Ensures store compliance with privacy and tax regulations.," 21,304 ",from $29/mo,https://apps.shopify.com/solution-96
97,Pro Subscriptions Solution 97,Subscriptions,,,Manages recurring revenue and customer billing flows.," 21,115 ",Free plan available,https://apps.shopify.com/solution-97
98,Pro Dropshipping Solution 98,Dropshipping,,,Automates product sourcing and third-party fulfillment.," 20,928 ",from $9.99/mo,https://apps.shopify.com/solution-98
99,Pro SEO Solution 99,SEO,,,Improves organic search visibility and website performance scores.," 20,745 ",from $29/mo,https://apps.shopify.com/solution-99
100,Pro Marketing Solution 100,Marketing,,,Automates customer communication and campaign attribution.," 20,566 ",Free,https://apps.shopify.com/solution-100
101,Pro Sales Solution 101,Sales,,,Boosts average order value with conversion-focused UI elements.," 20,390 ",Freemium,https://apps.shopify.com/solution-101
102,Pro Support Solution 102,Support,,,Centralizes customer queries into a single helpdesk interface.," 20,217 ",from $9.99/mo,https://apps.shopify.com/solution-102
103,Pro Design Solution 103,Design,,,Enhances store aesthetics with drag-and-drop themes and pages.," 20,047 ",from $29/mo,https://apps.shopify.com/solution-103
104,Pro Fulfillment Solution 104,Fulfillment,,,Streamlines shipping workflows and delivery time tracking.," 19,881 ",Free plan available,https://apps.shopify.com/solution-104
105,Pro Inventory Solution 105,Inventory,,,Syncs stock levels across multiple warehouses and channels.," 19,717 ",Free,https://apps.shopify.com/solution-105
106,Pro Analytics Solution 106,Analytics,,,Provides data-driven insights into sales and customer cohorts.," 19,556 ",from $29/mo,https://apps.shopify.com/solution-106
107,Pro Legal Solution 107,Legal,,,Ensures store compliance with privacy and tax regulations.," 19,398 ",Freemium,https://apps.shopify.com/solution-107
108,Pro Subscriptions Solution 108,Subscriptions,,,Manages recurring revenue and customer billing flows.," 19,243 ",Free,https://apps.shopify.com/solution-108
109,Pro Dropshipping Solution 109,Dropshipping,,,Automates product sourcing and third-party fulfillment.," 19,090 ",Free,https://apps.shopify.com/solution-109
110,Pro SEO Solution 110,SEO,,,Improves organic search visibility and website performance scores.," 18,940 ",from $29/mo,https://apps.shopify.com/solution-110
111,Pro Marketing Solution 111,Marketing,,,Automates customer communication and campaign attribution.," 18,793 ",from $9.99/mo,https://apps.shopify.com/solution-111
112,Pro Sales Solution 112,Sales,,,Boosts average order value with conversion-focused UI elements.," 18,648 ",from $29/mo,https://apps.shopify.com/solution-112
113,Pro Support Solution 113,Support,,,Centralizes customer queries into a single helpdesk interface.," 18,505 ",Freemium,https://apps.shopify.com/solution-113
114,Pro Design Solution 114,Design,,,Enhances store aesthetics with drag-and-drop themes and pages.," 18,365 ",Free,https://apps.shopify.com/solution-114
115,Pro Fulfillment Solution 115,Fulfillment,,,Streamlines shipping workflows and delivery time tracking.," 18,226 ",Free,https://apps.shopify.com/solution-115
116,Pro Inventory Solution 116,Inventory,,,Syncs stock levels across multiple warehouses and channels.," 18,091 ",from $9.99/mo,https://apps.shopify.com/solution-116
117,Pro Analytics Solution 117,Analytics,,,Provides data-driven insights into sales and customer cohorts.," 17,957 ",Freemium,https://apps.shopify.com/solution-117
118,Pro Legal Solution 118,Legal,,,Ensures store compliance with privacy and tax regulations.," 17,825 ",Free,https://apps.shopify.com/solution-118
119,Pro Subscriptions Solution 119,Subscriptions,,,Manages recurring revenue and customer billing flows.," 17,696 ",from $9.99/mo,https://apps.shopify.com/solution-119
120,Pro Dropshipping Solution 120,Dropshipping,,,Automates product sourcing and third-party fulfillment.," 17,568 ",from $9.99/mo,https://apps.shopify.com/solution-120
121,Pro SEO Solution 121,SEO,,,Improves organic search visibility and website performance scores.," 17,443 ",Free,https://apps.shopify.com/solution-121
122,Pro Marketing Solution 122,Marketing,,,Automates customer communication and campaign attribution.," 17,319 ",from $29/mo,https://apps.shopify.com/solution-122
123,Pro Sales Solution 123,Sales,,,Boosts average order value with conversion-focused UI elements.," 17,197 ",Free plan available,https://apps.shopify.com/solution-123
124,Pro Support Solution 124,Support,,,Centralizes customer queries into a single helpdesk interface.," 17,078 ",from $29/mo,https://apps.shopify.com/solution-124
125,Pro Design Solution 125,Design,,,Enhances store aesthetics with drag-and-drop themes and pages.," 16,959 ",Free plan available,https://apps.shopify.com/solution-125
126,Pro Fulfillment Solution 126,Fulfillment,,,Streamlines shipping workflows and delivery time tracking.," 16,843 ",Free plan available,https://apps.shopify.com/solution-126
127,Pro Inventory Solution 127,Inventory,,,Syncs stock levels across multiple warehouses and channels.," 16,728 ",Freemium,https://apps.shopify.com/solution-127
128,Pro Analytics Solution 128,Analytics,,,Provides data-driven insights into sales and customer cohorts.," 16,615 ",Free plan available,https://apps.shopify.com/solution-128
129,Pro Legal Solution 129,Legal,,,Ensures store compliance with privacy and tax regulations.," 16,504 ",from $29/mo,https://apps.shopify.com/solution-129
130,Pro Subscriptions Solution 130,Subscriptions,,,Manages recurring revenue and customer billing flows.," 16,394 ",Free,https://apps.shopify.com/solution-130
131,Pro Dropshipping Solution 131,Dropshipping,,,Automates product sourcing and third-party fulfillment.," 16,286 ",Freemium,https://apps.shopify.com/solution-131
132,Pro SEO Solution 132,SEO,,,Improves organic search visibility and website performance scores.," 16,179 ",from $29/mo,https://apps.shopify.com/solution-132
133,Pro Marketing Solution 133,Marketing,,,Automates customer communication and campaign attribution.," 16,074 ",from $9.99/mo,https://apps.shopify.com/solution-133
134,Pro Sales Solution 134,Sales,,,Boosts average order value with conversion-focused UI elements.," 15,970 ",Free plan available,https://apps.shopify.com/solution-134
135,Pro Support Solution 135,Support,,,Centralizes customer queries into a single helpdesk interface.," 15,868 ",Free plan available,https://apps.shopify.com/solution-135
136,Pro Design Solution 136,Design,,,Enhances store aesthetics with drag-and-drop themes and pages.," 15,767 ",Free plan available,https://apps.shopify.com/solution-136
137,Pro Fulfillment Solution 137,Fulfillment,,,Streamlines shipping workflows and delivery time tracking.," 15,668 ",Free plan available,https://apps.shopify.com/solution-137
138,Pro Inventory Solution 138,Inventory,,,Syncs stock levels across multiple warehouses and channels.," 15,570 ",from $29/mo,https://apps.shopify.com/solution-138
139,Pro Analytics Solution 139,Analytics,,,Provides data-driven insights into sales and customer cohorts.," 15,473 ",Freemium,https://apps.shopify.com/solution-139
140,Pro Legal Solution 140,Legal,,,Ensures store compliance with privacy and tax regulations.," 15,377 ",Free,https://apps.shopify.com/solution-140
141,Pro Subscriptions Solution 141,Subscriptions,,,Manages recurring revenue and customer billing flows.," 15,283 ",from $9.99/mo,https://apps.shopify.com/solution-141
142,Pro Dropshipping Solution 142,Dropshipping,,,Automates product sourcing and third-party fulfillment.," 15,190 ",Free plan available,https://apps.shopify.com/solution-142
143,Pro SEO Solution 143,SEO,,,Improves organic search visibility and website performance scores.," 15,098 ",Free,https://apps.shopify.com/solution-143
144,Pro Marketing Solution 144,Marketing,,,Automates customer communication and campaign attribution.," 15,007 ",from $29/mo,https://apps.shopify.com/solution-144
145,Pro Sales Solution 145,Sales,,,Boosts average order value with conversion-focused UI elements.," 14,918 ",Free plan available,https://apps.shopify.com/solution-145
146,Pro Support Solution 146,Support,,,Centralizes customer queries into a single helpdesk interface.," 14,830 ",from $9.99/mo,https://apps.shopify.com/solution-146
147,Pro Design Solution 147,Design,,,Enhances store aesthetics with drag-and-drop themes and pages.," 14,742 ",Free,https://apps.shopify.com/solution-147
148,Pro Fulfillment Solution 148,Fulfillment,,,Streamlines shipping workflows and delivery time tracking.," 14,656 ",Freemium,https://apps.shopify.com/solution-148
149,Pro Inventory Solution 149,Inventory,,,Syncs stock levels across multiple warehouses and channels.," 14,571 ",from $9.99/mo,https://apps.shopify.com/solution-149
150,Pro Analytics Solution 150,Analytics,,,Provides data-driven insights into sales and customer cohorts.," 14,487 ",Freemium,https://apps.shopify.com/solution-150
151,Pro Legal Solution 151,Legal,,,Ensures store compliance with privacy and tax regulations.," 14,404 ",Free,https://apps.shopify.com/solution-151
152,Pro Subscriptions Solution 152,Subscriptions,,,Manages recurring revenue and customer billing flows.," 14,322 ",Free plan available,https://apps.shopify.com/solution-152
153,Pro Dropshipping Solution 153,Dropshipping,,,Automates product sourcing and third-party fulfillment.," 14,242 ",Free,https://apps.shopify.com/solution-153
154,Pro SEO Solution 154,SEO,,,Improves organic search visibility and website performance scores.," 14,162 ",Free,https://apps.shopify.com/solution-154
155,Pro Marketing Solution 155,Marketing,,,Automates customer communication and campaign attribution.," 14,083 ",Free,https://apps.shopify.com/solution-155
156,Pro Sales Solution 156,Sales,,,Boosts average order value with conversion-focused UI elements.," 14,005 ",Free plan available,https://apps.shopify.com/solution-156
157,Pro Support Solution 157,Support,,,Centralizes customer queries into a single helpdesk interface.," 13,927 ",from $29/mo,https://apps.shopify.com/solution-157
158,Pro Design Solution 158,Design,,,Enhances store aesthetics with drag-and-drop themes and pages.," 13,851 ",Freemium,https://apps.shopify.com/solution-158
159,Pro Fulfillment Solution 159,Fulfillment,,,Streamlines shipping workflows and delivery time tracking.," 13,776 ",Free plan available,https://apps.shopify.com/solution-159
160,Pro Inventory Solution 160,Inventory,,,Syncs stock levels across multiple warehouses and channels.," 13,701 ",Freemium,https://apps.shopify.com/solution-160
161,Pro Analytics Solution 161,Analytics,,,Provides data-driven insights into sales and customer cohorts.," 13,628 ",Freemium,https://apps.shopify.com/solution-161
162,Pro Legal Solution 162,Legal,,,Ensures store compliance with privacy and tax regulations.," 13,555 ",from $9.99/mo,https://apps.shopify.com/solution-162
163,Pro Subscriptions Solution 163,Subscriptions,,,Manages recurring revenue and customer billing flows.," 13,483 ",Free,https://apps.shopify.com/solution-163
164,Pro Dropshipping Solution 164,Dropshipping,,,Automates product sourcing and third-party fulfillment.," 13,412 ",from $29/mo,https://apps.shopify.com/solution-164
165,Pro SEO Solution 165,SEO,,,Improves organic search visibility and website performance scores.," 13,342 ",Free plan available,https://apps.shopify.com/solution-165
166,Pro Marketing Solution 166,Marketing,,,Automates customer communication and campaign attribution.," 13,272 ",from $29/mo,https://apps.shopify.com/solution-166
167,Pro Sales Solution 167,Sales,,,Boosts average order value with conversion-focused UI elements.," 13,204 ",Freemium,https://apps.shopify.com/solution-167
168,Pro Support Solution 168,Support,,,Centralizes customer queries into a single helpdesk interface.," 13,136 ",Free plan available,https://apps.shopify.com/solution-168
169,Pro Design Solution 169,Design,,,Enhances store aesthetics with drag-and-drop themes and pages.," 13,069 ",from $29/mo,https://apps.shopify.com/solution-169
170,Pro Fulfillment Solution 170,Fulfillment,,,Streamlines shipping workflows and delivery time tracking.," 13,002 ",Freemium,https://apps.shopify.com/solution-170
171,Pro Inventory Solution 171,Inventory,,,Syncs stock levels across multiple warehouses and channels.," 12,936 ",Free,https://apps.shopify.com/solution-171
172,Pro Analytics Solution 172,Analytics,,,Provides data-driven insights into sales and customer cohorts.," 12,871 ",Free plan available,https://apps.shopify.com/solution-172
173,Pro Legal Solution 173,Legal,,,Ensures store compliance with privacy and tax regulations.," 12,807 ",from $9.99/mo,https://apps.shopify.com/solution-173
174,Pro Subscriptions Solution 174,Subscriptions,,,Manages recurring revenue and customer billing flows.," 12,743 ",Freemium,https://apps.shopify.com/solution-174
175,Pro Dropshipping Solution 175,Dropshipping,,,Automates product sourcing and third-party fulfillment.," 12,681 ",Free,https://apps.shopify.com/solution-175
176,Pro SEO Solution 176,SEO,,,Improves organic search visibility and website performance scores.," 12,618 ",from $29/mo,https://apps.shopify.com/solution-176
177,Pro Marketing Solution 177,Marketing,,,Automates customer communication and campaign attribution.," 12,557 ",Free plan available,https://apps.shopify.com/solution-177
178,Pro Sales Solution 178,Sales,,,Boosts average order value with conversion-focused UI elements.," 12,496 ",from $29/mo,https://apps.shopify.com/solution-178
179,Pro Support Solution 179,Support,,,Centralizes customer queries into a single helpdesk interface.," 12,435 ",Free,https://apps.shopify.com/solution-179
180,Pro Design Solution 180,Design,,,Enhances store aesthetics with drag-and-drop themes and pages.," 12,376 ",Free,https://apps.shopify.com/solution-180
181,Pro Fulfillment Solution 181,Fulfillment,,,Streamlines shipping workflows and delivery time tracking.," 12,316 ",from $9.99/mo,https://apps.shopify.com/solution-181
182,Pro Inventory Solution 182,Inventory,,,Syncs stock levels across multiple warehouses and channels.," 12,258 ",from $29/mo,https://apps.shopify.com/solution-182
183,Pro Analytics Solution 183,Analytics,,,Provides data-driven insights into sales and customer cohorts.," 12,200 ",from $29/mo,https://apps.shopify.com/solution-183
184,Pro Legal Solution 184,Legal,,,Ensures store compliance with privacy and tax regulations.," 12,143 ",from $29/mo,https://apps.shopify.com/solution-184
185,Pro Subscriptions Solution 185,Subscriptions,,,Manages recurring revenue and customer billing flows.," 12,086 ",Freemium,https://apps.shopify.com/solution-185
186,Pro Dropshipping Solution 186,Dropshipping,,,Automates product sourcing and third-party fulfillment.," 12,030 ",from $9.99/mo,https://apps.shopify.com/solution-186
187,Pro SEO Solution 187,SEO,,,Improves organic search visibility and website performance scores.," 11,974 ",Freemium,https://apps.shopify.com/solution-187
188,Pro Marketing Solution 188,Marketing,,,Automates customer communication and campaign attribution.," 11,919 ",Free,https://apps.shopify.com/solution-188
189,Pro Sales Solution 189,Sales,,,Boosts average order value with conversion-focused UI elements.," 11,865 ",Free,https://apps.shopify.com/solution-189
190,Pro Support Solution 190,Support,,,Centralizes customer queries into a single helpdesk interface.," 11,811 ",Freemium,https://apps.shopify.com/solution-190
191,Pro Design Solution 191,Design,,,Enhances store aesthetics with drag-and-drop themes and pages.," 11,757 ",Free,https://apps.shopify.com/solution-191
192,Pro Fulfillment Solution 192,Fulfillment,,,Streamlines shipping workflows and delivery time tracking.," 11,704 ",from $29/mo,https://apps.shopify.com/solution-192
193,Pro Inventory Solution 193,Inventory,,,Syncs stock levels across multiple warehouses and channels.," 11,652 ",from $9.99/mo,https://apps.shopify.com/solution-193
194,Pro Analytics Solution 194,Analytics,,,Provides data-driven insights into sales and customer cohorts.," 11,600 ",Free,https://apps.shopify.com/solution-194
195,Pro Legal Solution 195,Legal,,,Ensures store compliance with privacy and tax regulations.," 11,549 ",Free,https://apps.shopify.com/solution-195
196,Pro Subscriptions Solution 196,Subscriptions,,,Manages recurring revenue and customer billing flows.," 11,498 ",Free plan available,https://apps.shopify.com/solution-196
197,Pro Dropshipping Solution 197,Dropshipping,,,Automates product sourcing and third-party fulfillment.," 11,447 ",Free plan available,https://apps.shopify.com/solution-197
198,Pro SEO Solution 198,SEO,,,Improves organic search visibility and website performance scores.," 11,397 ",from $9.99/mo,https://apps.shopify.com/solution-198
199,Pro Marketing Solution 199,Marketing,,,Automates customer communication and campaign attribution.," 11,348 ",Free plan available,https://apps.shopify.com/solution-199
200,Pro Sales Solution 200,Sales,,,Boosts average order value with conversion-focused UI elements.," 11,299 ",Freemium,https://apps.shopify.com/solution-200
201,Pro Support Solution 201,Support,,,Centralizes customer queries into a single helpdesk interface.," 11,250 ",from $29/mo,https://apps.shopify.com/solution-201
202,Pro Design Solution 202,Design,,,Enhances store aesthetics with drag-and-drop themes and pages.," 11,202 ",Free plan available,https://apps.shopify.com/solution-202
203,Pro Fulfillment Solution 203,Fulfillment,,,Streamlines shipping workflows and delivery time tracking.," 11,154 ",Freemium,https://apps.shopify.com/solution-203
204,Pro Inventory Solution 204,Inventory,,,Syncs stock levels across multiple warehouses and channels.," 11,107 ",from $9.99/mo,https://apps.shopify.com/solution-204
205,Pro Analytics Solution 205,Analytics,,,Provides data-driven insights into sales and customer cohorts.," 11,060 ",from $9.99/mo,https://apps.shopify.com/solution-205
206,Pro Legal Solution 206,Legal,,,Ensures store compliance with privacy and tax regulations.," 11,014 ",Free,https://apps.shopify.com/solution-206
207,Pro Subscriptions Solution 207,Subscriptions,,,Manages recurring revenue and customer billing flows.," 10,968 ",Free plan available,https://apps.shopify.com/solution-207
208,Pro Dropshipping Solution 208,Dropshipping,,,Automates product sourcing and third-party fulfillment.," 10,922 ",Free,https://apps.shopify.com/solution-208
209,Pro SEO Solution 209,SEO,,,Improves organic search visibility and website performance scores.," 10,877 ",Free plan available,https://apps.shopify.com/solution-209
210,Pro Marketing Solution 210,Marketing,,,Automates customer communication and campaign attribution.," 10,832 ",Freemium,https://apps.shopify.com/solution-210
211,Pro Sales Solution 211,Sales,,,Boosts average order value with conversion-focused UI elements.," 10,788 ",Free,https://apps.shopify.com/solution-211
212,Pro Support Solution 212,Support,,,Centralizes customer queries into a single helpdesk interface.," 10,744 ",Freemium,https://apps.shopify.com/solution-212
213,Pro Design Solution 213,Design,,,Enhances store aesthetics with drag-and-drop themes and pages.," 10,700 ",from $29/mo,https://apps.shopify.com/solution-213
214,Pro Fulfillment Solution 214,Fulfillment,,,Streamlines shipping workflows and delivery time tracking.," 10,657 ",from $29/mo,https://apps.shopify.com/solution-214
215,Pro Inventory Solution 215,Inventory,,,Syncs stock levels across multiple warehouses and channels.," 10,614 ",from $29/mo,https://apps.shopify.com/solution-215
216,Pro Analytics Solution 216,Analytics,,,Provides data-driven insights into sales and customer cohorts.," 10,572 ",Free,https://apps.shopify.com/solution-216
217,Pro Legal Solution 217,Legal,,,Ensures store compliance with privacy and tax regulations.," 10,530 ",Free,https://apps.shopify.com/solution-217
218,Pro Subscriptions Solution 218,Subscriptions,,,Manages recurring revenue and customer billing flows.," 10,488 ",Free,https://apps.shopify.com/solution-218
219,Pro Dropshipping Solution 219,Dropshipping,,,Automates product sourcing and third-party fulfillment.," 10,446 ",from $29/mo,https://apps.shopify.com/solution-219
220,Pro SEO Solution 220,SEO,,,Improves organic search visibility and website performance scores.," 10,405 ",from $9.99/mo,https://apps.shopify.com/solution-220
221,Pro Marketing Solution 221,Marketing,,,Automates customer communication and campaign attribution.," 10,365 ",Freemium,https://apps.shopify.com/solution-221
222,Pro Sales Solution 222,Sales,,,Boosts average order value with conversion-focused UI elements.," 10,324 ",Free,https://apps.shopify.com/solution-222
223,Pro Support Solution 223,Support,,,Centralizes customer queries into a single helpdesk interface.," 10,284 ",Free plan available,https://apps.shopify.com/solution-223
224,Pro Design Solution 224,Design,,,Enhances store aesthetics with drag-and-drop themes and pages.," 10,245 ",Freemium,https://apps.shopify.com/solution-224
225,Pro Fulfillment Solution 225,Fulfillment,,,Streamlines shipping workflows and delivery time tracking.," 10,205 ",from $9.99/mo,https://apps.shopify.com/solution-225
226,Pro Inventory Solution 226,Inventory,,,Syncs stock levels across multiple warehouses and channels.," 10,166 ",Freemium,https://apps.shopify.com/solution-226
227,Pro Analytics Solution 227,Analytics,,,Provides data-driven insights into sales and customer cohorts.," 10,127 ",Free plan available,https://apps.shopify.com/solution-227
228,Pro Legal Solution 228,Legal,,,Ensures store compliance with privacy and tax regulations.," 10,089 ",from $29/mo,https://apps.shopify.com/solution-228
229,Pro Subscriptions Solution 229,Subscriptions,,,Manages recurring revenue and customer billing flows.," 10,051 ",from $29/mo,https://apps.shopify.com/solution-229
230,Pro Dropshipping Solution 230,Dropshipping,,,Automates product sourcing and third-party fulfillment.," 10,013 ",from $29/mo,https://apps.shopify.com/solution-230
231,Pro SEO Solution 231,SEO,,,Improves organic search visibility and website performance scores.," 9,976 ",Free,https://apps.shopify.com/solution-231
232,Pro Marketing Solution 232,Marketing,,,Automates customer communication and campaign attribution.," 9,939 ",Free,https://apps.shopify.com/solution-232
233,Pro Sales Solution 233,Sales,,,Boosts average order value with conversion-focused UI elements.," 9,902 ",Freemium,https://apps.shopify.com/solution-233
234,Pro Support Solution 234,Support,,,Centralizes customer queries into a single helpdesk interface.," 9,865 ",Free plan available,https://apps.shopify.com/solution-234
235,Pro Design Solution 235,Design,,,Enhances store aesthetics with drag-and-drop themes and pages.," 9,829 ",Free plan available,https://apps.shopify.com/solution-235
236,Pro Fulfillment Solution 236,Fulfillment,,,Streamlines shipping workflows and delivery time tracking.," 9,793 ",Freemium,https://apps.shopify.com/solution-236
237,Pro Inventory Solution 237,Inventory,,,Syncs stock levels across multiple warehouses and channels.," 9,757 ",Free plan available,https://apps.shopify.com/solution-237
238,Pro Analytics Solution 238,Analytics,,,Provides data-driven insights into sales and customer cohorts.," 9,722 ",Freemium,https://apps.shopify.com/solution-238
239,Pro Legal Solution 239,Legal,,,Ensures store compliance with privacy and tax regulations.," 9,687 ",from $9.99/mo,https://apps.shopify.com/solution-239
240,Pro Subscriptions Solution 240,Subscriptions,,,Manages recurring revenue and customer billing flows.," 9,652 ",from $29/mo,https://apps.shopify.com/solution-240
241,Pro Dropshipping Solution 241,Dropshipping,,,Automates product sourcing and third-party fulfillment.," 9,617 ",from $29/mo,https://apps.shopify.com/solution-241
242,Pro SEO Solution 242,SEO,,,Improves organic search visibility and website performance scores.," 9,583 ",Freemium,https://apps.shopify.com/solution-242
243,Pro Marketing Solution 243,Marketing,,,Automates customer communication and campaign attribution.," 9,549 ",Free plan available,https://apps.shopify.com/solution-243
244,Pro Sales Solution 244,Sales,,,Boosts average order value with conversion-focused UI elements.," 9,515 ",Freemium,https://apps.shopify.com/solution-244
245,Pro Support Solution 245,Support,,,Centralizes customer queries into a single helpdesk interface.," 9,481 ",Free plan available,https://apps.shopify.com/solution-245
246,Pro Design Solution 246,Design,,,Enhances store aesthetics with drag-and-drop themes and pages.," 9,448 ",from $29/mo,https://apps.shopify.com/solution-246
247,Pro Fulfillment Solution 247,Fulfillment,,,Streamlines shipping workflows and delivery time tracking.," 9,415 ",Freemium,https://apps.shopify.com/solution-247
248,Pro Inventory Solution 248,Inventory,,,Syncs stock levels across multiple warehouses and channels.," 9,382 ",Freemium,https://apps.shopify.com/solution-248
249,Pro Analytics Solution 249,Analytics,,,Provides data-driven insights into sales and customer cohorts.," 9,349 ",from $9.99/mo,https://apps.shopify.com/solution-249
250,Pro Legal Solution 250,Legal,,,Ensures store compliance with privacy and tax regulations.," 9,317 ",from $29/mo,https://apps.shopify.com/solution-250
251,Pro Subscriptions Solution 251,Subscriptions,,,Manages recurring revenue and customer billing flows.," 9,285 ",Free,https://apps.shopify.com/solution-251
252,Pro Dropshipping Solution 252,Dropshipping,,,Automates product sourcing and third-party fulfillment.," 9,253 ",Free,https://apps.shopify.com/solution-252
253,Pro SEO Solution 253,SEO,,,Improves organic search visibility and website performance scores.," 9,222 ",from $29/mo,https://apps.shopify.com/solution-253
254,Pro Marketing Solution 254,Marketing,,,Automates customer communication and campaign attribution.," 9,190 ",Freemium,https://apps.shopify.com/solution-254
255,Pro Sales Solution 255,Sales,,,Boosts average order value with conversion-focused UI elements.," 9,159 ",Freemium,https://apps.shopify.com/solution-255
256,Pro Support Solution 256,Support,,,Centralizes customer queries into a single helpdesk interface.," 9,128 ",from $9.99/mo,https://apps.shopify.com/solution-256
257,Pro Design Solution 257,Design,,,Enhances store aesthetics with drag-and-drop themes and pages.," 9,097 ",Free,https://apps.shopify.com/solution-257
258,Pro Fulfillment Solution 258,Fulfillment,,,Streamlines shipping workflows and delivery time tracking.," 9,067 ",Free,https://apps.shopify.com/solution-258
259,Pro Inventory Solution 259,Inventory,,,Syncs stock levels across multiple warehouses and channels.," 9,037 ",Free plan available,https://apps.shopify.com/solution-259
260,Pro Analytics Solution 260,Analytics,,,Provides data-driven insights into sales and customer cohorts.," 9,007 ",Freemium,https://apps.shopify.com/solution-260
261,Pro Legal Solution 261,Legal,,,Ensures store compliance with privacy and tax regulations.," 8,977 ",Free,https://apps.shopify.com/solution-261
262,Pro Subscriptions Solution 262,Subscriptions,,,Manages recurring revenue and customer billing flows.," 8,947 ",Freemium,https://apps.shopify.com/solution-262
263,Pro Dropshipping Solution 263,Dropshipping,,,Automates product sourcing and third-party fulfillment.," 8,918 ",from $29/mo,https://apps.shopify.com/solution-263
264,Pro SEO Solution 264,SEO,,,Improves organic search visibility and website performance scores.," 8,889 ",from $29/mo,https://apps.shopify.com/solution-264
265,Pro Marketing Solution 265,Marketing,,,Automates customer communication and campaign attribution.," 8,860 ",Free,https://apps.shopify.com/solution-265
266,Pro Sales Solution 266,Sales,,,Boosts average order value with conversion-focused UI elements.," 8,831 ",from $9.99/mo,https://apps.shopify.com/solution-266
267,Pro Support Solution 267,Support,,,Centralizes customer queries into a single helpdesk interface.," 8,802 ",from $9.99/mo,https://apps.shopify.com/solution-267
268,Pro Design Solution 268,Design,,,Enhances store aesthetics with drag-and-drop themes and pages.," 8,774 ",from $29/mo,https://apps.shopify.com/solution-268
269,Pro Fulfillment Solution 269,Fulfillment,,,Streamlines shipping workflows and delivery time tracking.," 8,746 ",Free,https://apps.shopify.com/solution-269
270,Pro Inventory Solution 270,Inventory,,,Syncs stock levels across multiple warehouses and channels.," 8,718 ",Free,https://apps.shopify.com/solution-270
271,Pro Analytics Solution 271,Analytics,,,Provides data-driven insights into sales and customer cohorts.," 8,690 ",from $9.99/mo,https://apps.shopify.com/solution-271
272,Pro Legal Solution 272,Legal,,,Ensures store compliance with privacy and tax regulations.," 8,662 ",from $29/mo,https://apps.shopify.com/solution-272
273,Pro Subscriptions Solution 273,Subscriptions,,,Manages recurring revenue and customer billing flows.," 8,635 ",from $9.99/mo,https://apps.shopify.com/solution-273
274,Pro Dropshipping Solution 274,Dropshipping,,,Automates product sourcing and third-party fulfillment.," 8,608 ",Free plan available,https://apps.shopify.com/solution-274
275,Pro SEO Solution 275,SEO,,,Improves organic search visibility and website performance scores.," 8,581 ",Free,https://apps.shopify.com/solution-275
276,Pro Marketing Solution 276,Marketing,,,Automates customer communication and campaign attribution.," 8,554 ",Free plan available,https://apps.shopify.com/solution-276
277,Pro Sales Solution 277,Sales,,,Boosts average order value with conversion-focused UI elements.," 8,527 ",Freemium,https://apps.shopify.com/solution-277
278,Pro Support Solution 278,Support,,,Centralizes customer queries into a single helpdesk interface.," 8,500 ",Free plan available,https://apps.shopify.com/solution-278
279,Pro Design Solution 279,Design,,,Enhances store aesthetics with drag-and-drop themes and pages.," 8,474 ",from $9.99/mo,https://apps.shopify.com/solution-279
280,Pro Fulfillment Solution 280,Fulfillment,,,Streamlines shipping workflows and delivery time tracking.," 8,448 ",Free plan available,https://apps.shopify.com/solution-280
281,Pro Inventory Solution 281,Inventory,,,Syncs stock levels across multiple warehouses and channels.," 8,422 ",Freemium,https://apps.shopify.com/solution-281
282,Pro Analytics Solution 282,Analytics,,,Provides data-driven insights into sales and customer cohorts.," 8,396 ",Freemium,https://apps.shopify.com/solution-282
283,Pro Legal Solution 283,Legal,,,Ensures store compliance with privacy and tax regulations.," 8,371 ",from $9.99/mo,https://apps.shopify.com/solution-283
284,Pro Subscriptions Solution 284,Subscriptions,,,Manages recurring revenue and customer billing flows.," 8,345 ",from $29/mo,https://apps.shopify.com/solution-284
285,Pro Dropshipping Solution 285,Dropshipping,,,Automates product sourcing and third-party fulfillment.," 8,320 ",Freemium,https://apps.shopify.com/solution-285
286,Pro SEO Solution 286,SEO,,,Improves organic search visibility and website performance scores.," 8,295 ",from $29/mo,https://apps.shopify.com/solution-286
287,Pro Marketing Solution 287,Marketing,,,Automates customer communication and campaign attribution.," 8,270 ",Free plan available,https://apps.shopify.com/solution-287
288,Pro Sales Solution 288,Sales,,,Boosts average order value with conversion-focused UI elements.," 8,245 ",Freemium,https://apps.shopify.com/solution-288
289,Pro Support Solution 289,Support,,,Centralizes customer queries into a single helpdesk interface.," 8,220 ",from $9.99/mo,https://apps.shopify.com/solution-289
290,Pro Design Solution 290,Design,,,Enhances store aesthetics with drag-and-drop themes and pages.," 8,196 ",Free,https://apps.shopify.com/solution-290
291,Pro Fulfillment Solution 291,Fulfillment,,,Streamlines shipping workflows and delivery time tracking.," 8,171 ",from $9.99/mo,https://apps.shopify.com/solution-291
292,Pro Inventory Solution 292,Inventory,,,Syncs stock levels across multiple warehouses and channels.," 8,147 ",Free plan available,https://apps.shopify.com/solution-292
293,Pro Analytics Solution 293,Analytics,,,Provides data-driven insights into sales and customer cohorts.," 8,123 ",Free,https://apps.shopify.com/solution-293
294,Pro Legal Solution 294,Legal,,,Ensures store compliance with privacy and tax regulations.," 8,099 ",from $9.99/mo,https://apps.shopify.com/solution-294
295,Pro Subscriptions Solution 295,Subscriptions,,,Manages recurring revenue and customer billing flows.," 8,075 ",from $9.99/mo,https://apps.shopify.com/solution-295
296,Pro Dropshipping Solution 296,Dropshipping,,,Automates product sourcing and third-party fulfillment.," 8,052 ",from $29/mo,https://apps.shopify.com/solution-296
297,Pro SEO Solution 297,SEO,,,Improves organic search visibility and website performance scores.," 8,028 ",Freemium,https://apps.shopify.com/solution-297
298,Pro Marketing Solution 298,Marketing,,,Automates customer communication and campaign attribution.," 8,005 ",Free plan available,https://apps.shopify.com/solution-298
299,Pro Sales Solution 299,Sales,,,Boosts average order value with conversion-focused UI elements.," 7,982 ",from $29/mo,https://apps.shopify.com/solution-299
300,Pro Support Solution 300,Support,,,Centralizes customer queries into a single helpdesk interface.," 7,959 ",Free,https://apps.shopify.com/solution-300
301,Pro Design Solution 301,Design,,,Enhances store aesthetics with drag-and-drop themes and pages.," 7,936 ",Free,https://apps.shopify.com/solution-301
302,Pro Fulfillment Solution 302,Fulfillment,,,Streamlines shipping workflows and delivery time tracking.," 7,913 ",from $9.99/mo,https://apps.shopify.com/solution-302
303,Pro Inventory Solution 303,Inventory,,,Syncs stock levels across multiple warehouses and channels.," 7,891 ",Free plan available,https://apps.shopify.com/solution-303
304,Pro Analytics Solution 304,Analytics,,,Provides data-driven insights into sales and customer cohorts.," 7,868 ",Free,https://apps.shopify.com/solution-304
305,Pro Legal Solution 305,Legal,,,Ensures store compliance with privacy and tax regulations.," 7,846 ",Free plan available,https://apps.shopify.com/solution-305
306,Pro Subscriptions Solution 306,Subscriptions,,,Manages recurring revenue and customer billing flows.," 7,824 ",from $9.99/mo,https://apps.shopify.com/solution-306
307,Pro Dropshipping Solution 307,Dropshipping,,,Automates product sourcing and third-party fulfillment.," 7,802 ",from $29/mo,https://apps.shopify.com/solution-307
308,Pro SEO Solution 308,SEO,,,Improves organic search visibility and website performance scores.," 7,780 ",from $9.99/mo,https://apps.shopify.com/solution-308
309,Pro Marketing Solution 309,Marketing,,,Automates customer communication and campaign attribution.," 7,758 ",Freemium,https://apps.shopify.com/solution-309
310,Pro Sales Solution 310,Sales,,,Boosts average order value with conversion-focused UI elements.," 7,737 ",Free plan available,https://apps.shopify.com/solution-310
311,Pro Support Solution 311,Support,,,Centralizes customer queries into a single helpdesk interface.," 7,715 ",from $9.99/mo,https://apps.shopify.com/solution-311
312,Pro Design Solution 312,Design,,,Enhances store aesthetics with drag-and-drop themes and pages.," 7,694 ",Free,https://apps.shopify.com/solution-312
313,Pro Fulfillment Solution 313,Fulfillment,,,Streamlines shipping workflows and delivery time tracking.," 7,673 ",Freemium,https://apps.shopify.com/solution-313
314,Pro Inventory Solution 314,Inventory,,,Syncs stock levels across multiple warehouses and channels.," 7,651 ",Free plan available,https://apps.shopify.com/solution-314
315,Pro Analytics Solution 315,Analytics,,,Provides data-driven insights into sales and customer cohorts.," 7,630 ",Free plan available,https://apps.shopify.com/solution-315
316,Pro Legal Solution 316,Legal,,,Ensures store compliance with privacy and tax regulations.," 7,610 ",Free plan available,https://apps.shopify.com/solution-316
317,Pro Subscriptions Solution 317,Subscriptions,,,Manages recurring revenue and customer billing flows.," 7,589 ",Freemium,https://apps.shopify.com/solution-317
318,Pro Dropshipping Solution 318,Dropshipping,,,Automates product sourcing and third-party fulfillment.," 7,568 ",Freemium,https://apps.shopify.com/solution-318
319,Pro SEO Solution 319,SEO,,,Improves organic search visibility and website performance scores.," 7,548 ",from $29/mo,https://apps.shopify.com/solution-319
320,Pro Marketing Solution 320,Marketing,,,Automates customer communication and campaign attribution.," 7,527 ",Free plan available,https://apps.shopify.com/solution-320
321,Pro Sales Solution 321,Sales,,,Boosts average order value with conversion-focused UI elements.," 7,507 ",Free,https://apps.shopify.com/solution-321
322,Pro Support Solution 322,Support,,,Centralizes customer queries into a single helpdesk interface.," 7,487 ",from $9.99/mo,https://apps.shopify.com/solution-322
323,Pro Design Solution 323,Design,,,Enhances store aesthetics with drag-and-drop themes and pages.," 7,467 ",Freemium,https://apps.shopify.com/solution-323
324,Pro Fulfillment Solution 324,Fulfillment,,,Streamlines shipping workflows and delivery time tracking.," 7,447 ",from $9.99/mo,https://apps.shopify.com/solution-324
325,Pro Inventory Solution 325,Inventory,,,Syncs stock levels across multiple warehouses and channels.," 7,427 ",Free plan available,https://apps.shopify.com/solution-325
326,Pro Analytics Solution 326,Analytics,,,Provides data-driven insights into sales and customer cohorts.," 7,407 ",from $29/mo,https://apps.shopify.com/solution-326
327,Pro Legal Solution 327,Legal,,,Ensures store compliance with privacy and tax regulations.," 7,388 ",from $29/mo,https://apps.shopify.com/solution-327
328,Pro Subscriptions Solution 328,Subscriptions,,,Manages recurring revenue and customer billing flows.," 7,368 ",from $9.99/mo,https://apps.shopify.com/solution-328
329,Pro Dropshipping Solution 329,Dropshipping,,,Automates product sourcing and third-party fulfillment.," 7,349 ",Free plan available,https://apps.shopify.com/solution-329
330,Pro SEO Solution 330,SEO,,,Improves organic search visibility and website performance scores.," 7,330 ",Free plan available,https://apps.shopify.com/solution-330
331,Pro Marketing Solution 331,Marketing,,,Automates customer communication and campaign attribution.," 7,311 ",from $29/mo,https://apps.shopify.com/solution-331
332,Pro Sales Solution 332,Sales,,,Boosts average order value with conversion-focused UI elements.," 7,292 ",Freemium,https://apps.shopify.com/solution-332
333,Pro Support Solution 333,Support,,,Centralizes customer queries into a single helpdesk interface.," 7,273 ",Freemium,https://apps.shopify.com/solution-333
334,Pro Design Solution 334,Design,,,Enhances store aesthetics with drag-and-drop themes and pages.," 7,254 ",Freemium,https://apps.shopify.com/solution-334
335,Pro Fulfillment Solution 335,Fulfillment,,,Streamlines shipping workflows and delivery time tracking.," 7,235 ",Free,https://apps.shopify.com/solution-335
336,Pro Inventory Solution 336,Inventory,,,Syncs stock levels across multiple warehouses and channels.," 7,217 ",Free plan available,https://apps.shopify.com/solution-336
337,Pro Analytics Solution 337,Analytics,,,Provides data-driven insights into sales and customer cohorts.," 7,198 ",from $29/mo,https://apps.shopify.com/solution-337
338,Pro Legal Solution 338,Legal,,,Ensures store compliance with privacy and tax regulations.," 7,180 ",Free,https://apps.shopify.com/solution-338
339,Pro Subscriptions Solution 339,Subscriptions,,,Manages recurring revenue and customer billing flows.," 7,161 ",Free plan available,https://apps.shopify.com/solution-339
340,Pro Dropshipping Solution 340,Dropshipping,,,Automates product sourcing and third-party fulfillment.," 7,143 ",Free,https://apps.shopify.com/solution-340
341,Pro SEO Solution 341,SEO,,,Improves organic search visibility and website performance scores.," 7,125 ",Freemium,https://apps.shopify.com/solution-341
342,Pro Marketing Solution 342,Marketing,,,Automates customer communication and campaign attribution.," 7,107 ",from $29/mo,https://apps.shopify.com/solution-342
343,Pro Sales Solution 343,Sales,,,Boosts average order value with conversion-focused UI elements.," 7,089 ",from $29/mo,https://apps.shopify.com/solution-343
344,Pro Support Solution 344,Support,,,Centralizes customer queries into a single helpdesk interface.," 7,071 ",from $29/mo,https://apps.shopify.com/solution-344
345,Pro Design Solution 345,Design,,,Enhances store aesthetics with drag-and-drop themes and pages.," 7,054 ",Free plan available,https://apps.shopify.com/solution-345
346,Pro Fulfillment Solution 346,Fulfillment,,,Streamlines shipping workflows and delivery time tracking.," 7,036 ",Freemium,https://apps.shopify.com/solution-346
347,Pro Inventory Solution 347,Inventory,,,Syncs stock levels across multiple warehouses and channels.," 7,018 ",Freemium,https://apps.shopify.com/solution-347
348,Pro Analytics Solution 348,Analytics,,,Provides data-driven insights into sales and customer cohorts.," 7,001 ",Free plan available,https://apps.shopify.com/solution-348
349,Pro Legal Solution 349,Legal,,,Ensures store compliance with privacy and tax regulations.," 6,984 ",Freemium,https://apps.shopify.com/solution-349
350,Pro Subscriptions Solution 350,Subscriptions,,,Manages recurring revenue and customer billing flows.," 6,966 ",from $9.99/mo,https://apps.shopify.com/solution-350
351,Pro Dropshipping Solution 351,Dropshipping,,,Automates product sourcing and third-party fulfillment.," 6,949 ",Free plan available,https://apps.shopify.com/solution-351
352,Pro SEO Solution 352,SEO,,,Improves organic search visibility and website performance scores.," 6,932 ",Free,https://apps.shopify.com/solution-352
353,Pro Marketing Solution 353,Marketing,,,Automates customer communication and campaign attribution.," 6,915 ",from $9.99/mo,https://apps.shopify.com/solution-353
354,Pro Sales Solution 354,Sales,,,Boosts average order value with conversion-focused UI elements.," 6,898 ",from $9.99/mo,https://apps.shopify.com/solution-354
355,Pro Support Solution 355,Support,,,Centralizes customer queries into a single helpdesk interface.," 6,882 ",Free,https://apps.shopify.com/solution-355
356,Pro Design Solution 356,Design,,,Enhances store aesthetics with drag-and-drop themes and pages.," 6,865 ",Freemium,https://apps.shopify.com/solution-356
357,Pro Fulfillment Solution 357,Fulfillment,,,Streamlines shipping workflows and delivery time tracking.," 6,848 ",from $29/mo,https://apps.shopify.com/solution-357
358,Pro Inventory Solution 358,Inventory,,,Syncs stock levels across multiple warehouses and channels.," 6,832 ",Free,https://apps.shopify.com/solution-358
359,Pro Analytics Solution 359,Analytics,,,Provides data-driven insights into sales and customer cohorts.," 6,815 ",Free,https://apps.shopify.com/solution-359
360,Pro Legal Solution 360,Legal,,,Ensures store compliance with privacy and tax regulations.," 6,799 ",Freemium,https://apps.shopify.com/solution-360
361,Pro Subscriptions Solution 361,Subscriptions,,,Manages recurring revenue and customer billing flows.," 6,783 ",from $9.99/mo,https://apps.shopify.com/solution-361
362,Pro Dropshipping Solution 362,Dropshipping,,,Automates product sourcing and third-party fulfillment.," 6,766 ",from $9.99/mo,https://apps.shopify.com/solution-362
363,Pro SEO Solution 363,SEO,,,Improves organic search visibility and website performance scores.," 6,750 ",Free plan available,https://apps.shopify.com/solution-363
364,Pro Marketing Solution 364,Marketing,,,Automates customer communication and campaign attribution.," 6,734 ",Free,https://apps.shopify.com/solution-364
365,Pro Sales Solution 365,Sales,,,Boosts average order value with conversion-focused UI elements.," 6,718 ",Freemium,https://apps.shopify.com/solution-365
366,Pro Support Solution 366,Support,,,Centralizes customer queries into a single helpdesk interface.," 6,702 ",Free plan available,https://apps.shopify.com/solution-366
367,Pro Design Solution 367,Design,,,Enhances store aesthetics with drag-and-drop themes and pages.," 6,687 ",Free,https://apps.shopify.com/solution-367
368,Pro Fulfillment Solution 368,Fulfillment,,,Streamlines shipping workflows and delivery time tracking.," 6,671 ",Free,https://apps.shopify.com/solution-368
369,Pro Inventory Solution 369,Inventory,,,Syncs stock levels across multiple warehouses and channels.," 6,655 ",from $29/mo,https://apps.shopify.com/solution-369
370,Pro Analytics Solution 370,Analytics,,,Provides data-driven insights into sales and customer cohorts.," 6,640 ",Free plan available,https://apps.shopify.com/solution-370
371,Pro Legal Solution 371,Legal,,,Ensures store compliance with privacy and tax regulations.," 6,624 ",Free,https://apps.shopify.com/solution-371
372,Pro Subscriptions Solution 372,Subscriptions,,,Manages recurring revenue and customer billing flows.," 6,609 ",Free,https://apps.shopify.com/solution-372
373,Pro Dropshipping Solution 373,Dropshipping,,,Automates product sourcing and third-party fulfillment.," 6,594 ",Freemium,https://apps.shopify.com/solution-373
374,Pro SEO Solution 374,SEO,,,Improves organic search visibility and website performance scores.," 6,578 ",from $29/mo,https://apps.shopify.com/solution-374
375,Pro Marketing Solution 375,Marketing,,,Automates customer communication and campaign attribution.," 6,563 ",Free plan available,https://apps.shopify.com/solution-375
376,Pro Sales Solution 376,Sales,,,Boosts average order value with conversion-focused UI elements.," 6,548 ",Freemium,https://apps.shopify.com/solution-376
377,Pro Support Solution 377,Support,,,Centralizes customer queries into a single helpdesk interface.," 6,533 ",Free plan available,https://apps.shopify.com/solution-377
378,Pro Design Solution 378,Design,,,Enhances store aesthetics with drag-and-drop themes and pages.," 6,518 ",from $29/mo,https://apps.shopify.com/solution-378
379,Pro Fulfillment Solution 379,Fulfillment,,,Streamlines shipping workflows and delivery time tracking.," 6,503 ",from $29/mo,https://apps.shopify.com/solution-379
380,Pro Inventory Solution 380,Inventory,,,Syncs stock levels across multiple warehouses and channels.," 6,488 ",from $29/mo,https://apps.shopify.com/solution-380
381,Pro Analytics Solution 381,Analytics,,,Provides data-driven insights into sales and customer cohorts.," 6,474 ",Freemium,https://apps.shopify.com/solution-381
382,Pro Legal Solution 382,Legal,,,Ensures store compliance with privacy and tax regulations.," 6,459 ",from $9.99/mo,https://apps.shopify.com/solution-382
383,Pro Subscriptions Solution 383,Subscriptions,,,Manages recurring revenue and customer billing flows.," 6,445 ",from $9.99/mo,https://apps.shopify.com/solution-383
384,Pro Dropshipping Solution 384,Dropshipping,,,Automates product sourcing and third-party fulfillment.," 6,430 ",from $29/mo,https://apps.shopify.com/solution-384
385,Pro SEO Solution 385,SEO,,,Improves organic search visibility and website performance scores.," 6,416 ",Free,https://apps.shopify.com/solution-385
386,Pro Marketing Solution 386,Marketing,,,Automates customer communication and campaign attribution.," 6,401 ",Freemium,https://apps.shopify.com/solution-386
387,Pro Sales Solution 387,Sales,,,Boosts average order value with conversion-focused UI elements.," 6,387 ",from $29/mo,https://apps.shopify.com/solution-387
388,Pro Support Solution 388,Support,,,Centralizes customer queries into a single helpdesk interface.," 6,373 ",Free plan available,https://apps.shopify.com/solution-388
389,Pro Design Solution 389,Design,,,Enhances store aesthetics with drag-and-drop themes and pages.," 6,359 ",Free plan available,https://apps.shopify.com/solution-389
390,Pro Fulfillment Solution 390,Fulfillment,,,Streamlines shipping workflows and delivery time tracking.," 6,344 ",Free plan available,https://apps.shopify.com/solution-390
391,Pro Inventory Solution 391,Inventory,,,Syncs stock levels across multiple warehouses and channels.," 6,330 ",Free plan available,https://apps.shopify.com/solution-391
392,Pro Analytics Solution 392,Analytics,,,Provides data-driven insights into sales and customer cohorts.," 6,316 ",from $29/mo,https://apps.shopify.com/solution-392
393,Pro Legal Solution 393,Legal,,,Ensures store compliance with privacy and tax regulations.," 6,303 ",Free,https://apps.shopify.com/solution-393
394,Pro Subscriptions Solution 394,Subscriptions,,,Manages recurring revenue and customer billing flows.," 6,289 ",Free plan available,https://apps.shopify.com/solution-394
395,Pro Dropshipping Solution 395,Dropshipping,,,Automates product sourcing and third-party fulfillment.," 6,275 ",Free,https://apps.shopify.com/solution-395
396,Pro SEO Solution 396,SEO,,,Improves organic search visibility and website performance scores.," 6,261 ",Freemium,https://apps.shopify.com/solution-396
397,Pro Marketing Solution 397,Marketing,,,Automates customer communication and campaign attribution.," 6,248 ",Freemium,https://apps.shopify.com/solution-397
398,Pro Sales Solution 398,Sales,,,Boosts average order value with conversion-focused UI elements.," 6,234 ",from $29/mo,https://apps.shopify.com/solution-398
399,Pro Support Solution 399,Support,,,Centralizes customer queries into a single helpdesk interface.," 6,221 ",Freemium,https://apps.shopify.com/solution-399
400,Pro Design Solution 400,Design,,,Enhances store aesthetics with drag-and-drop themes and pages.," 6,207 ",Free plan available,https://apps.shopify.com/solution-400
401,Pro Fulfillment Solution 401,Fulfillment,,,Streamlines shipping workflows and delivery time tracking.," 6,194 ",Free plan available,https://apps.shopify.com/solution-401
402,Pro Inventory Solution 402,Inventory,,,Syncs stock levels across multiple warehouses and channels.," 6,180 ",Freemium,https://apps.shopify.com/solution-402
403,Pro Analytics Solution 403,Analytics,,,Provides data-driven insights into sales and customer cohorts.," 6,167 ",Free plan available,https://apps.shopify.com/solution-403
404,Pro Legal Solution 404,Legal,,,Ensures store compliance with privacy and tax regulations.," 6,154 ",from $9.99/mo,https://apps.shopify.com/solution-404
405,Pro Subscriptions Solution 405,Subscriptions,,,Manages recurring revenue and customer billing flows.," 6,141 ",from $29/mo,https://apps.shopify.com/solution-405
406,Pro Dropshipping Solution 406,Dropshipping,,,Automates product sourcing and third-party fulfillment.," 6,128 ",Free,https://apps.shopify.com/solution-406
407,Pro SEO Solution 407,SEO,,,Improves organic search visibility and website performance scores.," 6,115 ",Free,https://apps.shopify.com/solution-407
408,Pro Marketing Solution 408,Marketing,,,Automates customer communication and campaign attribution.," 6,102 ",Free plan available,https://apps.shopify.com/solution-408
409,Pro Sales Solution 409,Sales,,,Boosts average order value with conversion-focused UI elements.," 6,089 ",Free plan available,https://apps.shopify.com/solution-409
410,Pro Support Solution 410,Support,,,Centralizes customer queries into a single helpdesk interface.," 6,076 ",from $29/mo,https://apps.shopify.com/solution-410
411,Pro Design Solution 411,Design,,,Enhances store aesthetics with drag-and-drop themes and pages.," 6,063 ",Freemium,https://apps.shopify.com/solution-411
412,Pro Fulfillment Solution 412,Fulfillment,,,Streamlines shipping workflows and delivery time tracking.," 6,051 ",Free,https://apps.shopify.com/solution-412
413,Pro Inventory Solution 413,Inventory,,,Syncs stock levels across multiple warehouses and channels.," 6,038 ",Free,https://apps.shopify.com/solution-413
414,Pro Analytics Solution 414,Analytics,,,Provides data-driven insights into sales and customer cohorts.," 6,025 ",from $29/mo,https://apps.shopify.com/solution-414
415,Pro Legal Solution 415,Legal,,,Ensures store compliance with privacy and tax regulations.," 6,013 ",Freemium,https://apps.shopify.com/solution-415
416,Pro Subscriptions Solution 416,Subscriptions,,,Manages recurring revenue and customer billing flows.," 6,000 ",Free,https://apps.shopify.com/solution-416
417,Pro Dropshipping Solution 417,Dropshipping,,,Automates product sourcing and third-party fulfillment.," 5,988 ",Freemium,https://apps.shopify.com/solution-417
418,Pro SEO Solution 418,SEO,,,Improves organic search visibility and website performance scores.," 5,975 ",from $29/mo,https://apps.shopify.com/solution-418
419,Pro Marketing Solution 419,Marketing,,,Automates customer communication and campaign attribution.," 5,963 ",Free plan available,https://apps.shopify.com/solution-419
420,Pro Sales Solution 420,Sales,,,Boosts average order value with conversion-focused UI elements.," 5,951 ",from $9.99/mo,https://apps.shopify.com/solution-420
421,Pro Support Solution 421,Support,,,Centralizes customer queries into a single helpdesk interface.," 5,939 ",Free,https://apps.shopify.com/solution-421
422,Pro Design Solution 422,Design,,,Enhances store aesthetics with drag-and-drop themes and pages.," 5,927 ",from $9.99/mo,https://apps.shopify.com/solution-422
423,Pro Fulfillment Solution 423,Fulfillment,,,Streamlines shipping workflows and delivery time tracking.," 5,914 ",Free plan available,https://apps.shopify.com/solution-423
424,Pro Inventory Solution 424,Inventory,,,Syncs stock levels across multiple warehouses and channels.," 5,902 ",from $9.99/mo,https://apps.shopify.com/solution-424
425,Pro Analytics Solution 425,Analytics,,,Provides data-driven insights into sales and customer cohorts.," 5,890 ",Freemium,https://apps.shopify.com/solution-425
426,Pro Legal Solution 426,Legal,,,Ensures store compliance with privacy and tax regulations.," 5,878 ",Freemium,https://apps.shopify.com/solution-426
427,Pro Subscriptions Solution 427,Subscriptions,,,Manages recurring revenue and customer billing flows.," 5,866 ",Free,https://apps.shopify.com/solution-427
428,Pro Dropshipping Solution 428,Dropshipping,,,Automates product sourcing and third-party fulfillment.," 5,855 ",from $9.99/mo,https://apps.shopify.com/solution-428
429,Pro SEO Solution 429,SEO,,,Improves organic search visibility and website performance scores.," 5,843 ",from $29/mo,https://apps.shopify.com/solution-429
430,Pro Marketing Solution 430,Marketing,,,Automates customer communication and campaign attribution.," 5,831 ",from $9.99/mo,https://apps.shopify.com/solution-430
431,Pro Sales Solution 431,Sales,,,Boosts average order value with conversion-focused UI elements.," 5,819 ",Free,https://apps.shopify.com/solution-431
432,Pro Support Solution 432,Support,,,Centralizes customer queries into a single helpdesk interface.," 5,808 ",Free,https://apps.shopify.com/solution-432
433,Pro Design Solution 433,Design,,,Enhances store aesthetics with drag-and-drop themes and pages.," 5,796 ",from $9.99/mo,https://apps.shopify.com/solution-433
434,Pro Fulfillment Solution 434,Fulfillment,,,Streamlines shipping workflows and delivery time tracking.," 5,785 ",Free,https://apps.shopify.com/solution-434
435,Pro Inventory Solution 435,Inventory,,,Syncs stock levels across multiple warehouses and channels.," 5,773 ",Freemium,https://apps.shopify.com/solution-435
436,Pro Analytics Solution 436,Analytics,,,Provides data-driven insights into sales and customer cohorts.," 5,762 ",Free plan available,https://apps.shopify.com/solution-436
437,Pro Legal Solution 437,Legal,,,Ensures store compliance with privacy and tax regulations.," 5,750 ",Freemium,https://apps.shopify.com/solution-437
438,Pro Subscriptions Solution 438,Subscriptions,,,Manages recurring revenue and customer billing flows.," 5,739 ",from $29/mo,https://apps.shopify.com/solution-438
439,Pro Dropshipping Solution 439,Dropshipping,,,Automates product sourcing and third-party fulfillment.," 5,728 ",from $9.99/mo,https://apps.shopify.com/solution-439
440,Pro SEO Solution 440,SEO,,,Improves organic search visibility and website performance scores.," 5,716 ",Free plan available,https://apps.shopify.com/solution-440
441,Pro Marketing Solution 441,Marketing,,,Automates customer communication and campaign attribution.," 5,705 ",Freemium,https://apps.shopify.com/solution-441
442,Pro Sales Solution 442,Sales,,,Boosts average order value with conversion-focused UI elements.," 5,694 ",Free plan available,https://apps.shopify.com/solution-442
443,Pro Support Solution 443,Support,,,Centralizes customer queries into a single helpdesk interface.," 5,683 ",Freemium,https://apps.shopify.com/solution-443
444,Pro Design Solution 444,Design,,,Enhances store aesthetics with drag-and-drop themes and pages.," 5,672 ",from $29/mo,https://apps.shopify.com/solution-444
445,Pro Fulfillment Solution 445,Fulfillment,,,Streamlines shipping workflows and delivery time tracking.," 5,661 ",from $9.99/mo,https://apps.shopify.com/solution-445
446,Pro Inventory Solution 446,Inventory,,,Syncs stock levels across multiple warehouses and channels.," 5,650 ",from $29/mo,https://apps.shopify.com/solution-446
447,Pro Analytics Solution 447,Analytics,,,Provides data-driven insights into sales and customer cohorts.," 5,639 ",Freemium,https://apps.shopify.com/solution-447
448,Pro Legal Solution 448,Legal,,,Ensures store compliance with privacy and tax regulations.," 5,628 ",Free,https://apps.shopify.com/solution-448
449,Pro Subscriptions Solution 449,Subscriptions,,,Manages recurring revenue and customer billing flows.," 5,617 ",Free plan available,https://apps.shopify.com/solution-449
450,Pro Dropshipping Solution 450,Dropshipping,,,Automates product sourcing and third-party fulfillment.," 5,606 ",from $9.99/mo,https://apps.shopify.com/solution-450
451,Pro SEO Solution 451,SEO,,,Improves organic search visibility and website performance scores.," 5,596 ",from $9.99/mo,https://apps.shopify.com/solution-451
452,Pro Marketing Solution 452,Marketing,,,Automates customer communication and campaign attribution.," 5,585 ",Free,https://apps.shopify.com/solution-452
453,Pro Sales Solution 453,Sales,,,Boosts average order value with conversion-focused UI elements.," 5,574 ",from $29/mo,https://apps.shopify.com/solution-453
454,Pro Support Solution 454,Support,,,Centralizes customer queries into a single helpdesk interface.," 5,564 ",Freemium,https://apps.shopify.com/solution-454
455,Pro Design Solution 455,Design,,,Enhances store aesthetics with drag-and-drop themes and pages.," 5,553 ",Free plan available,https://apps.shopify.com/solution-455
456,Pro Fulfillment Solution 456,Fulfillment,,,Streamlines shipping workflows and delivery time tracking.," 5,543 ",Freemium,https://apps.shopify.com/solution-456
457,Pro Inventory Solution 457,Inventory,,,Syncs stock levels across multiple warehouses and channels.," 5,532 ",from $29/mo,https://apps.shopify.com/solution-457
458,Pro Analytics Solution 458,Analytics,,,Provides data-driven insights into sales and customer cohorts.," 5,522 ",Freemium,https://apps.shopify.com/solution-458
459,Pro Legal Solution 459,Legal,,,Ensures store compliance with privacy and tax regulations.," 5,511 ",Free plan available,https://apps.shopify.com/solution-459
460,Pro Subscriptions Solution 460,Subscriptions,,,Manages recurring revenue and customer billing flows.," 5,501 ",Free,https://apps.shopify.com/solution-460
461,Pro Dropshipping Solution 461,Dropshipping,,,Automates product sourcing and third-party fulfillment.," 5,491 ",Free,https://apps.shopify.com/solution-461
462,Pro SEO Solution 462,SEO,,,Improves organic search visibility and website performance scores.," 5,480 ",Free,https://apps.shopify.com/solution-462
463,Pro Marketing Solution 463,Marketing,,,Automates customer communication and campaign attribution.," 5,470 ",Free plan available,https://apps.shopify.com/solution-463
464,Pro Sales Solution 464,Sales,,,Boosts average order value with conversion-focused UI elements.," 5,460 ",Free,https://apps.shopify.com/solution-464
465,Pro Support Solution 465,Support,,,Centralizes customer queries into a single helpdesk interface.," 5,450 ",Freemium,https://apps.shopify.com/solution-465
466,Pro Design Solution 466,Design,,,Enhances store aesthetics with drag-and-drop themes and pages.," 5,440 ",Freemium,https://apps.shopify.com/solution-466
467,Pro Fulfillment Solution 467,Fulfillment,,,Streamlines shipping workflows and delivery time tracking.," 5,430 ",Free plan available,https://apps.shopify.com/solution-467
468,Pro Inventory Solution 468,Inventory,,,Syncs stock levels across multiple warehouses and channels.," 5,420 ",from $9.99/mo,https://apps.shopify.com/solution-468
469,Pro Analytics Solution 469,Analytics,,,Provides data-driven insights into sales and customer cohorts.," 5,410 ",Free,https://apps.shopify.com/solution-469
470,Pro Legal Solution 470,Legal,,,Ensures store compliance with privacy and tax regulations.," 5,400 ",Free plan available,https://apps.shopify.com/solution-470
471,Pro Subscriptions Solution 471,Subscriptions,,,Manages recurring revenue and customer billing flows.," 5,390 ",Freemium,https://apps.shopify.com/solution-471
472,Pro Dropshipping Solution 472,Dropshipping,,,Automates product sourcing and third-party fulfillment.," 5,380 ",from $29/mo,https://apps.shopify.com/solution-472
473,Pro SEO Solution 473,SEO,,,Improves organic search visibility and website performance scores.," 5,370 ",Free plan available,https://apps.shopify.com/solution-473
474,Pro Marketing Solution 474,Marketing,,,Automates customer communication and campaign attribution.," 5,360 ",Free plan available,https://apps.shopify.com/solution-474
475,Pro Sales Solution 475,Sales,,,Boosts average order value with conversion-focused UI elements.," 5,351 ",from $29/mo,https://apps.shopify.com/solution-475
476,Pro Support Solution 476,Support,,,Centralizes customer queries into a single helpdesk interface.," 5,341 ",Free,https://apps.shopify.com/solution-476
477,Pro Design Solution 477,Design,,,Enhances store aesthetics with drag-and-drop themes and pages.," 5,331 ",Freemium,https://apps.shopify.com/solution-477
478,Pro Fulfillment Solution 478,Fulfillment,,,Streamlines shipping workflows and delivery time tracking.," 5,321 ",from $9.99/mo,https://apps.shopify.com/solution-478
479,Pro Inventory Solution 479,Inventory,,,Syncs stock levels across multiple warehouses and channels.," 5,312 ",Freemium,https://apps.shopify.com/solution-479
480,Pro Analytics Solution 480,Analytics,,,Provides data-driven insights into sales and customer cohorts.," 5,302 ",from $29/mo,https://apps.shopify.com/solution-480
481,Pro Legal Solution 481,Legal,,,Ensures store compliance with privacy and tax regulations.," 5,293 ",from $9.99/mo,https://apps.shopify.com/solution-481
482,Pro Subscriptions Solution 482,Subscriptions,,,Manages recurring revenue and customer billing flows.," 5,283 ",Freemium,https://apps.shopify.com/solution-482
483,Pro Dropshipping Solution 483,Dropshipping,,,Automates product sourcing and third-party fulfillment.," 5,274 ",from $29/mo,https://apps.shopify.com/solution-483
484,Pro SEO Solution 484,SEO,,,Improves organic search visibility and website performance scores.," 5,264 ",Free,https://apps.shopify.com/solution-484
485,Pro Marketing Solution 485,Marketing,,,Automates customer communication and campaign attribution.," 5,255 ",Free,https://apps.shopify.com/solution-485
486,Pro Sales Solution 486,Sales,,,Boosts average order value with conversion-focused UI elements.," 5,246 ",from $9.99/mo,https://apps.shopify.com/solution-486
487,Pro Support Solution 487,Support,,,Centralizes customer queries into a single helpdesk interface.," 5,236 ",Freemium,https://apps.shopify.com/solution-487
488,Pro Design Solution 488,Design,,,Enhances store aesthetics with drag-and-drop themes and pages.," 5,227 ",from $29/mo,https://apps.shopify.com/solution-488
489,Pro Fulfillment Solution 489,Fulfillment,,,Streamlines shipping workflows and delivery time tracking.," 5,218 ",Freemium,https://apps.shopify.com/solution-489
490,Pro Inventory Solution 490,Inventory,,,Syncs stock levels across multiple warehouses and channels.," 5,209 ",Free plan available,https://apps.shopify.com/solution-490
491,Pro Analytics Solution 491,Analytics,,,Provides data-driven insights into sales and customer cohorts.," 5,200 ",from $9.99/mo,https://apps.shopify.com/solution-491
492,Pro Legal Solution 492,Legal,,,Ensures store compliance with privacy and tax regulations.," 5,190 ",from $9.99/mo,https://apps.shopify.com/solution-492
493,Pro Subscriptions Solution 493,Subscriptions,,,Manages recurring revenue and customer billing flows.," 5,181 ",Freemium,https://apps.shopify.com/solution-493
494,Pro Dropshipping Solution 494,Dropshipping,,,Automates product sourcing and third-party fulfillment.," 5,172 ",Free,https://apps.shopify.com/solution-494
495,Pro SEO Solution 495,SEO,,,Improves organic search visibility and website performance scores.," 5,163 ",Free plan available,https://apps.shopify.com/solution-495
496,Pro Marketing Solution 496,Marketing,,,Automates customer communication and campaign attribution.," 5,154 ",Freemium,https://apps.shopify.com/solution-496
497,Pro Sales Solution 497,Sales,,,Boosts average order value with conversion-focused UI elements.," 5,145 ",from $29/mo,https://apps.shopify.com/solution-497
498,Pro Support Solution 498,Support,,,Centralizes customer queries into a single helpdesk interface.," 5,136 ",from $29/mo,https://apps.shopify.com/solution-498
499,Pro Design Solution 499,Design,,,Enhances store aesthetics with drag-and-drop themes and pages.," 5,127 ",from $29/mo,https://apps.shopify.com/solution-499
500,Pro Fulfillment Solution 500,Fulfillment,,,Streamlines shipping workflows and delivery time tracking.," 5,119 ",from $9.99/mo,https://apps.shopify.com/solution-500
501,Pro Inventory Solution 501,Inventory,,,Syncs stock levels across multiple warehouses and channels.," 5,110 ",Free,https://apps.shopify.com/solution-501
502,Pro Analytics Solution 502,Analytics,,,Provides data-driven insights into sales and customer cohorts.," 5,101 ",Free,https://apps.shopify.com/solution-502
503,Pro Legal Solution 503,Legal,,,Ensures store compliance with privacy and tax regulations.," 5,092 ",Free,https://apps.shopify.com/solution-503
504,Pro Subscriptions Solution 504,Subscriptions,,,Manages recurring revenue and customer billing flows.," 5,083 ",from $9.99/mo,https://apps.shopify.com/solution-504
505,Pro Dropshipping Solution 505,Dropshipping,,,Automates product sourcing and third-party fulfillment.," 5,075 ",Free plan available,https://apps.shopify.com/solution-505
506,Pro SEO Solution 506,SEO,,,Improves organic search visibility and website performance scores.," 5,066 ",Free plan available,https://apps.shopify.com/solution-506
507,Pro Marketing Solution 507,Marketing,,,Automates customer communication and campaign attribution.," 5,057 ",Freemium,https://apps.shopify.com/solution-507
508,Pro Sales Solution 508,Sales,,,Boosts average order value with conversion-focused UI elements.," 5,049 ",from $9.99/mo,https://apps.shopify.com/solution-508
509,Pro Support Solution 509,Support,,,Centralizes customer queries into a single helpdesk interface.," 5,040 ",from $9.99/mo,https://apps.shopify.com/solution-509
510,Pro Design Solution 510,Design,,,Enhances store aesthetics with drag-and-drop themes and pages.," 5,032 ",from $9.99/mo,https://apps.shopify.com/solution-510
511,Pro Fulfillment Solution 511,Fulfillment,,,Streamlines shipping workflows and delivery time tracking.," 5,023 ",Freemium,https://apps.shopify.com/solution-511
512,Pro Inventory Solution 512,Inventory,,,Syncs stock levels across multiple warehouses and channels.," 5,015 ",Free,https://apps.shopify.com/solution-512
513,Pro Analytics Solution 513,Analytics,,,Provides data-driven insights into sales and customer cohorts.," 5,006 ",Free plan available,https://apps.shopify.com/solution-513
514,Pro Legal Solution 514,Legal,,,Ensures store compliance with privacy and tax regulations.," 4,998 ",Free,https://apps.shopify.com/solution-514
515,Pro Subscriptions Solution 515,Subscriptions,,,Manages recurring revenue and customer billing flows.," 4,989 ",from $9.99/mo,https://apps.shopify.com/solution-515
516,Pro Dropshipping Solution 516,Dropshipping,,,Automates product sourcing and third-party fulfillment.," 4,981 ",from $9.99/mo,https://apps.shopify.com/solution-516
517,Pro SEO Solution 517,SEO,,,Improves organic search visibility and website performance scores.," 4,973 ",Freemium,https://apps.shopify.com/solution-517
518,Pro Marketing Solution 518,Marketing,,,Automates customer communication and campaign attribution.," 4,964 ",Free plan available,https://apps.shopify.com/solution-518
519,Pro Sales Solution 519,Sales,,,Boosts average order value with conversion-focused UI elements.," 4,956 ",from $9.99/mo,https://apps.shopify.com/solution-519
520,Pro Support Solution 520,Support,,,Centralizes customer queries into a single helpdesk interface.," 4,948 ",from $29/mo,https://apps.shopify.com/solution-520
521,Pro Design Solution 521,Design,,,Enhances store aesthetics with drag-and-drop themes and pages.," 4,940 ",Free,https://apps.shopify.com/solution-521
522,Pro Fulfillment Solution 522,Fulfillment,,,Streamlines shipping workflows and delivery time tracking.," 4,932 ",from $29/mo,https://apps.shopify.com/solution-522
523,Pro Inventory Solution 523,Inventory,,,Syncs stock levels across multiple warehouses and channels.," 4,923 ",Free,https://apps.shopify.com/solution-523
524,Pro Analytics Solution 524,Analytics,,,Provides data-driven insights into sales and customer cohorts.," 4,915 ",from $9.99/mo,https://apps.shopify.com/solution-524
525,Pro Legal Solution 525,Legal,,,Ensures store compliance with privacy and tax regulations.," 4,907 ",Free,https://apps.shopify.com/solution-525
526,Pro Subscriptions Solution 526,Subscriptions,,,Manages recurring revenue and customer billing flows.," 4,899 ",from $9.99/mo,https://apps.shopify.com/solution-526
527,Pro Dropshipping Solution 527,Dropshipping,,,Automates product sourcing and third-party fulfillment.," 4,891 ",Free plan available,https://apps.shopify.com/solution-527
528,Pro SEO Solution 528,SEO,,,Improves organic search visibility and website performance scores.," 4,883 ",Freemium,https://apps.shopify.com/solution-528
529,Pro Marketing Solution 529,Marketing,,,Automates customer communication and campaign attribution.," 4,875 ",from $9.99/mo,https://apps.shopify.com/solution-529
530,Pro Sales Solution 530,Sales,,,Boosts average order value with conversion-focused UI elements.," 4,867 ",Free,https://apps.shopify.com/solution-530
531,Pro Support Solution 531,Support,,,Centralizes customer queries into a single helpdesk interface.," 4,859 ",from $29/mo,https://apps.shopify.com/solution-531
532,Pro Design Solution 532,Design,,,Enhances store aesthetics with drag-and-drop themes and pages.," 4,851 ",Free,https://apps.shopify.com/solution-532
533,Pro Fulfillment Solution 533,Fulfillment,,,Streamlines shipping workflows and delivery time tracking.," 4,843 ",from $9.99/mo,https://apps.shopify.com/solution-533
534,Pro Inventory Solution 534,Inventory,,,Syncs stock levels across multiple warehouses and channels.," 4,836 ",from $9.99/mo,https://apps.shopify.com/solution-534
535,Pro Analytics Solution 535,Analytics,,,Provides data-driven insights into sales and customer cohorts.," 4,828 ",Free plan available,https://apps.shopify.com/solution-535
536,Pro Legal Solution 536,Legal,,,Ensures store compliance with privacy and tax regulations.," 4,820 ",Free plan available,https://apps.shopify.com/solution-536
537,Pro Subscriptions Solution 537,Subscriptions,,,Manages recurring revenue and customer billing flows.," 4,812 ",from $9.99/mo,https://apps.shopify.com/solution-537
538,Pro Dropshipping Solution 538,Dropshipping,,,Automates product sourcing and third-party fulfillment.," 4,805 ",from $9.99/mo,https://apps.shopify.com/solution-538
539,Pro SEO Solution 539,SEO,,,Improves organic search visibility and website performance scores.," 4,797 ",from $29/mo,https://apps.shopify.com/solution-539
540,Pro Marketing Solution 540,Marketing,,,Automates customer communication and campaign attribution.," 4,789 ",Free,https://apps.shopify.com/solution-540
541,Pro Sales Solution 541,Sales,,,Boosts average order value with conversion-focused UI elements.," 4,782 ",Freemium,https://apps.shopify.com/solution-541
542,Pro Support Solution 542,Support,,,Centralizes customer queries into a single helpdesk interface.," 4,774 ",Free,https://apps.shopify.com/solution-542
543,Pro Design Solution 543,Design,,,Enhances store aesthetics with drag-and-drop themes and pages.," 4,766 ",Free,https://apps.shopify.com/solution-543
544,Pro Fulfillment Solution 544,Fulfillment,,,Streamlines shipping workflows and delivery time tracking.," 4,759 ",Free plan available,https://apps.shopify.com/solution-544
545,Pro Inventory Solution 545,Inventory,,,Syncs stock levels across multiple warehouses and channels.," 4,751 ",from $9.99/mo,https://apps.shopify.com/solution-545
546,Pro Analytics Solution 546,Analytics,,,Provides data-driven insights into sales and customer cohorts.," 4,744 ",from $9.99/mo,https://apps.shopify.com/solution-546
547,Pro Legal Solution 547,Legal,,,Ensures store compliance with privacy and tax regulations.," 4,736 ",Free,https://apps.shopify.com/solution-547
548,Pro Subscriptions Solution 548,Subscriptions,,,Manages recurring revenue and customer billing flows.," 4,729 ",from $29/mo,https://apps.shopify.com/solution-548
549,Pro Dropshipping Solution 549,Dropshipping,,,Automates product sourcing and third-party fulfillment.," 4,721 ",Free plan available,https://apps.shopify.com/solution-549
550,Pro SEO Solution 550,SEO,,,Improves organic search visibility and website performance scores.," 4,714 ",from $29/mo,https://apps.shopify.com/solution-550
551,Pro Marketing Solution 551,Marketing,,,Automates customer communication and campaign attribution.," 4,706 ",Free,https://apps.shopify.com/solution-551
552,Pro Sales Solution 552,Sales,,,Boosts average order value with conversion-focused UI elements.," 4,699 ",from $9.99/mo,https://apps.shopify.com/solution-552
553,Pro Support Solution 553,Support,,,Centralizes customer queries into a single helpdesk interface.," 4,692 ",Freemium,https://apps.shopify.com/solution-553
554,Pro Design Solution 554,Design,,,Enhances store aesthetics with drag-and-drop themes and pages.," 4,684 ",from $9.99/mo,https://apps.shopify.com/solution-554
555,Pro Fulfillment Solution 555,Fulfillment,,,Streamlines shipping workflows and delivery time tracking.," 4,677 ",Freemium,https://apps.shopify.com/solution-555
556,Pro Inventory Solution 556,Inventory,,,Syncs stock levels across multiple warehouses and channels.," 4,670 ",Freemium,https://apps.shopify.com/solution-556
557,Pro Analytics Solution 557,Analytics,,,Provides data-driven insights into sales and customer cohorts.," 4,663 ",Freemium,https://apps.shopify.com/solution-557
558,Pro Legal Solution 558,Legal,,,Ensures store compliance with privacy and tax regulations.," 4,655 ",Free plan available,https://apps.shopify.com/solution-558
559,Pro Subscriptions Solution 559,Subscriptions,,,Manages recurring revenue and customer billing flows.," 4,648 ",Free,https://apps.shopify.com/solution-559
560,Pro Dropshipping Solution 560,Dropshipping,,,Automates product sourcing and third-party fulfillment.," 4,641 ",from $9.99/mo,https://apps.shopify.com/solution-560
561,Pro SEO Solution 561,SEO,,,Improves organic search visibility and website performance scores.," 4,634 ",from $29/mo,https://apps.shopify.com/solution-561
562,Pro Marketing Solution 562,Marketing,,,Automates customer communication and campaign attribution.," 4,627 ",Free plan available,https://apps.shopify.com/solution-562
563,Pro Sales Solution 563,Sales,,,Boosts average order value with conversion-focused UI elements.," 4,620 ",from $29/mo,https://apps.shopify.com/solution-563
564,Pro Support Solution 564,Support,,,Centralizes customer queries into a single helpdesk interface.," 4,613 ",from $9.99/mo,https://apps.shopify.com/solution-564
565,Pro Design Solution 565,Design,,,Enhances store aesthetics with drag-and-drop themes and pages.," 4,606 ",Free plan available,https://apps.shopify.com/solution-565
566,Pro Fulfillment Solution 566,Fulfillment,,,Streamlines shipping workflows and delivery time tracking.," 4,598 ",Free,https://apps.shopify.com/solution-566
567,Pro Inventory Solution 567,Inventory,,,Syncs stock levels across multiple warehouses and channels.," 4,591 ",Free plan available,https://apps.shopify.com/solution-567
568,Pro Analytics Solution 568,Analytics,,,Provides data-driven insights into sales and customer cohorts.," 4,584 ",Free,https://apps.shopify.com/solution-568
569,Pro Legal Solution 569,Legal,,,Ensures store compliance with privacy and tax regulations.," 4,578 ",Free,https://apps.shopify.com/solution-569
570,Pro Subscriptions Solution 570,Subscriptions,,,Manages recurring revenue and customer billing flows.," 4,571 ",from $29/mo,https://apps.shopify.com/solution-570
571,Pro Dropshipping Solution 571,Dropshipping,,,Automates product sourcing and third-party fulfillment.," 4,564 ",Freemium,https://apps.shopify.com/solution-571
572,Pro SEO Solution 572,SEO,,,Improves organic search visibility and website performance scores.," 4,557 ",Freemium,https://apps.shopify.com/solution-572
573,Pro Marketing Solution 573,Marketing,,,Automates customer communication and campaign attribution.," 4,550 ",Freemium,https://apps.shopify.com/solution-573
574,Pro Sales Solution 574,Sales,,,Boosts average order value with conversion-focused UI elements.," 4,543 ",Free plan available,https://apps.shopify.com/solution-574
575,Pro Support Solution 575,Support,,,Centralizes customer queries into a single helpdesk interface.," 4,536 ",Free plan available,https://apps.shopify.com/solution-575
576,Pro Design Solution 576,Design,,,Enhances store aesthetics with drag-and-drop themes and pages.," 4,529 ",Freemium,https://apps.shopify.com/solution-576
577,Pro Fulfillment Solution 577,Fulfillment,,,Streamlines shipping workflows and delivery time tracking.," 4,523 ",from $29/mo,https://apps.shopify.com/solution-577
578,Pro Inventory Solution 578,Inventory,,,Syncs stock levels across multiple warehouses and channels.," 4,516 ",Free plan available,https://apps.shopify.com/solution-578
579,Pro Analytics Solution 579,Analytics,,,Provides data-driven insights into sales and customer cohorts.," 4,509 ",from $9.99/mo,https://apps.shopify.com/solution-579
580,Pro Legal Solution 580,Legal,,,Ensures store compliance with privacy and tax regulations.," 4,502 ",from $29/mo,https://apps.shopify.com/solution-580
581,Pro Subscriptions Solution 581,Subscriptions,,,Manages recurring revenue and customer billing flows.," 4,496 ",Freemium,https://apps.shopify.com/solution-581
582,Pro Dropshipping Solution 582,Dropshipping,,,Automates product sourcing and third-party fulfillment.," 4,489 ",from $9.99/mo,https://apps.shopify.com/solution-582
583,Pro SEO Solution 583,SEO,,,Improves organic search visibility and website performance scores.," 4,482 ",Freemium,https://apps.shopify.com/solution-583
584,Pro Marketing Solution 584,Marketing,,,Automates customer communication and campaign attribution.," 4,476 ",Free plan available,https://apps.shopify.com/solution-584
585,Pro Sales Solution 585,Sales,,,Boosts average order value with conversion-focused UI elements.," 4,469 ",from $29/mo,https://apps.shopify.com/solution-585
586,Pro Support Solution 586,Support,,,Centralizes customer queries into a single helpdesk interface.," 4,463 ",from $9.99/mo,https://apps.shopify.com/solution-586
587,Pro Design Solution 587,Design,,,Enhances store aesthetics with drag-and-drop themes and pages.," 4,456 ",from $29/mo,https://apps.shopify.com/solution-587
588,Pro Fulfillment Solution 588,Fulfillment,,,Streamlines shipping workflows and delivery time tracking.," 4,449 ",Free,https://apps.shopify.com/solution-588
589,Pro Inventory Solution 589,Inventory,,,Syncs stock levels across multiple warehouses and channels.," 4,443 ",Freemium,https://apps.shopify.com/solution-589
590,Pro Analytics Solution 590,Analytics,,,Provides data-driven insights into sales and customer cohorts.," 4,436 ",Freemium,https://apps.shopify.com/solution-590
591,Pro Legal Solution 591,Legal,,,Ensures store compliance with privacy and tax regulations.," 4,430 ",from $9.99/mo,https://apps.shopify.com/solution-591
592,Pro Subscriptions Solution 592,Subscriptions,,,Manages recurring revenue and customer billing flows.," 4,423 ",Free,https://apps.shopify.com/solution-592
593,Pro Dropshipping Solution 593,Dropshipping,,,Automates product sourcing and third-party fulfillment.," 4,417 ",Free,https://apps.shopify.com/solution-593
594,Pro SEO Solution 594,SEO,,,Improves organic search visibility and website performance scores.," 4,411 ",from $9.99/mo,https://apps.shopify.com/solution-594
595,Pro Marketing Solution 595,Marketing,,,Automates customer communication and campaign attribution.," 4,404 ",Free plan available,https://apps.shopify.com/solution-595
596,Pro Sales Solution 596,Sales,,,Boosts average order value with conversion-focused UI elements.," 4,398 ",Free plan available,https://apps.shopify.com/solution-596
597,Pro Support Solution 597,Support,,,Centralizes customer queries into a single helpdesk interface.," 4,391 ",from $29/mo,https://apps.shopify.com/solution-597
598,Pro Design Solution 598,Design,,,Enhances store aesthetics with drag-and-drop themes and pages.," 4,385 ",Freemium,https://apps.shopify.com/solution-598
599,Pro Fulfillment Solution 599,Fulfillment,,,Streamlines shipping workflows and delivery time tracking.," 4,379 ",from $29/mo,https://apps.shopify.com/solution-599
600,Pro Inventory Solution 600,Inventory,,,Syncs stock levels across multiple warehouses and channels.," 4,372 ",Free plan available,https://apps.shopify.com/solution-600
601,Pro Analytics Solution 601,Analytics,,,Provides data-driven insights into sales and customer cohorts.," 4,366 ",Freemium,https://apps.shopify.com/solution-601
602,Pro Legal Solution 602,Legal,,,Ensures store compliance with privacy and tax regulations.," 4,360 ",from $9.99/mo,https://apps.shopify.com/solution-602
603,Pro Subscriptions Solution 603,Subscriptions,,,Manages recurring revenue and customer billing flows.," 4,354 ",Free plan available,https://apps.shopify.com/solution-603
604,Pro Dropshipping Solution 604,Dropshipping,,,Automates product sourcing and third-party fulfillment.," 4,347 ",from $29/mo,https://apps.shopify.com/solution-604
605,Pro SEO Solution 605,SEO,,,Improves organic search visibility and website performance scores.," 4,341 ",from $29/mo,https://apps.shopify.com/solution-605
606,Pro Marketing Solution 606,Marketing,,,Automates customer communication and campaign attribution.," 4,335 ",Free plan available,https://apps.shopify.com/solution-606
607,Pro Sales Solution 607,Sales,,,Boosts average order value with conversion-focused UI elements.," 4,329 ",Freemium,https://apps.shopify.com/solution-607
608,Pro Support Solution 608,Support,,,Centralizes customer queries into a single helpdesk interface.," 4,323 ",Free,https://apps.shopify.com/solution-608
609,Pro Design Solution 609,Design,,,Enhances store aesthetics with drag-and-drop themes and pages.," 4,316 ",from $9.99/mo,https://apps.shopify.com/solution-609
610,Pro Fulfillment Solution 610,Fulfillment,,,Streamlines shipping workflows and delivery time tracking.," 4,310 ",from $29/mo,https://apps.shopify.com/solution-610
611,Pro Inventory Solution 611,Inventory,,,Syncs stock levels across multiple warehouses and channels.," 4,304 ",from $9.99/mo,https://apps.shopify.com/solution-611
612,Pro Analytics Solution 612,Analytics,,,Provides data-driven insights into sales and customer cohorts.," 4,298 ",from $29/mo,https://apps.shopify.com/solution-612
613,Pro Legal Solution 613,Legal,,,Ensures store compliance with privacy and tax regulations.," 4,292 ",Free,https://apps.shopify.com/solution-613
614,Pro Subscriptions Solution 614,Subscriptions,,,Manages recurring revenue and customer billing flows.," 4,286 ",Freemium,https://apps.shopify.com/solution-614
615,Pro Dropshipping Solution 615,Dropshipping,,,Automates product sourcing and third-party fulfillment.," 4,280 ",from $29/mo,https://apps.shopify.com/solution-615
616,Pro SEO Solution 616,SEO,,,Improves organic search visibility and website performance scores.," 4,274 ",Freemium,https://apps.shopify.com/solution-616
617,Pro Marketing Solution 617,Marketing,,,Automates customer communication and campaign attribution.," 4,268 ",Free,https://apps.shopify.com/solution-617
618,Pro Sales Solution 618,Sales,,,Boosts average order value with conversion-focused UI elements.," 4,262 ",Freemium,https://apps.shopify.com/solution-618
619,Pro Support Solution 619,Support,,,Centralizes customer queries into a single helpdesk interface.," 4,256 ",from $29/mo,https://apps.shopify.com/solution-619
620,Pro Design Solution 620,Design,,,Enhances store aesthetics with drag-and-drop themes and pages.," 4,250 ",from $9.99/mo,https://apps.shopify.com/solution-620
621,Pro Fulfillment Solution 621,Fulfillment,,,Streamlines shipping workflows and delivery time tracking.," 4,244 ",from $9.99/mo,https://apps.shopify.com/solution-621
622,Pro Inventory Solution 622,Inventory,,,Syncs stock levels across multiple warehouses and channels.," 4,238 ",from $29/mo,https://apps.shopify.com/solution-622
623,Pro Analytics Solution 623,Analytics,,,Provides data-driven insights into sales and customer cohorts.," 4,233 ",Free plan available,https://apps.shopify.com/solution-623
624,Pro Legal Solution 624,Legal,,,Ensures store compliance with privacy and tax regulations.," 4,227 ",Free,https://apps.shopify.com/solution-624
625,Pro Subscriptions Solution 625,Subscriptions,,,Manages recurring revenue and customer billing flows.," 4,221 ",from $29/mo,https://apps.shopify.com/solution-625
626,Pro Dropshipping Solution 626,Dropshipping,,,Automates product sourcing and third-party fulfillment.," 4,215 ",from $29/mo,https://apps.shopify.com/solution-626
627,Pro SEO Solution 627,SEO,,,Improves organic search visibility and website performance scores.," 4,209 ",Freemium,https://apps.shopify.com/solution-627
628,Pro Marketing Solution 628,Marketing,,,Automates customer communication and campaign attribution.," 4,203 ",from $29/mo,https://apps.shopify.com/solution-628
629,Pro Sales Solution 629,Sales,,,Boosts average order value with conversion-focused UI elements.," 4,198 ",from $9.99/mo,https://apps.shopify.com/solution-629
630,Pro Support Solution 630,Support,,,Centralizes customer queries into a single helpdesk interface.," 4,192 ",Free,https://apps.shopify.com/solution-630
631,Pro Design Solution 631,Design,,,Enhances store aesthetics with drag-and-drop themes and pages.," 4,186 ",Free plan available,https://apps.shopify.com/solution-631
632,Pro Fulfillment Solution 632,Fulfillment,,,Streamlines shipping workflows and delivery time tracking.," 4,180 ",Free plan available,https://apps.shopify.com/solution-632
633,Pro Inventory Solution 633,Inventory,,,Syncs stock levels across multiple warehouses and channels.," 4,175 ",Free plan available,https://apps.shopify.com/solution-633
634,Pro Analytics Solution 634,Analytics,,,Provides data-driven insights into sales and customer cohorts.," 4,169 ",Free plan available,https://apps.shopify.com/solution-634
635,Pro Legal Solution 635,Legal,,,Ensures store compliance with privacy and tax regulations.," 4,163 ",Freemium,https://apps.shopify.com/solution-635
636,Pro Subscriptions Solution 636,Subscriptions,,,Manages recurring revenue and customer billing flows.," 4,158 ",Free,https://apps.shopify.com/solution-636
637,Pro Dropshipping Solution 637,Dropshipping,,,Automates product sourcing and third-party fulfillment.," 4,152 ",Free,https://apps.shopify.com/solution-637
638,Pro SEO Solution 638,SEO,,,Improves organic search visibility and website performance scores.," 4,146 ",Free,https://apps.shopify.com/solution-638
639,Pro Marketing Solution 639,Marketing,,,Automates customer communication and campaign attribution.," 4,141 ",Free plan available,https://apps.shopify.com/solution-639
640,Pro Sales Solution 640,Sales,,,Boosts average order value with conversion-focused UI elements.," 4,135 ",Free plan available,https://apps.shopify.com/solution-640
641,Pro Support Solution 641,Support,,,Centralizes customer queries into a single helpdesk interface.," 4,130 ",from $29/mo,https://apps.shopify.com/solution-641
642,Pro Design Solution 642,Design,,,Enhances store aesthetics with drag-and-drop themes and pages.," 4,124 ",from $9.99/mo,https://apps.shopify.com/solution-642
643,Pro Fulfillment Solution 643,Fulfillment,,,Streamlines shipping workflows and delivery time tracking.," 4,119 ",from $29/mo,https://apps.shopify.com/solution-643
644,Pro Inventory Solution 644,Inventory,,,Syncs stock levels across multiple warehouses and channels.," 4,113 ",Freemium,https://apps.shopify.com/solution-644
645,Pro Analytics Solution 645,Analytics,,,Provides data-driven insights into sales and customer cohorts.," 4,107 ",Free plan available,https://apps.shopify.com/solution-645
646,Pro Legal Solution 646,Legal,,,Ensures store compliance with privacy and tax regulations.," 4,102 ",Freemium,https://apps.shopify.com/solution-646
647,Pro Subscriptions Solution 647,Subscriptions,,,Manages recurring revenue and customer billing flows.," 4,097 ",Freemium,https://apps.shopify.com/solution-647
648,Pro Dropshipping Solution 648,Dropshipping,,,Automates product sourcing and third-party fulfillment.," 4,091 ",from $29/mo,https://apps.shopify.com/solution-648
649,Pro SEO Solution 649,SEO,,,Improves organic search visibility and website performance scores.," 4,086 ",Freemium,https://apps.shopify.com/solution-649
650,Pro Marketing Solution 650,Marketing,,,Automates customer communication and campaign attribution.," 4,080 ",Free,https://apps.shopify.com/solution-650
651,Pro Sales Solution 651,Sales,,,Boosts average order value with conversion-focused UI elements.," 4,075 ",from $9.99/mo,https://apps.shopify.com/solution-651
652,Pro Support Solution 652,Support,,,Centralizes customer queries into a single helpdesk interface.," 4,069 ",from $9.99/mo,https://apps.shopify.com/solution-652
653,Pro Design Solution 653,Design,,,Enhances store aesthetics with drag-and-drop themes and pages.," 4,064 ",Free plan available,https://apps.shopify.com/solution-653
654,Pro Fulfillment Solution 654,Fulfillment,,,Streamlines shipping workflows and delivery time tracking.," 4,059 ",from $9.99/mo,https://apps.shopify.com/solution-654
655,Pro Inventory Solution 655,Inventory,,,Syncs stock levels across multiple warehouses and channels.," 4,053 ",from $9.99/mo,https://apps.shopify.com/solution-655
656,Pro Analytics Solution 656,Analytics,,,Provides data-driven insights into sales and customer cohorts.," 4,048 ",from $9.99/mo,https://apps.shopify.com/solution-656
657,Pro Legal Solution 657,Legal,,,Ensures store compliance with privacy and tax regulations.," 4,043 ",from $9.99/mo,https://apps.shopify.com/solution-657
658,Pro Subscriptions Solution 658,Subscriptions,,,Manages recurring revenue and customer billing flows.," 4,037 ",Free,https://apps.shopify.com/solution-658
659,Pro Dropshipping Solution 659,Dropshipping,,,Automates product sourcing and third-party fulfillment.," 4,032 ",from $29/mo,https://apps.shopify.com/solution-659
660,Pro SEO Solution 660,SEO,,,Improves organic search visibility and website performance scores.," 4,027 ",Freemium,https://apps.shopify.com/solution-660
661,Pro Marketing Solution 661,Marketing,,,Automates customer communication and campaign attribution.," 4,021 ",from $9.99/mo,https://apps.shopify.com/solution-661
662,Pro Sales Solution 662,Sales,,,Boosts average order value with conversion-focused UI elements.," 4,016 ",from $9.99/mo,https://apps.shopify.com/solution-662
663,Pro Support Solution 663,Support,,,Centralizes customer queries into a single helpdesk interface.," 4,011 ",from $29/mo,https://apps.shopify.com/solution-663
664,Pro Design Solution 664,Design,,,Enhances store aesthetics with drag-and-drop themes and pages.," 4,006 ",from $9.99/mo,https://apps.shopify.com/solution-664
665,Pro Fulfillment Solution 665,Fulfillment,,,Streamlines shipping workflows and delivery time tracking.," 4,001 ",from $9.99/mo,https://apps.shopify.com/solution-665
666,Pro Inventory Solution 666,Inventory,,,Syncs stock levels across multiple warehouses and channels.," 3,995 ",from $29/mo,https://apps.shopify.com/solution-666
667,Pro Analytics Solution 667,Analytics,,,Provides data-driven insights into sales and customer cohorts.," 3,990 ",from $29/mo,https://apps.shopify.com/solution-667
668,Pro Legal Solution 668,Legal,,,Ensures store compliance with privacy and tax regulations.," 3,985 ",Free plan available,https://apps.shopify.com/solution-668
669,Pro Subscriptions Solution 669,Subscriptions,,,Manages recurring revenue and customer billing flows.," 3,980 ",from $9.99/mo,https://apps.shopify.com/solution-669
670,Pro Dropshipping Solution 670,Dropshipping,,,Automates product sourcing and third-party fulfillment.," 3,975 ",Freemium,https://apps.shopify.com/solution-670
671,Pro SEO Solution 671,SEO,,,Improves organic search visibility and website performance scores.," 3,970 ",Free,https://apps.shopify.com/solution-671
672,Pro Marketing Solution 672,Marketing,,,Automates customer communication and campaign attribution.," 3,964 ",Free plan available,https://apps.shopify.com/solution-672
673,Pro Sales Solution 673,Sales,,,Boosts average order value with conversion-focused UI elements.," 3,959 ",Freemium,https://apps.shopify.com/solution-673
674,Pro Support Solution 674,Support,,,Centralizes customer queries into a single helpdesk interface.," 3,954 ",from $29/mo,https://apps.shopify.com/solution-674
675,Pro Design Solution 675,Design,,,Enhances store aesthetics with drag-and-drop themes and pages.," 3,949 ",Free plan available,https://apps.shopify.com/solution-675
676,Pro Fulfillment Solution 676,Fulfillment,,,Streamlines shipping workflows and delivery time tracking.," 3,944 ",Free,https://apps.shopify.com/solution-676
677,Pro Inventory Solution 677,Inventory,,,Syncs stock levels across multiple warehouses and channels.," 3,939 ",Free,https://apps.shopify.com/solution-677
678,Pro Analytics Solution 678,Analytics,,,Provides data-driven insights into sales and customer cohorts.," 3,934 ",Free plan available,https://apps.shopify.com/solution-678
679,Pro Legal Solution 679,Legal,,,Ensures store compliance with privacy and tax regulations.," 3,929 ",Freemium,https://apps.shopify.com/solution-679
680,Pro Subscriptions Solution 680,Subscriptions,,,Manages recurring revenue and customer billing flows.," 3,924 ",from $29/mo,https://apps.shopify.com/solution-680
681,Pro Dropshipping Solution 681,Dropshipping,,,Automates product sourcing and third-party fulfillment.," 3,919 ",from $9.99/mo,https://apps.shopify.com/solution-681
682,Pro SEO Solution 682,SEO,,,Improves organic search visibility and website performance scores.," 3,914 ",Free plan available,https://apps.shopify.com/solution-682
683,Pro Marketing Solution 683,Marketing,,,Automates customer communication and campaign attribution.," 3,909 ",Free,https://apps.shopify.com/solution-683
684,Pro Sales Solution 684,Sales,,,Boosts average order value with conversion-focused UI elements.," 3,904 ",Free,https://apps.shopify.com/solution-684
685,Pro Support Solution 685,Support,,,Centralizes customer queries into a single helpdesk interface.," 3,899 ",Free,https://apps.shopify.com/solution-685
686,Pro Design Solution 686,Design,,,Enhances store aesthetics with drag-and-drop themes and pages.," 3,894 ",Free plan available,https://apps.shopify.com/solution-686
687,Pro Fulfillment Solution 687,Fulfillment,,,Streamlines shipping workflows and delivery time tracking.," 3,890 ",Freemium,https://apps.shopify.com/solution-687
688,Pro Inventory Solution 688,Inventory,,,Syncs stock levels across multiple warehouses and channels.," 3,885 ",Free,https://apps.shopify.com/solution-688
689,Pro Analytics Solution 689,Analytics,,,Provides data-driven insights into sales and customer cohorts.," 3,880 ",Freemium,https://apps.shopify.com/solution-689
690,Pro Legal Solution 690,Legal,,,Ensures store compliance with privacy and tax regulations.," 3,875 ",Free plan available,https://apps.shopify.com/solution-690
691,Pro Subscriptions Solution 691,Subscriptions,,,Manages recurring revenue and customer billing flows.," 3,870 ",Free,https://apps.shopify.com/solution-691
692,Pro Dropshipping Solution 692,Dropshipping,,,Automates product sourcing and third-party fulfillment.," 3,865 ",Free plan available,https://apps.shopify.com/solution-692
693,Pro SEO Solution 693,SEO,,,Improves organic search visibility and website performance scores.," 3,860 ",Freemium,https://apps.shopify.com/solution-693
694,Pro Marketing Solution 694,Marketing,,,Automates customer communication and campaign attribution.," 3,856 ",Free,https://apps.shopify.com/solution-694
695,Pro Sales Solution 695,Sales,,,Boosts average order value with conversion-focused UI elements.," 3,851 ",Free,https://apps.shopify.com/solution-695
696,Pro Support Solution 696,Support,,,Centralizes customer queries into a single helpdesk interface.," 3,846 ",Free plan available,https://apps.shopify.com/solution-696
697,Pro Design Solution 697,Design,,,Enhances store aesthetics with drag-and-drop themes and pages.," 3,841 ",Free plan available,https://apps.shopify.com/solution-697
698,Pro Fulfillment Solution 698,Fulfillment,,,Streamlines shipping workflows and delivery time tracking.," 3,837 ",Free plan available,https://apps.shopify.com/solution-698
699,Pro Inventory Solution 699,Inventory,,,Syncs stock levels across multiple warehouses and channels.," 3,832 ",Freemium,https://apps.shopify.com/solution-699
700,Pro Analytics Solution 700,Analytics,,,Provides data-driven insights into sales and customer cohorts.," 3,827 ",Freemium,https://apps.shopify.com/solution-700
701,Pro Legal Solution 701,Legal,,,Ensures store compliance with privacy and tax regulations.," 3,822 ",from $29/mo,https://apps.shopify.com/solution-701
702,Pro Subscriptions Solution 702,Subscriptions,,,Manages recurring revenue and customer billing flows.," 3,818 ",from $9.99/mo,https://apps.shopify.com/solution-702
703,Pro Dropshipping Solution 703,Dropshipping,,,Automates product sourcing and third-party fulfillment.," 3,813 ",from $9.99/mo,https://apps.shopify.com/solution-703
704,Pro SEO Solution 704,SEO,,,Improves organic search visibility and website performance scores.," 3,808 ",Freemium,https://apps.shopify.com/solution-704
705,Pro Marketing Solution 705,Marketing,,,Automates customer communication and campaign attribution.," 3,804 ",Freemium,https://apps.shopify.com/solution-705
706,Pro Sales Solution 706,Sales,,,Boosts average order value with conversion-focused UI elements.," 3,799 ",Freemium,https://apps.shopify.com/solution-706
707,Pro Support Solution 707,Support,,,Centralizes customer queries into a single helpdesk interface.," 3,794 ",from $9.99/mo,https://apps.shopify.com/solution-707
708,Pro Design Solution 708,Design,,,Enhances store aesthetics with drag-and-drop themes and pages.," 3,790 ",Free,https://apps.shopify.com/solution-708
709,Pro Fulfillment Solution 709,Fulfillment,,,Streamlines shipping workflows and delivery time tracking.," 3,785 ",Free plan available,https://apps.shopify.com/solution-709
710,Pro Inventory Solution 710,Inventory,,,Syncs stock levels across multiple warehouses and channels.," 3,780 ",Free plan available,https://apps.shopify.com/solution-710
711,Pro Analytics Solution 711,Analytics,,,Provides data-driven insights into sales and customer cohorts.," 3,776 ",Free,https://apps.shopify.com/solution-711
712,Pro Legal Solution 712,Legal,,,Ensures store compliance with privacy and tax regulations.," 3,771 ",Free,https://apps.shopify.com/solution-712
713,Pro Subscriptions Solution 713,Subscriptions,,,Manages recurring revenue and customer billing flows.," 3,767 ",Freemium,https://apps.shopify.com/solution-713
714,Pro Dropshipping Solution 714,Dropshipping,,,Automates product sourcing and third-party fulfillment.," 3,762 ",from $29/mo,https://apps.shopify.com/solution-714
715,Pro SEO Solution 715,SEO,,,Improves organic search visibility and website performance scores.," 3,758 ",Freemium,https://apps.shopify.com/solution-715
716,Pro Marketing Solution 716,Marketing,,,Automates customer communication and campaign attribution.," 3,753 ",from $29/mo,https://apps.shopify.com/solution-716
717,Pro Sales Solution 717,Sales,,,Boosts average order value with conversion-focused UI elements.," 3,749 ",Freemium,https://apps.shopify.com/solution-717
718,Pro Support Solution 718,Support,,,Centralizes customer queries into a single helpdesk interface.," 3,744 ",from $29/mo,https://apps.shopify.com/solution-718
719,Pro Design Solution 719,Design,,,Enhances store aesthetics with drag-and-drop themes and pages.," 3,739 ",from $29/mo,https://apps.shopify.com/solution-719
720,Pro Fulfillment Solution 720,Fulfillment,,,Streamlines shipping workflows and delivery time tracking.," 3,735 ",from $9.99/mo,https://apps.shopify.com/solution-720
721,Pro Inventory Solution 721,Inventory,,,Syncs stock levels across multiple warehouses and channels.," 3,731 ",from $29/mo,https://apps.shopify.com/solution-721
722,Pro Analytics Solution 722,Analytics,,,Provides data-driven insights into sales and customer cohorts.," 3,726 ",from $29/mo,https://apps.shopify.com/solution-722
723,Pro Legal Solution 723,Legal,,,Ensures store compliance with privacy and tax regulations.," 3,722 ",from $9.99/mo,https://apps.shopify.com/solution-723
724,Pro Subscriptions Solution 724,Subscriptions,,,Manages recurring revenue and customer billing flows.," 3,717 ",Free,https://apps.shopify.com/solution-724
725,Pro Dropshipping Solution 725,Dropshipping,,,Automates product sourcing and third-party fulfillment.," 3,713 ",from $29/mo,https://apps.shopify.com/solution-725
726,Pro SEO Solution 726,SEO,,,Improves organic search visibility and website performance scores.," 3,708 ",Free plan available,https://apps.shopify.com/solution-726
727,Pro Marketing Solution 727,Marketing,,,Automates customer communication and campaign attribution.," 3,704 ",Freemium,https://apps.shopify.com/solution-727
728,Pro Sales Solution 728,Sales,,,Boosts average order value with conversion-focused UI elements.," 3,700 ",Free plan available,https://apps.shopify.com/solution-728
729,Pro Support Solution 729,Support,,,Centralizes customer queries into a single helpdesk interface.," 3,695 ",from $29/mo,https://apps.shopify.com/solution-729
730,Pro Design Solution 730,Design,,,Enhances store aesthetics with drag-and-drop themes and pages.," 3,691 ",from $9.99/mo,https://apps.shopify.com/solution-730
731,Pro Fulfillment Solution 731,Fulfillment,,,Streamlines shipping workflows and delivery time tracking.," 3,686 ",Free plan available,https://apps.shopify.com/solution-731
732,Pro Inventory Solution 732,Inventory,,,Syncs stock levels across multiple warehouses and channels.," 3,682 ",Free plan available,https://apps.shopify.com/solution-732
733,Pro Analytics Solution 733,Analytics,,,Provides data-driven insights into sales and customer cohorts.," 3,678 ",Freemium,https://apps.shopify.com/solution-733
734,Pro Legal Solution 734,Legal,,,Ensures store compliance with privacy and tax regulations.," 3,673 ",Free,https://apps.shopify.com/solution-734
735,Pro Subscriptions Solution 735,Subscriptions,,,Manages recurring revenue and customer billing flows.," 3,669 ",Free plan available,https://apps.shopify.com/solution-735
736,Pro Dropshipping Solution 736,Dropshipping,,,Automates product sourcing and third-party fulfillment.," 3,665 ",Free,https://apps.shopify.com/solution-736
737,Pro SEO Solution 737,SEO,,,Improves organic search visibility and website performance scores.," 3,660 ",Free plan available,https://apps.shopify.com/solution-737
738,Pro Marketing Solution 738,Marketing,,,Automates customer communication and campaign attribution.," 3,656 ",Free plan available,https://apps.shopify.com/solution-738
739,Pro Sales Solution 739,Sales,,,Boosts average order value with conversion-focused UI elements.," 3,652 ",from $9.99/mo,https://apps.shopify.com/solution-739
740,Pro Support Solution 740,Support,,,Centralizes customer queries into a single helpdesk interface.," 3,648 ",Free plan available,https://apps.shopify.com/solution-740
741,Pro Design Solution 741,Design,,,Enhances store aesthetics with drag-and-drop themes and pages.," 3,643 ",from $9.99/mo,https://apps.shopify.com/solution-741
742,Pro Fulfillment Solution 742,Fulfillment,,,Streamlines shipping workflows and delivery time tracking.," 3,639 ",Freemium,https://apps.shopify.com/solution-742
743,Pro Inventory Solution 743,Inventory,,,Syncs stock levels across multiple warehouses and channels.," 3,635 ",Free plan available,https://apps.shopify.com/solution-743
744,Pro Analytics Solution 744,Analytics,,,Provides data-driven insights into sales and customer cohorts.," 3,631 ",from $9.99/mo,https://apps.shopify.com/solution-744
745,Pro Legal Solution 745,Legal,,,Ensures store compliance with privacy and tax regulations.," 3,626 ",from $9.99/mo,https://apps.shopify.com/solution-745
746,Pro Subscriptions Solution 746,Subscriptions,,,Manages recurring revenue and customer billing flows.," 3,622 ",Free,https://apps.shopify.com/solution-746
747,Pro Dropshipping Solution 747,Dropshipping,,,Automates product sourcing and third-party fulfillment.," 3,618 ",from $29/mo,https://apps.shopify.com/solution-747
748,Pro SEO Solution 748,SEO,,,Improves organic search visibility and website performance scores.," 3,614 ",Freemium,https://apps.shopify.com/solution-748
749,Pro Marketing Solution 749,Marketing,,,Automates customer communication and campaign attribution.," 3,610 ",Free,https://apps.shopify.com/solution-749
750,Pro Sales Solution 750,Sales,,,Boosts average order value with conversion-focused UI elements.," 3,606 ",Free,https://apps.shopify.com/solution-750
751,Pro Support Solution 751,Support,,,Centralizes customer queries into a single helpdesk interface.," 3,601 ",from $9.99/mo,https://apps.shopify.com/solution-751
752,Pro Design Solution 752,Design,,,Enhances store aesthetics with drag-and-drop themes and pages.," 3,597 ",Freemium,https://apps.shopify.com/solution-752
753,Pro Fulfillment Solution 753,Fulfillment,,,Streamlines shipping workflows and delivery time tracking.," 3,593 ",Free plan available,https://apps.shopify.com/solution-753
754,Pro Inventory Solution 754,Inventory,,,Syncs stock levels across multiple warehouses and channels.," 3,589 ",Free,https://apps.shopify.com/solution-754
755,Pro Analytics Solution 755,Analytics,,,Provides data-driven insights into sales and customer cohorts.," 3,585 ",Freemium,https://apps.shopify.com/solution-755
756,Pro Legal Solution 756,Legal,,,Ensures store compliance with privacy and tax regulations.," 3,581 ",Free plan available,https://apps.shopify.com/solution-756
757,Pro Subscriptions Solution 757,Subscriptions,,,Manages recurring revenue and customer billing flows.," 3,577 ",from $29/mo,https://apps.shopify.com/solution-757
758,Pro Dropshipping Solution 758,Dropshipping,,,Automates product sourcing and third-party fulfillment.," 3,573 ",from $9.99/mo,https://apps.shopify.com/solution-758
759,Pro SEO Solution 759,SEO,,,Improves organic search visibility and website performance scores.," 3,569 ",Freemium,https://apps.shopify.com/solution-759
760,Pro Marketing Solution 760,Marketing,,,Automates customer communication and campaign attribution.," 3,564 ",from $9.99/mo,https://apps.shopify.com/solution-760
761,Pro Sales Solution 761,Sales,,,Boosts average order value with conversion-focused UI elements.," 3,560 ",Free,https://apps.shopify.com/solution-761
762,Pro Support Solution 762,Support,,,Centralizes customer queries into a single helpdesk interface.," 3,556 ",Free plan available,https://apps.shopify.com/solution-762
763,Pro Design Solution 763,Design,,,Enhances store aesthetics with drag-and-drop themes and pages.," 3,552 ",from $29/mo,https://apps.shopify.com/solution-763
764,Pro Fulfillment Solution 764,Fulfillment,,,Streamlines shipping workflows and delivery time tracking.," 3,548 ",from $29/mo,https://apps.shopify.com/solution-764
765,Pro Inventory Solution 765,Inventory,,,Syncs stock levels across multiple warehouses and channels.," 3,544 ",from $9.99/mo,https://apps.shopify.com/solution-765
766,Pro Analytics Solution 766,Analytics,,,Provides data-driven insights into sales and customer cohorts.," 3,540 ",Free plan available,https://apps.shopify.com/solution-766
767,Pro Legal Solution 767,Legal,,,Ensures store compliance with privacy and tax regulations.," 3,536 ",Free plan available,https://apps.shopify.com/solution-767
768,Pro Subscriptions Solution 768,Subscriptions,,,Manages recurring revenue and customer billing flows.," 3,532 ",from $29/mo,https://apps.shopify.com/solution-768
769,Pro Dropshipping Solution 769,Dropshipping,,,Automates product sourcing and third-party fulfillment.," 3,528 ",Free plan available,https://apps.shopify.com/solution-769
770,Pro SEO Solution 770,SEO,,,Improves organic search visibility and website performance scores.," 3,524 ",Free,https://apps.shopify.com/solution-770
771,Pro Marketing Solution 771,Marketing,,,Automates customer communication and campaign attribution.," 3,521 ",Freemium,https://apps.shopify.com/solution-771
772,Pro Sales Solution 772,Sales,,,Boosts average order value with conversion-focused UI elements.," 3,517 ",Free plan available,https://apps.shopify.com/solution-772
773,Pro Support Solution 773,Support,,,Centralizes customer queries into a single helpdesk interface.," 3,513 ",Freemium,https://apps.shopify.com/solution-773
774,Pro Design Solution 774,Design,,,Enhances store aesthetics with drag-and-drop themes and pages.," 3,509 ",from $9.99/mo,https://apps.shopify.com/solution-774
775,Pro Fulfillment Solution 775,Fulfillment,,,Streamlines shipping workflows and delivery time tracking.," 3,505 ",Free,https://apps.shopify.com/solution-775
776,Pro Inventory Solution 776,Inventory,,,Syncs stock levels across multiple warehouses and channels.," 3,501 ",from $9.99/mo,https://apps.shopify.com/solution-776
777,Pro Analytics Solution 777,Analytics,,,Provides data-driven insights into sales and customer cohorts.," 3,497 ",from $9.99/mo,https://apps.shopify.com/solution-777
778,Pro Legal Solution 778,Legal,,,Ensures store compliance with privacy and tax regulations.," 3,493 ",from $9.99/mo,https://apps.shopify.com/solution-778
779,Pro Subscriptions Solution 779,Subscriptions,,,Manages recurring revenue and customer billing flows.," 3,489 ",Freemium,https://apps.shopify.com/solution-779
780,Pro Dropshipping Solution 780,Dropshipping,,,Automates product sourcing and third-party fulfillment.," 3,485 ",Freemium,https://apps.shopify.com/solution-780
781,Pro SEO Solution 781,SEO,,,Improves organic search visibility and website performance scores.," 3,482 ",from $9.99/mo,https://apps.shopify.com/solution-781
782,Pro Marketing Solution 782,Marketing,,,Automates customer communication and campaign attribution.," 3,478 ",from $9.99/mo,https://apps.shopify.com/solution-782
783,Pro Sales Solution 783,Sales,,,Boosts average order value with conversion-focused UI elements.," 3,474 ",Free plan available,https://apps.shopify.com/solution-783
784,Pro Support Solution 784,Support,,,Centralizes customer queries into a single helpdesk interface.," 3,470 ",Free,https://apps.shopify.com/solution-784
785,Pro Design Solution 785,Design,,,Enhances store aesthetics with drag-and-drop themes and pages.," 3,466 ",Freemium,https://apps.shopify.com/solution-785
786,Pro Fulfillment Solution 786,Fulfillment,,,Streamlines shipping workflows and delivery time tracking.," 3,462 ",from $29/mo,https://apps.shopify.com/solution-786
787,Pro Inventory Solution 787,Inventory,,,Syncs stock levels across multiple warehouses and channels.," 3,459 ",from $9.99/mo,https://apps.shopify.com/solution-787
788,Pro Analytics Solution 788,Analytics,,,Provides data-driven insights into sales and customer cohorts.," 3,455 ",from $29/mo,https://apps.shopify.com/solution-788
789,Pro Legal Solution 789,Legal,,,Ensures store compliance with privacy and tax regulations.," 3,451 ",Free,https://apps.shopify.com/solution-789
790,Pro Subscriptions Solution 790,Subscriptions,,,Manages recurring revenue and customer billing flows.," 3,447 ",Free,https://apps.shopify.com/solution-790
791,Pro Dropshipping Solution 791,Dropshipping,,,Automates product sourcing and third-party fulfillment.," 3,443 ",from $29/mo,https://apps.shopify.com/solution-791
792,Pro SEO Solution 792,SEO,,,Improves organic search visibility and website performance scores.," 3,440 ",from $9.99/mo,https://apps.shopify.com/solution-792
793,Pro Marketing Solution 793,Marketing,,,Automates customer communication and campaign attribution.," 3,436 ",from $9.99/mo,https://apps.shopify.com/solution-793
794,Pro Sales Solution 794,Sales,,,Boosts average order value with conversion-focused UI elements.," 3,432 ",Free plan available,https://apps.shopify.com/solution-794
795,Pro Support Solution 795,Support,,,Centralizes customer queries into a single helpdesk interface.," 3,428 ",Free,https://apps.shopify.com/solution-795
796,Pro Design Solution 796,Design,,,Enhances store aesthetics with drag-and-drop themes and pages.," 3,425 ",from $29/mo,https://apps.shopify.com/solution-796
797,Pro Fulfillment Solution 797,Fulfillment,,,Streamlines shipping workflows and delivery time tracking.," 3,421 ",Free,https://apps.shopify.com/solution-797
798,Pro Inventory Solution 798,Inventory,,,Syncs stock levels across multiple warehouses and channels.," 3,417 ",Freemium,https://apps.shopify.com/solution-798
799,Pro Analytics Solution 799,Analytics,,,Provides data-driven insights into sales and customer cohorts.," 3,414 ",Free,https://apps.shopify.com/solution-799
800,Pro Legal Solution 800,Legal,,,Ensures store compliance with privacy and tax regulations.," 3,410 ",Free,https://apps.shopify.com/solution-800
801,Pro Subscriptions Solution 801,Subscriptions,,,Manages recurring revenue and customer billing flows.," 3,406 ",Freemium,https://apps.shopify.com/solution-801
802,Pro Dropshipping Solution 802,Dropshipping,,,Automates product sourcing and third-party fulfillment.," 3,403 ",Freemium,https://apps.shopify.com/solution-802
803,Pro SEO Solution 803,SEO,,,Improves organic search visibility and website performance scores.," 3,399 ",Freemium,https://apps.shopify.com/solution-803
804,Pro Marketing Solution 804,Marketing,,,Automates customer communication and campaign attribution.," 3,395 ",Free plan available,https://apps.shopify.com/solution-804
805,Pro Sales Solution 805,Sales,,,Boosts average order value with conversion-focused UI elements.," 3,392 ",Freemium,https://apps.shopify.com/solution-805
806,Pro Support Solution 806,Support,,,Centralizes customer queries into a single helpdesk interface.," 3,388 ",Free plan available,https://apps.shopify.com/solution-806
807,Pro Design Solution 807,Design,,,Enhances store aesthetics with drag-and-drop themes and pages.," 3,384 ",Freemium,https://apps.shopify.com/solution-807
808,Pro Fulfillment Solution 808,Fulfillment,,,Streamlines shipping workflows and delivery time tracking.," 3,381 ",Free plan available,https://apps.shopify.com/solution-808
809,Pro Inventory Solution 809,Inventory,,,Syncs stock levels across multiple warehouses and channels.," 3,377 ",Free,https://apps.shopify.com/solution-809
810,Pro Analytics Solution 810,Analytics,,,Provides data-driven insights into sales and customer cohorts.," 3,374 ",Free,https://apps.shopify.com/solution-810
811,Pro Legal Solution 811,Legal,,,Ensures store compliance with privacy and tax regulations.," 3,370 ",Freemium,https://apps.shopify.com/solution-811
812,Pro Subscriptions Solution 812,Subscriptions,,,Manages recurring revenue and customer billing flows.," 3,366 ",from $9.99/mo,https://apps.shopify.com/solution-812
813,Pro Dropshipping Solution 813,Dropshipping,,,Automates product sourcing and third-party fulfillment.," 3,363 ",from $29/mo,https://apps.shopify.com/solution-813
814,Pro SEO Solution 814,SEO,,,Improves organic search visibility and website performance scores.," 3,359 ",from $29/mo,https://apps.shopify.com/solution-814
815,Pro Marketing Solution 815,Marketing,,,Automates customer communication and campaign attribution.," 3,356 ",Free plan available,https://apps.shopify.com/solution-815
816,Pro Sales Solution 816,Sales,,,Boosts average order value with conversion-focused UI elements.," 3,352 ",Freemium,https://apps.shopify.com/solution-816
817,Pro Support Solution 817,Support,,,Centralizes customer queries into a single helpdesk interface.," 3,349 ",Free plan available,https://apps.shopify.com/solution-817
818,Pro Design Solution 818,Design,,,Enhances store aesthetics with drag-and-drop themes and pages.," 3,345 ",Freemium,https://apps.shopify.com/solution-818
819,Pro Fulfillment Solution 819,Fulfillment,,,Streamlines shipping workflows and delivery time tracking.," 3,341 ",from $9.99/mo,https://apps.shopify.com/solution-819
820,Pro Inventory Solution 820,Inventory,,,Syncs stock levels across multiple warehouses and channels.," 3,338 ",Free,https://apps.shopify.com/solution-820
821,Pro Analytics Solution 821,Analytics,,,Provides data-driven insights into sales and customer cohorts.," 3,334 ",from $9.99/mo,https://apps.shopify.com/solution-821
822,Pro Legal Solution 822,Legal,,,Ensures store compliance with privacy and tax regulations.," 3,331 ",Free plan available,https://apps.shopify.com/solution-822
823,Pro Subscriptions Solution 823,Subscriptions,,,Manages recurring revenue and customer billing flows.," 3,327 ",from $9.99/mo,https://apps.shopify.com/solution-823
824,Pro Dropshipping Solution 824,Dropshipping,,,Automates product sourcing and third-party fulfillment.," 3,324 ",from $9.99/mo,https://apps.shopify.com/solution-824
825,Pro SEO Solution 825,SEO,,,Improves organic search visibility and website performance scores.," 3,320 ",from $29/mo,https://apps.shopify.com/solution-825
826,Pro Marketing Solution 826,Marketing,,,Automates customer communication and campaign attribution.," 3,317 ",from $9.99/mo,https://apps.shopify.com/solution-826
827,Pro Sales Solution 827,Sales,,,Boosts average order value with conversion-focused UI elements.," 3,314 ",Free,https://apps.shopify.com/solution-827
828,Pro Support Solution 828,Support,,,Centralizes customer queries into a single helpdesk interface.," 3,310 ",from $29/mo,https://apps.shopify.com/solution-828
829,Pro Design Solution 829,Design,,,Enhances store aesthetics with drag-and-drop themes and pages.," 3,307 ",Freemium,https://apps.shopify.com/solution-829
830,Pro Fulfillment Solution 830,Fulfillment,,,Streamlines shipping workflows and delivery time tracking.," 3,303 ",Freemium,https://apps.shopify.com/solution-830
831,Pro Inventory Solution 831,Inventory,,,Syncs stock levels across multiple warehouses and channels.," 3,300 ",Free,https://apps.shopify.com/solution-831
832,Pro Analytics Solution 832,Analytics,,,Provides data-driven insights into sales and customer cohorts.," 3,296 ",from $29/mo,https://apps.shopify.com/solution-832
833,Pro Legal Solution 833,Legal,,,Ensures store compliance with privacy and tax regulations.," 3,293 ",Freemium,https://apps.shopify.com/solution-833
834,Pro Subscriptions Solution 834,Subscriptions,,,Manages recurring revenue and customer billing flows.," 3,289 ",Free,https://apps.shopify.com/solution-834
835,Pro Dropshipping Solution 835,Dropshipping,,,Automates product sourcing and third-party fulfillment.," 3,286 ",from $9.99/mo,https://apps.shopify.com/solution-835
836,Pro SEO Solution 836,SEO,,,Improves organic search visibility and website performance scores.," 3,283 ",from $9.99/mo,https://apps.shopify.com/solution-836
837,Pro Marketing Solution 837,Marketing,,,Automates customer communication and campaign attribution.," 3,279 ",from $29/mo,https://apps.shopify.com/solution-837
838,Pro Sales Solution 838,Sales,,,Boosts average order value with conversion-focused UI elements.," 3,276 ",Free,https://apps.shopify.com/solution-838
839,Pro Support Solution 839,Support,,,Centralizes customer queries into a single helpdesk interface.," 3,273 ",Freemium,https://apps.shopify.com/solution-839
840,Pro Design Solution 840,Design,,,Enhances store aesthetics with drag-and-drop themes and pages.," 3,269 ",Free plan available,https://apps.shopify.com/solution-840
841,Pro Fulfillment Solution 841,Fulfillment,,,Streamlines shipping workflows and delivery time tracking.," 3,266 ",Free,https://apps.shopify.com/solution-841
842,Pro Inventory Solution 842,Inventory,,,Syncs stock levels across multiple warehouses and channels.," 3,262 ",Free plan available,https://apps.shopify.com/solution-842
843,Pro Analytics Solution 843,Analytics,,,Provides data-driven insights into sales and customer cohorts.," 3,259 ",Freemium,https://apps.shopify.com/solution-843
844,Pro Legal Solution 844,Legal,,,Ensures store compliance with privacy and tax regulations.," 3,256 ",Freemium,https://apps.shopify.com/solution-844
845,Pro Subscriptions Solution 845,Subscriptions,,,Manages recurring revenue and customer billing flows.," 3,252 ",from $29/mo,https://apps.shopify.com/solution-845
846,Pro Dropshipping Solution 846,Dropshipping,,,Automates product sourcing and third-party fulfillment.," 3,249 ",Freemium,https://apps.shopify.com/solution-846
847,Pro SEO Solution 847,SEO,,,Improves organic search visibility and website performance scores.," 3,246 ",Free,https://apps.shopify.com/solution-847
848,Pro Marketing Solution 848,Marketing,,,Automates customer communication and campaign attribution.," 3,242 ",from $9.99/mo,https://apps.shopify.com/solution-848
849,Pro Sales Solution 849,Sales,,,Boosts average order value with conversion-focused UI elements.," 3,239 ",from $29/mo,https://apps.shopify.com/solution-849
850,Pro Support Solution 850,Support,,,Centralizes customer queries into a single helpdesk interface.," 3,236 ",from $29/mo,https://apps.shopify.com/solution-850
851,Pro Design Solution 851,Design,,,Enhances store aesthetics with drag-and-drop themes and pages.," 3,233 ",Free plan available,https://apps.shopify.com/solution-851
852,Pro Fulfillment Solution 852,Fulfillment,,,Streamlines shipping workflows and delivery time tracking.," 3,229 ",from $9.99/mo,https://apps.shopify.com/solution-852
853,Pro Inventory Solution 853,Inventory,,,Syncs stock levels across multiple warehouses and channels.," 3,226 ",from $29/mo,https://apps.shopify.com/solution-853
854,Pro Analytics Solution 854,Analytics,,,Provides data-driven insights into sales and customer cohorts.," 3,223 ",from $29/mo,https://apps.shopify.com/solution-854
855,Pro Legal Solution 855,Legal,,,Ensures store compliance with privacy and tax regulations.," 3,220 ",Free,https://apps.shopify.com/solution-855
856,Pro Subscriptions Solution 856,Subscriptions,,,Manages recurring revenue and customer billing flows.," 3,216 ",from $29/mo,https://apps.shopify.com/solution-856
857,Pro Dropshipping Solution 857,Dropshipping,,,Automates product sourcing and third-party fulfillment.," 3,213 ",Freemium,https://apps.shopify.com/solution-857
858,Pro SEO Solution 858,SEO,,,Improves organic search visibility and website performance scores.," 3,210 ",Freemium,https://apps.shopify.com/solution-858
859,Pro Marketing Solution 859,Marketing,,,Automates customer communication and campaign attribution.," 3,207 ",from $29/mo,https://apps.shopify.com/solution-859
860,Pro Sales Solution 860,Sales,,,Boosts average order value with conversion-focused UI elements.," 3,203 ",Free,https://apps.shopify.com/solution-860
861,Pro Support Solution 861,Support,,,Centralizes customer queries into a single helpdesk interface.," 3,200 ",from $29/mo,https://apps.shopify.com/solution-861
862,Pro Design Solution 862,Design,,,Enhances store aesthetics with drag-and-drop themes and pages.," 3,197 ",from $9.99/mo,https://apps.shopify.com/solution-862
863,Pro Fulfillment Solution 863,Fulfillment,,,Streamlines shipping workflows and delivery time tracking.," 3,194 ",from $9.99/mo,https://apps.shopify.com/solution-863
864,Pro Inventory Solution 864,Inventory,,,Syncs stock levels across multiple warehouses and channels.," 3,191 ",Free,https://apps.shopify.com/solution-864
865,Pro Analytics Solution 865,Analytics,,,Provides data-driven insights into sales and customer cohorts.," 3,187 ",from $9.99/mo,https://apps.shopify.com/solution-865
866,Pro Legal Solution 866,Legal,,,Ensures store compliance with privacy and tax regulations.," 3,184 ",Freemium,https://apps.shopify.com/solution-866
867,Pro Subscriptions Solution 867,Subscriptions,,,Manages recurring revenue and customer billing flows.," 3,181 ",from $29/mo,https://apps.shopify.com/solution-867
868,Pro Dropshipping Solution 868,Dropshipping,,,Automates product sourcing and third-party fulfillment.," 3,178 ",Free plan available,https://apps.shopify.com/solution-868
869,Pro SEO Solution 869,SEO,,,Improves organic search visibility and website performance scores.," 3,175 ",Freemium,https://apps.shopify.com/solution-869
870,Pro Marketing Solution 870,Marketing,,,Automates customer communication and campaign attribution.," 3,171 ",Freemium,https://apps.shopify.com/solution-870
871,Pro Sales Solution 871,Sales,,,Boosts average order value with conversion-focused UI elements.," 3,168 ",Free plan available,https://apps.shopify.com/solution-871
872,Pro Support Solution 872,Support,,,Centralizes customer queries into a single helpdesk interface.," 3,165 ",from $9.99/mo,https://apps.shopify.com/solution-872
873,Pro Design Solution 873,Design,,,Enhances store aesthetics with drag-and-drop themes and pages.," 3,162 ",Free plan available,https://apps.shopify.com/solution-873
874,Pro Fulfillment Solution 874,Fulfillment,,,Streamlines shipping workflows and delivery time tracking.," 3,159 ",from $9.99/mo,https://apps.shopify.com/solution-874
875,Pro Inventory Solution 875,Inventory,,,Syncs stock levels across multiple warehouses and channels.," 3,156 ",from $29/mo,https://apps.shopify.com/solution-875
876,Pro Analytics Solution 876,Analytics,,,Provides data-driven insights into sales and customer cohorts.," 3,153 ",Freemium,https://apps.shopify.com/solution-876
877,Pro Legal Solution 877,Legal,,,Ensures store compliance with privacy and tax regulations.," 3,150 ",from $9.99/mo,https://apps.shopify.com/solution-877
878,Pro Subscriptions Solution 878,Subscriptions,,,Manages recurring revenue and customer billing flows.," 3,147 ",from $9.99/mo,https://apps.shopify.com/solution-878
879,Pro Dropshipping Solution 879,Dropshipping,,,Automates product sourcing and third-party fulfillment.," 3,143 ",Freemium,https://apps.shopify.com/solution-879
880,Pro SEO Solution 880,SEO,,,Improves organic search visibility and website performance scores.," 3,140 ",Free plan available,https://apps.shopify.com/solution-880
881,Pro Marketing Solution 881,Marketing,,,Automates customer communication and campaign attribution.," 3,137 ",Free plan available,https://apps.shopify.com/solution-881
882,Pro Sales Solution 882,Sales,,,Boosts average order value with conversion-focused UI elements.," 3,134 ",Freemium,https://apps.shopify.com/solution-882
883,Pro Support Solution 883,Support,,,Centralizes customer queries into a single helpdesk interface.," 3,131 ",from $29/mo,https://apps.shopify.com/solution-883
884,Pro Design Solution 884,Design,,,Enhances store aesthetics with drag-and-drop themes and pages.," 3,128 ",Free,https://apps.shopify.com/solution-884
885,Pro Fulfillment Solution 885,Fulfillment,,,Streamlines shipping workflows and delivery time tracking.," 3,125 ",Free plan available,https://apps.shopify.com/solution-885
886,Pro Inventory Solution 886,Inventory,,,Syncs stock levels across multiple warehouses and channels.," 3,122 ",Freemium,https://apps.shopify.com/solution-886
887,Pro Analytics Solution 887,Analytics,,,Provides data-driven insights into sales and customer cohorts.," 3,119 ",Free plan available,https://apps.shopify.com/solution-887
888,Pro Legal Solution 888,Legal,,,Ensures store compliance with privacy and tax regulations.," 3,116 ",from $9.99/mo,https://apps.shopify.com/solution-888
889,Pro Subscriptions Solution 889,Subscriptions,,,Manages recurring revenue and customer billing flows.," 3,113 ",Free,https://apps.shopify.com/solution-889
890,Pro Dropshipping Solution 890,Dropshipping,,,Automates product sourcing and third-party fulfillment.," 3,110 ",Free plan available,https://apps.shopify.com/solution-890
891,Pro SEO Solution 891,SEO,,,Improves organic search visibility and website performance scores.," 3,107 ",Free,https://apps.shopify.com/solution-891
892,Pro Marketing Solution 892,Marketing,,,Automates customer communication and campaign attribution.," 3,104 ",Freemium,https://apps.shopify.com/solution-892
893,Pro Sales Solution 893,Sales,,,Boosts average order value with conversion-focused UI elements.," 3,101 ",from $29/mo,https://apps.shopify.com/solution-893
894,Pro Support Solution 894,Support,,,Centralizes customer queries into a single helpdesk interface.," 3,098 ",Free,https://apps.shopify.com/solution-894
895,Pro Design Solution 895,Design,,,Enhances store aesthetics with drag-and-drop themes and pages.," 3,095 ",Free plan available,https://apps.shopify.com/solution-895
896,Pro Fulfillment Solution 896,Fulfillment,,,Streamlines shipping workflows and delivery time tracking.," 3,092 ",Freemium,https://apps.shopify.com/solution-896
897,Pro Inventory Solution 897,Inventory,,,Syncs stock levels across multiple warehouses and channels.," 3,089 ",Free plan available,https://apps.shopify.com/solution-897
898,Pro Analytics Solution 898,Analytics,,,Provides data-driven insights into sales and customer cohorts.," 3,086 ",Free,https://apps.shopify.com/solution-898
899,Pro Legal Solution 899,Legal,,,Ensures store compliance with privacy and tax regulations.," 3,083 ",from $29/mo,https://apps.shopify.com/solution-899
900,Pro Subscriptions Solution 900,Subscriptions,,,Manages recurring revenue and customer billing flows.," 3,080 ",from $9.99/mo,https://apps.shopify.com/solution-900
901,Pro Dropshipping Solution 901,Dropshipping,,,Automates product sourcing and third-party fulfillment.," 3,077 ",from $29/mo,https://apps.shopify.com/solution-901
902,Pro SEO Solution 902,SEO,,,Improves organic search visibility and website performance scores.," 3,074 ",Free plan available,https://apps.shopify.com/solution-902
903,Pro Marketing Solution 903,Marketing,,,Automates customer communication and campaign attribution.," 3,071 ",from $29/mo,https://apps.shopify.com/solution-903
904,Pro Sales Solution 904,Sales,,,Boosts average order value with conversion-focused UI elements.," 3,068 ",Free plan available,https://apps.shopify.com/solution-904
905,Pro Support Solution 905,Support,,,Centralizes customer queries into a single helpdesk interface.," 3,065 ",from $29/mo,https://apps.shopify.com/solution-905
906,Pro Design Solution 906,Design,,,Enhances store aesthetics with drag-and-drop themes and pages.," 3,062 ",Freemium,https://apps.shopify.com/solution-906
907,Pro Fulfillment Solution 907,Fulfillment,,,Streamlines shipping workflows and delivery time tracking.," 3,059 ",Free plan available,https://apps.shopify.com/solution-907
908,Pro Inventory Solution 908,Inventory,,,Syncs stock levels across multiple warehouses and channels.," 3,056 ",Freemium,https://apps.shopify.com/solution-908
909,Pro Analytics Solution 909,Analytics,,,Provides data-driven insights into sales and customer cohorts.," 3,054 ",Free plan available,https://apps.shopify.com/solution-909
910,Pro Legal Solution 910,Legal,,,Ensures store compliance with privacy and tax regulations.," 3,051 ",Free plan available,https://apps.shopify.com/solution-910
911,Pro Subscriptions Solution 911,Subscriptions,,,Manages recurring revenue and customer billing flows.," 3,048 ",from $9.99/mo,https://apps.shopify.com/solution-911
912,Pro Dropshipping Solution 912,Dropshipping,,,Automates product sourcing and third-party fulfillment.," 3,045 ",Free,https://apps.shopify.com/solution-912
913,Pro SEO Solution 913,SEO,,,Improves organic search visibility and website performance scores.," 3,042 ",Free,https://apps.shopify.com/solution-913
914,Pro Marketing Solution 914,Marketing,,,Automates customer communication and campaign attribution.," 3,039 ",Free,https://apps.shopify.com/solution-914
915,Pro Sales Solution 915,Sales,,,Boosts average order value with conversion-focused UI elements.," 3,036 ",Free plan available,https://apps.shopify.com/solution-915
916,Pro Support Solution 916,Support,,,Centralizes customer queries into a single helpdesk interface.," 3,033 ",Free,https://apps.shopify.com/solution-916
917,Pro Design Solution 917,Design,,,Enhances store aesthetics with drag-and-drop themes and pages.," 3,031 ",from $9.99/mo,https://apps.shopify.com/solution-917
918,Pro Fulfillment Solution 918,Fulfillment,,,Streamlines shipping workflows and delivery time tracking.," 3,028 ",from $9.99/mo,https://apps.shopify.com/solution-918
919,Pro Inventory Solution 919,Inventory,,,Syncs stock levels across multiple warehouses and channels.," 3,025 ",from $9.99/mo,https://apps.shopify.com/solution-919
920,Pro Analytics Solution 920,Analytics,,,Provides data-driven insights into sales and customer cohorts.," 3,022 ",from $9.99/mo,https://apps.shopify.com/solution-920
921,Pro Legal Solution 921,Legal,,,Ensures store compliance with privacy and tax regulations.," 3,019 ",Freemium,https://apps.shopify.com/solution-921
922,Pro Subscriptions Solution 922,Subscriptions,,,Manages recurring revenue and customer billing flows.," 3,016 ",Freemium,https://apps.shopify.com/solution-922
923,Pro Dropshipping Solution 923,Dropshipping,,,Automates product sourcing and third-party fulfillment.," 3,013 ",Free,https://apps.shopify.com/solution-923
924,Pro SEO Solution 924,SEO,,,Improves organic search visibility and website performance scores.," 3,011 ",from $9.99/mo,https://apps.shopify.com/solution-924
925,Pro Marketing Solution 925,Marketing,,,Automates customer communication and campaign attribution.," 3,008 ",Freemium,https://apps.shopify.com/solution-925
926,Pro Sales Solution 926,Sales,,,Boosts average order value with conversion-focused UI elements.," 3,005 ",Free,https://apps.shopify.com/solution-926
927,Pro Support Solution 927,Support,,,Centralizes customer queries into a single helpdesk interface.," 3,002 ",Free,https://apps.shopify.com/solution-927
928,Pro Design Solution 928,Design,,,Enhances store aesthetics with drag-and-drop themes and pages.," 2,999 ",from $9.99/mo,https://apps.shopify.com/solution-928
929,Pro Fulfillment Solution 929,Fulfillment,,,Streamlines shipping workflows and delivery time tracking.," 2,997 ",Free plan available,https://apps.shopify.com/solution-929
930,Pro Inventory Solution 930,Inventory,,,Syncs stock levels across multiple warehouses and channels.," 2,994 ",from $29/mo,https://apps.shopify.com/solution-930
931,Pro Analytics Solution 931,Analytics,,,Provides data-driven insights into sales and customer cohorts.," 2,991 ",Free,https://apps.shopify.com/solution-931
932,Pro Legal Solution 932,Legal,,,Ensures store compliance with privacy and tax regulations.," 2,988 ",Freemium,https://apps.shopify.com/solution-932
933,Pro Subscriptions Solution 933,Subscriptions,,,Manages recurring revenue and customer billing flows.," 2,986 ",Free,https://apps.shopify.com/solution-933
934,Pro Dropshipping Solution 934,Dropshipping,,,Automates product sourcing and third-party fulfillment.," 2,983 ",Freemium,https://apps.shopify.com/solution-934
935,Pro SEO Solution 935,SEO,,,Improves organic search visibility and website performance scores.," 2,980 ",from $29/mo,https://apps.shopify.com/solution-935
936,Pro Marketing Solution 936,Marketing,,,Automates customer communication and campaign attribution.," 2,977 ",Freemium,https://apps.shopify.com/solution-936
937,Pro Sales Solution 937,Sales,,,Boosts average order value with conversion-focused UI elements.," 2,975 ",Free plan available,https://apps.shopify.com/solution-937
938,Pro Support Solution 938,Support,,,Centralizes customer queries into a single helpdesk interface.," 2,972 ",from $9.99/mo,https://apps.shopify.com/solution-938
939,Pro Design Solution 939,Design,,,Enhances store aesthetics with drag-and-drop themes and pages.," 2,969 ",Freemium,https://apps.shopify.com/solution-939
940,Pro Fulfillment Solution 940,Fulfillment,,,Streamlines shipping workflows and delivery time tracking.," 2,966 ",Freemium,https://apps.shopify.com/solution-940
941,Pro Inventory Solution 941,Inventory,,,Syncs stock levels across multiple warehouses and channels.," 2,964 ",from $9.99/mo,https://apps.shopify.com/solution-941
942,Pro Analytics Solution 942,Analytics,,,Provides data-driven insights into sales and customer cohorts.," 2,961 ",from $29/mo,https://apps.shopify.com/solution-942
943,Pro Legal Solution 943,Legal,,,Ensures store compliance with privacy and tax regulations.," 2,958 ",from $29/mo,https://apps.shopify.com/solution-943
944,Pro Subscriptions Solution 944,Subscriptions,,,Manages recurring revenue and customer billing flows.," 2,955 ",Freemium,https://apps.shopify.com/solution-944
945,Pro Dropshipping Solution 945,Dropshipping,,,Automates product sourcing and third-party fulfillment.," 2,953 ",Free,https://apps.shopify.com/solution-945
946,Pro SEO Solution 946,SEO,,,Improves organic search visibility and website performance scores.," 2,950 ",Free plan available,https://apps.shopify.com/solution-946
947,Pro Marketing Solution 947,Marketing,,,Automates customer communication and campaign attribution.," 2,947 ",Free,https://apps.shopify.com/solution-947
948,Pro Sales Solution 948,Sales,,,Boosts average order value with conversion-focused UI elements.," 2,945 ",from $29/mo,https://apps.shopify.com/solution-948
949,Pro Support Solution 949,Support,,,Centralizes customer queries into a single helpdesk interface.," 2,942 ",Free plan available,https://apps.shopify.com/solution-949
950,Pro Design Solution 950,Design,,,Enhances store aesthetics with drag-and-drop themes and pages.," 2,939 ",Free,https://apps.shopify.com/solution-950
951,Pro Fulfillment Solution 951,Fulfillment,,,Streamlines shipping workflows and delivery time tracking.," 2,937 ",from $9.99/mo,https://apps.shopify.com/solution-951
952,Pro Inventory Solution 952,Inventory,,,Syncs stock levels across multiple warehouses and channels.," 2,934 ",Freemium,https://apps.shopify.com/solution-952
953,Pro Analytics Solution 953,Analytics,,,Provides data-driven insights into sales and customer cohorts.," 2,931 ",Free,https://apps.shopify.com/solution-953
954,Pro Legal Solution 954,Legal,,,Ensures store compliance with privacy and tax regulations.," 2,929 ",from $29/mo,https://apps.shopify.com/solution-954
955,Pro Subscriptions Solution 955,Subscriptions,,,Manages recurring revenue and customer billing flows.," 2,926 ",Freemium,https://apps.shopify.com/solution-955
956,Pro Dropshipping Solution 956,Dropshipping,,,Automates product sourcing and third-party fulfillment.," 2,923 ",Freemium,https://apps.shopify.com/solution-956
957,Pro SEO Solution 957,SEO,,,Improves organic search visibility and website performance scores.," 2,921 ",Free plan available,https://apps.shopify.com/solution-957
958,Pro Marketing Solution 958,Marketing,,,Automates customer communication and campaign attribution.," 2,918 ",from $29/mo,https://apps.shopify.com/solution-958
959,Pro Sales Solution 959,Sales,,,Boosts average order value with conversion-focused UI elements.," 2,915 ",from $29/mo,https://apps.shopify.com/solution-959
960,Pro Support Solution 960,Support,,,Centralizes customer queries into a single helpdesk interface.," 2,913 ",Free,https://apps.shopify.com/solution-960
961,Pro Design Solution 961,Design,,,Enhances store aesthetics with drag-and-drop themes and pages.," 2,910 ",Freemium,https://apps.shopify.com/solution-961
962,Pro Fulfillment Solution 962,Fulfillment,,,Streamlines shipping workflows and delivery time tracking.," 2,908 ",Free,https://apps.shopify.com/solution-962
963,Pro Inventory Solution 963,Inventory,,,Syncs stock levels across multiple warehouses and channels.," 2,905 ",Freemium,https://apps.shopify.com/solution-963
964,Pro Analytics Solution 964,Analytics,,,Provides data-driven insights into sales and customer cohorts.," 2,902 ",from $29/mo,https://apps.shopify.com/solution-964
965,Pro Legal Solution 965,Legal,,,Ensures store compliance with privacy and tax regulations.," 2,900 ",Free,https://apps.shopify.com/solution-965
966,Pro Subscriptions Solution 966,Subscriptions,,,Manages recurring revenue and customer billing flows.," 2,897 ",Free,https://apps.shopify.com/solution-966
967,Pro Dropshipping Solution 967,Dropshipping,,,Automates product sourcing and third-party fulfillment.," 2,895 ",Freemium,https://apps.shopify.com/solution-967
968,Pro SEO Solution 968,SEO,,,Improves organic search visibility and website performance scores.," 2,892 ",from $9.99/mo,https://apps.shopify.com/solution-968
969,Pro Marketing Solution 969,Marketing,,,Automates customer communication and campaign attribution.," 2,889 ",from $9.99/mo,https://apps.shopify.com/solution-969
970,Pro Sales Solution 970,Sales,,,Boosts average order value with conversion-focused UI elements.," 2,887 ",from $9.99/mo,https://apps.shopify.com/solution-970
971,Pro Support Solution 971,Support,,,Centralizes customer queries into a single helpdesk interface.," 2,884 ",from $29/mo,https://apps.shopify.com/solution-971
972,Pro Design Solution 972,Design,,,Enhances store aesthetics with drag-and-drop themes and pages.," 2,882 ",from $29/mo,https://apps.shopify.com/solution-972
973,Pro Fulfillment Solution 973,Fulfillment,,,Streamlines shipping workflows and delivery time tracking.," 2,879 ",from $29/mo,https://apps.shopify.com/solution-973
974,Pro Inventory Solution 974,Inventory,,,Syncs stock levels across multiple warehouses and channels.," 2,877 ",from $9.99/mo,https://apps.shopify.com/solution-974
975,Pro Analytics Solution 975,Analytics,,,Provides data-driven insights into sales and customer cohorts.," 2,874 ",Freemium,https://apps.shopify.com/solution-975
976,Pro Legal Solution 976,Legal,,,Ensures store compliance with privacy and tax regulations.," 2,872 ",Free plan available,https://apps.shopify.com/solution-976
977,Pro Subscriptions Solution 977,Subscriptions,,,Manages recurring revenue and customer billing flows.," 2,869 ",Free,https://apps.shopify.com/solution-977
978,Pro Dropshipping Solution 978,Dropshipping,,,Automates product sourcing and third-party fulfillment.," 2,866 ",Free,https://apps.shopify.com/solution-978
979,Pro SEO Solution 979,SEO,,,Improves organic search visibility and website performance scores.," 2,864 ",Free plan available,https://apps.shopify.com/solution-979
980,Pro Marketing Solution 980,Marketing,,,Automates customer communication and campaign attribution.," 2,861 ",Freemium,https://apps.shopify.com/solution-980
981,Pro Sales Solution 981,Sales,,,Boosts average order value with conversion-focused UI elements.," 2,859 ",Free,https://apps.shopify.com/solution-981
982,Pro Support Solution 982,Support,,,Centralizes customer queries into a single helpdesk interface.," 2,856 ",from $29/mo,https://apps.shopify.com/solution-982
983,Pro Design Solution 983,Design,,,Enhances store aesthetics with drag-and-drop themes and pages.," 2,854 ",from $29/mo,https://apps.shopify.com/solution-983
984,Pro Fulfillment Solution 984,Fulfillment,,,Streamlines shipping workflows and delivery time tracking.," 2,851 ",from $9.99/mo,https://apps.shopify.com/solution-984
985,Pro Inventory Solution 985,Inventory,,,Syncs stock levels across multiple warehouses and channels.," 2,849 ",from $9.99/mo,https://apps.shopify.com/solution-985
986,Pro Analytics Solution 986,Analytics,,,Provides data-driven insights into sales and customer cohorts.," 2,846 ",from $29/mo,https://apps.shopify.com/solution-986
987,Pro Legal Solution 987,Legal,,,Ensures store compliance with privacy and tax regulations.," 2,844 ",from $29/mo,https://apps.shopify.com/solution-987
988,Pro Subscriptions Solution 988,Subscriptions,,,Manages recurring revenue and customer billing flows.," 2,841 ",Free plan available,https://apps.shopify.com/solution-988
989,Pro Dropshipping Solution 989,Dropshipping,,,Automates product sourcing and third-party fulfillment.," 2,839 ",Freemium,https://apps.shopify.com/solution-989
990,Pro SEO Solution 990,SEO,,,Improves organic search visibility and website performance scores.," 2,836 ",Free,https://apps.shopify.com/solution-990
991,Pro Marketing Solution 991,Marketing,,,Automates customer communication and campaign attribution.," 2,834 ",Free plan available,https://apps.shopify.com/solution-991
992,Pro Sales Solution 992,Sales,,,Boosts average order value with conversion-focused UI elements.," 2,831 ",from $29/mo,https://apps.shopify.com/solution-992
993,Pro Support Solution 993,Support,,,Centralizes customer queries into a single helpdesk interface.," 2,829 ",Free plan available,https://apps.shopify.com/solution-993
994,Pro Design Solution 994,Design,,,Enhances store aesthetics with drag-and-drop themes and pages.," 2,827 ",Freemium,https://apps.shopify.com/solution-994
995,Pro Fulfillment Solution 995,Fulfillment,,,Streamlines shipping workflows and delivery time tracking.," 2,824 ",from $29/mo,https://apps.shopify.com/solution-995
996,Pro Inventory Solution 996,Inventory,,,Syncs stock levels across multiple warehouses and channels.," 2,822 ",Free,https://apps.shopify.com/solution-996
997,Pro Analytics Solution 997,Analytics,,,Provides data-driven insights into sales and customer cohorts.," 2,819 ",Free plan available,https://apps.shopify.com/solution-997
998,Pro Legal Solution 998,Legal,,,Ensures store compliance with privacy and tax regulations.," 2,817 ",from $29/mo,https://apps.shopify.com/solution-998
999,Pro Subscriptions Solution 999,Subscriptions,,,Manages recurring revenue and customer billing flows.," 2,814 ",from $29/mo,https://apps.shopify.com/solution-999
1000,Pro Dropshipping Solution 1000,Dropshipping,,,Automates product sourcing and third-party fulfillment.," 2,812 ",from $29/mo,https://apps.shopify.com/solution-1000
1001,Pro SEO Solution 1001,SEO,,,Improves organic search visibility and website performance scores.," 2,809 ",from $9.99/mo,https://apps.shopify.com/solution-1001
1002,Pro Marketing Solution 1002,Marketing,,,Automates customer communication and campaign attribution.," 2,807 ",Free plan available,https://apps.shopify.com/solution-1002
1003,Pro Sales Solution 1003,Sales,,,Boosts average order value with conversion-focused UI elements.," 2,805 ",Freemium,https://apps.shopify.com/solution-1003
1004,Pro Support Solution 1004,Support,,,Centralizes customer queries into a single helpdesk interface.," 2,802 ",from $29/mo,https://apps.shopify.com/solution-1004
1005,Pro Design Solution 1005,Design,,,Enhances store aesthetics with drag-and-drop themes and pages.," 2,800 ",from $9.99/mo,https://apps.shopify.com/solution-1005
1006,Pro Fulfillment Solution 1006,Fulfillment,,,Streamlines shipping workflows and delivery time tracking.," 2,797 ",Free plan available,https://apps.shopify.com/solution-1006
1007,Pro Inventory Solution 1007,Inventory,,,Syncs stock levels across multiple warehouses and channels.," 2,795 ",from $29/mo,https://apps.shopify.com/solution-1007
1008,Pro Analytics Solution 1008,Analytics,,,Provides data-driven insights into sales and customer cohorts.," 2,793 ",Free plan available,https://apps.shopify.com/solution-1008
1009,Pro Legal Solution 1009,Legal,,,Ensures store compliance with privacy and tax regulations.," 2,790 ",Free plan available,https://apps.shopify.com/solution-1009
1010,Pro Subscriptions Solution 1010,Subscriptions,,,Manages recurring revenue and customer billing flows.," 2,788 ",Free plan available,https://apps.shopify.com/solution-1010
1011,Pro Dropshipping Solution 1011,Dropshipping,,,Automates product sourcing and third-party fulfillment.," 2,785 ",from $29/mo,https://apps.shopify.com/solution-1011
1012,Pro SEO Solution 1012,SEO,,,Improves organic search visibility and website performance scores.," 2,783 ",Free plan available,https://apps.shopify.com/solution-1012
1013,Pro Marketing Solution 1013,Marketing,,,Automates customer communication and campaign attribution.," 2,781 ",from $9.99/mo,https://apps.shopify.com/solution-1013
1014,Pro Sales Solution 1014,Sales,,,Boosts average order value with conversion-focused UI elements.," 2,778 ",Free,https://apps.shopify.com/solution-1014
1015,Pro Support Solution 1015,Support,,,Centralizes customer queries into a single helpdesk interface.," 2,776 ",Free plan available,https://apps.shopify.com/solution-1015
1016,Pro Design Solution 1016,Design,,,Enhances store aesthetics with drag-and-drop themes and pages.," 2,774 ",Freemium,https://apps.shopify.com/solution-1016
1017,Pro Fulfillment Solution 1017,Fulfillment,,,Streamlines shipping workflows and delivery time tracking.," 2,771 ",from $9.99/mo,https://apps.shopify.com/solution-1017
1018,Pro Inventory Solution 1018,Inventory,,,Syncs stock levels across multiple warehouses and channels.," 2,769 ",from $29/mo,https://apps.shopify.com/solution-1018
1019,Pro Analytics Solution 1019,Analytics,,,Provides data-driven insights into sales and customer cohorts.," 2,766 ",from $9.99/mo,https://apps.shopify.com/solution-1019
1020,Pro Legal Solution 1020,Legal,,,Ensures store compliance with privacy and tax regulations.," 2,764 ",Free,https://apps.shopify.com/solution-1020
1021,Pro Subscriptions Solution 1021,Subscriptions,,,Manages recurring revenue and customer billing flows.," 2,762 ",Freemium,https://apps.shopify.com/solution-1021
1022,Pro Dropshipping Solution 1022,Dropshipping,,,Automates product sourcing and third-party fulfillment.," 2,759 ",Free plan available,https://apps.shopify.com/solution-1022
1023,Pro SEO Solution 1023,SEO,,,Improves organic search visibility and website performance scores.," 2,757 ",from $9.99/mo,https://apps.shopify.com/solution-1023
1024,Pro Marketing Solution 1024,Marketing,,,Automates customer communication and campaign attribution.," 2,755 ",Free plan available,https://apps.shopify.com/solution-1024
1025,Pro Sales Solution 1025,Sales,,,Boosts average order value with conversion-focused UI elements.," 2,752 ",from $29/mo,https://apps.shopify.com/solution-1025
1026,Pro Support Solution 1026,Support,,,Centralizes customer queries into a single helpdesk interface.," 2,750 ",Free,https://apps.shopify.com/solution-1026
1027,Pro Design Solution 1027,Design,,,Enhances store aesthetics with drag-and-drop themes and pages.," 2,748 ",from $9.99/mo,https://apps.shopify.com/solution-1027
1028,Pro Fulfillment Solution 1028,Fulfillment,,,Streamlines shipping workflows and delivery time tracking.," 2,746 ",from $29/mo,https://apps.shopify.com/solution-1028
1029,Pro Inventory Solution 1029,Inventory,,,Syncs stock levels across multiple warehouses and channels.," 2,743 ",from $29/mo,https://apps.shopify.com/solution-1029
1030,Pro Analytics Solution 1030,Analytics,,,Provides data-driven insights into sales and customer cohorts.," 2,741 ",from $29/mo,https://apps.shopify.com/solution-1030
1031,Pro Legal Solution 1031,Legal,,,Ensures store compliance with privacy and tax regulations.," 2,739 ",Freemium,https://apps.shopify.com/solution-1031
1032,Pro Subscriptions Solution 1032,Subscriptions,,,Manages recurring revenue and customer billing flows.," 2,736 ",Free plan available,https://apps.shopify.com/solution-1032
1033,Pro Dropshipping Solution 1033,Dropshipping,,,Automates product sourcing and third-party fulfillment.," 2,734 ",from $9.99/mo,https://apps.shopify.com/solution-1033
1034,Pro SEO Solution 1034,SEO,,,Improves organic search visibility and website performance scores.," 2,732 ",from $29/mo,https://apps.shopify.com/solution-1034
1035,Pro Marketing Solution 1035,Marketing,,,Automates customer communication and campaign attribution.," 2,729 ",Freemium,https://apps.shopify.com/solution-1035
1036,Pro Sales Solution 1036,Sales,,,Boosts average order value with conversion-focused UI elements.," 2,727 ",Free,https://apps.shopify.com/solution-1036
1037,Pro Support Solution 1037,Support,,,Centralizes customer queries into a single helpdesk interface.," 2,725 ",Freemium,https://apps.shopify.com/solution-1037
1038,Pro Design Solution 1038,Design,,,Enhances store aesthetics with drag-and-drop themes and pages.," 2,723 ",Free,https://apps.shopify.com/solution-1038
1039,Pro Fulfillment Solution 1039,Fulfillment,,,Streamlines shipping workflows and delivery time tracking.," 2,720 ",Free plan available,https://apps.shopify.com/solution-1039
1040,Pro Inventory Solution 1040,Inventory,,,Syncs stock levels across multiple warehouses and channels.," 2,718 ",Free plan available,https://apps.shopify.com/solution-1040
1041,Pro Analytics Solution 1041,Analytics,,,Provides data-driven insights into sales and customer cohorts.," 2,716 ",Free plan available,https://apps.shopify.com/solution-1041
1042,Pro Legal Solution 1042,Legal,,,Ensures store compliance with privacy and tax regulations.," 2,714 ",Free,https://apps.shopify.com/solution-1042
1043,Pro Subscriptions Solution 1043,Subscriptions,,,Manages recurring revenue and customer billing flows.," 2,711 ",from $9.99/mo,https://apps.shopify.com/solution-1043
1044,Pro Dropshipping Solution 1044,Dropshipping,,,Automates product sourcing and third-party fulfillment.," 2,709 ",Freemium,https://apps.shopify.com/solution-1044
1045,Pro SEO Solution 1045,SEO,,,Improves organic search visibility and website performance scores.," 2,707 ",Free,https://apps.shopify.com/solution-1045
1046,Pro Marketing Solution 1046,Marketing,,,Automates customer communication and campaign attribution.," 2,705 ",from $9.99/mo,https://apps.shopify.com/solution-1046
1047,Pro Sales Solution 1047,Sales,,,Boosts average order value with conversion-focused UI elements.," 2,702 ",from $9.99/mo,https://apps.shopify.com/solution-1047
1048,Pro Support Solution 1048,Support,,,Centralizes customer queries into a single helpdesk interface.," 2,700 ",Free,https://apps.shopify.com/solution-1048
1049,Pro Design Solution 1049,Design,,,Enhances store aesthetics with drag-and-drop themes and pages.," 2,698 ",from $29/mo,https://apps.shopify.com/solution-1049
1050,Pro Fulfillment Solution 1050,Fulfillment,,,Streamlines shipping workflows and delivery time tracking.," 2,696 ",Free,https://apps.shopify.com/solution-1050
1051,Pro Inventory Solution 1051,Inventory,,,Syncs stock levels across multiple warehouses and channels.," 2,694 ",Free,https://apps.shopify.com/solution-1051
1052,Pro Analytics Solution 1052,Analytics,,,Provides data-driven insights into sales and customer cohorts.," 2,691 ",Freemium,https://apps.shopify.com/solution-1052
1053,Pro Legal Solution 1053,Legal,,,Ensures store compliance with privacy and tax regulations.," 2,689 ",from $9.99/mo,https://apps.shopify.com/solution-1053
1054,Pro Subscriptions Solution 1054,Subscriptions,,,Manages recurring revenue and customer billing flows.," 2,687 ",from $29/mo,https://apps.shopify.com/solution-1054
1055,Pro Dropshipping Solution 1055,Dropshipping,,,Automates product sourcing and third-party fulfillment.," 2,685 ",Free,https://apps.shopify.com/solution-1055
1056,Pro SEO Solution 1056,SEO,,,Improves organic search visibility and website performance scores.," 2,683 ",from $29/mo,https://apps.shopify.com/solution-1056
1057,Pro Marketing Solution 1057,Marketing,,,Automates customer communication and campaign attribution.," 2,680 ",from $29/mo,https://apps.shopify.com/solution-1057
1058,Pro Sales Solution 1058,Sales,,,Boosts average order value with conversion-focused UI elements.," 2,678 ",Free plan available,https://apps.shopify.com/solution-1058
1059,Pro Support Solution 1059,Support,,,Centralizes customer queries into a single helpdesk interface.," 2,676 ",Free plan available,https://apps.shopify.com/solution-1059
1060,Pro Design Solution 1060,Design,,,Enhances store aesthetics with drag-and-drop themes and pages.," 2,674 ",from $9.99/mo,https://apps.shopify.com/solution-1060
1061,Pro Fulfillment Solution 1061,Fulfillment,,,Streamlines shipping workflows and delivery time tracking.," 2,672 ",from $29/mo,https://apps.shopify.com/solution-1061
1062,Pro Inventory Solution 1062,Inventory,,,Syncs stock levels across multiple warehouses and channels.," 2,669 ",Free,https://apps.shopify.com/solution-1062
1063,Pro Analytics Solution 1063,Analytics,,,Provides data-driven insights into sales and customer cohorts.," 2,667 ",from $29/mo,https://apps.shopify.com/solution-1063
1064,Pro Legal Solution 1064,Legal,,,Ensures store compliance with privacy and tax regulations.," 2,665 ",from $29/mo,https://apps.shopify.com/solution-1064
1065,Pro Subscriptions Solution 1065,Subscriptions,,,Manages recurring revenue and customer billing flows.," 2,663 ",Free,https://apps.shopify.com/solution-1065
1066,Pro Dropshipping Solution 1066,Dropshipping,,,Automates product sourcing and third-party fulfillment.," 2,661 ",from $9.99/mo,https://apps.shopify.com/solution-1066
1067,Pro SEO Solution 1067,SEO,,,Improves organic search visibility and website performance scores.," 2,659 ",Freemium,https://apps.shopify.com/solution-1067
1068,Pro Marketing Solution 1068,Marketing,,,Automates customer communication and campaign attribution.," 2,656 ",Free plan available,https://apps.shopify.com/solution-1068
1069,Pro Sales Solution 1069,Sales,,,Boosts average order value with conversion-focused UI elements.," 2,654 ",from $29/mo,https://apps.shopify.com/solution-1069
1070,Pro Support Solution 1070,Support,,,Centralizes customer queries into a single helpdesk interface.," 2,652 ",from $29/mo,https://apps.shopify.com/solution-1070
1071,Pro Design Solution 1071,Design,,,Enhances store aesthetics with drag-and-drop themes and pages.," 2,650 ",from $9.99/mo,https://apps.shopify.com/solution-1071
1072,Pro Fulfillment Solution 1072,Fulfillment,,,Streamlines shipping workflows and delivery time tracking.," 2,648 ",from $9.99/mo,https://apps.shopify.com/solution-1072
1073,Pro Inventory Solution 1073,Inventory,,,Syncs stock levels across multiple warehouses and channels.," 2,646 ",Free plan available,https://apps.shopify.com/solution-1073
1074,Pro Analytics Solution 1074,Analytics,,,Provides data-driven insights into sales and customer cohorts.," 2,644 ",from $29/mo,https://apps.shopify.com/solution-1074
1075,Pro Legal Solution 1075,Legal,,,Ensures store compliance with privacy and tax regulations.," 2,641 ",Free plan available,https://apps.shopify.com/solution-1075
1076,Pro Subscriptions Solution 1076,Subscriptions,,,Manages recurring revenue and customer billing flows.," 2,639 ",from $29/mo,https://apps.shopify.com/solution-1076
1077,Pro Dropshipping Solution 1077,Dropshipping,,,Automates product sourcing and third-party fulfillment.," 2,637 ",from $9.99/mo,https://apps.shopify.com/solution-1077
1078,Pro SEO Solution 1078,SEO,,,Improves organic search visibility and website performance scores.," 2,635 ",Free,https://apps.shopify.com/solution-1078
1079,Pro Marketing Solution 1079,Marketing,,,Automates customer communication and campaign attribution.," 2,633 ",from $9.99/mo,https://apps.shopify.com/solution-1079
1080,Pro Sales Solution 1080,Sales,,,Boosts average order value with conversion-focused UI elements.," 2,631 ",from $9.99/mo,https://apps.shopify.com/solution-1080
1081,Pro Support Solution 1081,Support,,,Centralizes customer queries into a single helpdesk interface.," 2,629 ",from $9.99/mo,https://apps.shopify.com/solution-1081
1082,Pro Design Solution 1082,Design,,,Enhances store aesthetics with drag-and-drop themes and pages.," 2,627 ",Free,https://apps.shopify.com/solution-1082
1083,Pro Fulfillment Solution 1083,Fulfillment,,,Streamlines shipping workflows and delivery time tracking.," 2,625 ",from $29/mo,https://apps.shopify.com/solution-1083
1084,Pro Inventory Solution 1084,Inventory,,,Syncs stock levels across multiple warehouses and channels.," 2,623 ",from $29/mo,https://apps.shopify.com/solution-1084
1085,Pro Analytics Solution 1085,Analytics,,,Provides data-driven insights into sales and customer cohorts.," 2,620 ",Free,https://apps.shopify.com/solution-1085
1086,Pro Legal Solution 1086,Legal,,,Ensures store compliance with privacy and tax regulations.," 2,618 ",Free,https://apps.shopify.com/solution-1086
1087,Pro Subscriptions Solution 1087,Subscriptions,,,Manages recurring revenue and customer billing flows.," 2,616 ",from $29/mo,https://apps.shopify.com/solution-1087
1088,Pro Dropshipping Solution 1088,Dropshipping,,,Automates product sourcing and third-party fulfillment.," 2,614 ",from $29/mo,https://apps.shopify.com/solution-1088
1089,Pro SEO Solution 1089,SEO,,,Improves organic search visibility and website performance scores.," 2,612 ",from $9.99/mo,https://apps.shopify.com/solution-1089
1090,Pro Marketing Solution 1090,Marketing,,,Automates customer communication and campaign attribution.," 2,610 ",Freemium,https://apps.shopify.com/solution-1090
1091,Pro Sales Solution 1091,Sales,,,Boosts average order value with conversion-focused UI elements.," 2,608 ",from $29/mo,https://apps.shopify.com/solution-1091
1092,Pro Support Solution 1092,Support,,,Centralizes customer queries into a single helpdesk interface.," 2,606 ",from $29/mo,https://apps.shopify.com/solution-1092
1093,Pro Design Solution 1093,Design,,,Enhances store aesthetics with drag-and-drop themes and pages.," 2,604 ",from $9.99/mo,https://apps.shopify.com/solution-1093
1094,Pro Fulfillment Solution 1094,Fulfillment,,,Streamlines shipping workflows and delivery time tracking.," 2,602 ",Freemium,https://apps.shopify.com/solution-1094
1095,Pro Inventory Solution 1095,Inventory,,,Syncs stock levels across multiple warehouses and channels.," 2,600 ",Free,https://apps.shopify.com/solution-1095
1096,Pro Analytics Solution 1096,Analytics,,,Provides data-driven insights into sales and customer cohorts.," 2,598 ",Freemium,https://apps.shopify.com/solution-1096
1097,Pro Legal Solution 1097,Legal,,,Ensures store compliance with privacy and tax regulations.," 2,596 ",Free plan available,https://apps.shopify.com/solution-1097
1098,Pro Subscriptions Solution 1098,Subscriptions,,,Manages recurring revenue and customer billing flows.," 2,594 ",from $29/mo,https://apps.shopify.com/solution-1098
1099,Pro Dropshipping Solution 1099,Dropshipping,,,Automates product sourcing and third-party fulfillment.," 2,592 ",from $29/mo,https://apps.shopify.com/solution-1099
1100,Pro SEO Solution 1100,SEO,,,Improves organic search visibility and website performance scores.," 2,590 ",Free,https://apps.shopify.com/solution-1100
1101,Pro Marketing Solution 1101,Marketing,,,Automates customer communication and campaign attribution.," 2,587 ",Free plan available,https://apps.shopify.com/solution-1101
1102,Pro Sales Solution 1102,Sales,,,Boosts average order value with conversion-focused UI elements.," 2,585 ",from $29/mo,https://apps.shopify.com/solution-1102
1103,Pro Support Solution 1103,Support,,,Centralizes customer queries into a single helpdesk interface.," 2,583 ",from $9.99/mo,https://apps.shopify.com/solution-1103
1104,Pro Design Solution 1104,Design,,,Enhances store aesthetics with drag-and-drop themes and pages.," 2,581 ",Free plan available,https://apps.shopify.com/solution-1104
1105,Pro Fulfillment Solution 1105,Fulfillment,,,Streamlines shipping workflows and delivery time tracking.," 2,579 ",Free plan available,https://apps.shopify.com/solution-1105
1106,Pro Inventory Solution 1106,Inventory,,,Syncs stock levels across multiple warehouses and channels.," 2,577 ",from $29/mo,https://apps.shopify.com/solution-1106
1107,Pro Analytics Solution 1107,Analytics,,,Provides data-driven insights into sales and customer cohorts.," 2,575 ",from $9.99/mo,https://apps.shopify.com/solution-1107
1108,Pro Legal Solution 1108,Legal,,,Ensures store compliance with privacy and tax regulations.," 2,573 ",Freemium,https://apps.shopify.com/solution-1108
1109,Pro Subscriptions Solution 1109,Subscriptions,,,Manages recurring revenue and customer billing flows.," 2,571 ",Freemium,https://apps.shopify.com/solution-1109
1110,Pro Dropshipping Solution 1110,Dropshipping,,,Automates product sourcing and third-party fulfillment.," 2,569 ",Free,https://apps.shopify.com/solution-1110
1111,Pro SEO Solution 1111,SEO,,,Improves organic search visibility and website performance scores.," 2,567 ",Free plan available,https://apps.shopify.com/solution-1111
1112,Pro Marketing Solution 1112,Marketing,,,Automates customer communication and campaign attribution.," 2,565 ",Free,https://apps.shopify.com/solution-1112
1113,Pro Sales Solution 1113,Sales,,,Boosts average order value with conversion-focused UI elements.," 2,563 ",Free plan available,https://apps.shopify.com/solution-1113
1114,Pro Support Solution 1114,Support,,,Centralizes customer queries into a single helpdesk interface.," 2,561 ",from $29/mo,https://apps.shopify.com/solution-1114
1115,Pro Design Solution 1115,Design,,,Enhances store aesthetics with drag-and-drop themes and pages.," 2,559 ",Free,https://apps.shopify.com/solution-1115
1116,Pro Fulfillment Solution 1116,Fulfillment,,,Streamlines shipping workflows and delivery time tracking.," 2,557 ",from $29/mo,https://apps.shopify.com/solution-1116
1117,Pro Inventory Solution 1117,Inventory,,,Syncs stock levels across multiple warehouses and channels.," 2,555 ",Freemium,https://apps.shopify.com/solution-1117
1118,Pro Analytics Solution 1118,Analytics,,,Provides data-driven insights into sales and customer cohorts.," 2,553 ",Free plan available,https://apps.shopify.com/solution-1118
1119,Pro Legal Solution 1119,Legal,,,Ensures store compliance with privacy and tax regulations.," 2,551 ",Free plan available,https://apps.shopify.com/solution-1119
1120,Pro Subscriptions Solution 1120,Subscriptions,,,Manages recurring revenue and customer billing flows.," 2,550 ",Free,https://apps.shopify.com/solution-1120
1121,Pro Dropshipping Solution 1121,Dropshipping,,,Automates product sourcing and third-party fulfillment.," 2,548 ",from $9.99/mo,https://apps.shopify.com/solution-1121
1122,Pro SEO Solution 1122,SEO,,,Improves organic search visibility and website performance scores.," 2,546 ",from $29/mo,https://apps.shopify.com/solution-1122
1123,Pro Marketing Solution 1123,Marketing,,,Automates customer communication and campaign attribution.," 2,544 ",from $29/mo,https://apps.shopify.com/solution-1123
1124,Pro Sales Solution 1124,Sales,,,Boosts average order value with conversion-focused UI elements.," 2,542 ",Freemium,https://apps.shopify.com/solution-1124
1125,Pro Support Solution 1125,Support,,,Centralizes customer queries into a single helpdesk interface.," 2,540 ",Freemium,https://apps.shopify.com/solution-1125
1126,Pro Design Solution 1126,Design,,,Enhances store aesthetics with drag-and-drop themes and pages.," 2,538 ",Freemium,https://apps.shopify.com/solution-1126
1127,Pro Fulfillment Solution 1127,Fulfillment,,,Streamlines shipping workflows and delivery time tracking.," 2,536 ",Free,https://apps.shopify.com/solution-1127
1128,Pro Inventory Solution 1128,Inventory,,,Syncs stock levels across multiple warehouses and channels.," 2,534 ",Free,https://apps.shopify.com/solution-1128
1129,Pro Analytics Solution 1129,Analytics,,,Provides data-driven insights into sales and customer cohorts.," 2,532 ",from $29/mo,https://apps.shopify.com/solution-1129
1130,Pro Legal Solution 1130,Legal,,,Ensures store compliance with privacy and tax regulations.," 2,530 ",from $29/mo,https://apps.shopify.com/solution-1130
1131,Pro Subscriptions Solution 1131,Subscriptions,,,Manages recurring revenue and customer billing flows.," 2,528 ",Free,https://apps.shopify.com/solution-1131
1132,Pro Dropshipping Solution 1132,Dropshipping,,,Automates product sourcing and third-party fulfillment.," 2,526 ",Free,https://apps.shopify.com/solution-1132
1133,Pro SEO Solution 1133,SEO,,,Improves organic search visibility and website performance scores.," 2,524 ",Free,https://apps.shopify.com/solution-1133
1134,Pro Marketing Solution 1134,Marketing,,,Automates customer communication and campaign attribution.," 2,522 ",Free,https://apps.shopify.com/solution-1134
1135,Pro Sales Solution 1135,Sales,,,Boosts average order value with conversion-focused UI elements.," 2,520 ",Free,https://apps.shopify.com/solution-1135
1136,Pro Support Solution 1136,Support,,,Centralizes customer queries into a single helpdesk interface.," 2,518 ",Freemium,https://apps.shopify.com/solution-1136
1137,Pro Design Solution 1137,Design,,,Enhances store aesthetics with drag-and-drop themes and pages.," 2,517 ",Freemium,https://apps.shopify.com/solution-1137
1138,Pro Fulfillment Solution 1138,Fulfillment,,,Streamlines shipping workflows and delivery time tracking.," 2,515 ",from $29/mo,https://apps.shopify.com/solution-1138
1139,Pro Inventory Solution 1139,Inventory,,,Syncs stock levels across multiple warehouses and channels.," 2,513 ",from $9.99/mo,https://apps.shopify.com/solution-1139
1140,Pro Analytics Solution 1140,Analytics,,,Provides data-driven insights into sales and customer cohorts.," 2,511 ",Freemium,https://apps.shopify.com/solution-1140
1141,Pro Legal Solution 1141,Legal,,,Ensures store compliance with privacy and tax regulations.," 2,509 ",from $9.99/mo,https://apps.shopify.com/solution-1141
1142,Pro Subscriptions Solution 1142,Subscriptions,,,Manages recurring revenue and customer billing flows.," 2,507 ",Free,https://apps.shopify.com/solution-1142
1143,Pro Dropshipping Solution 1143,Dropshipping,,,Automates product sourcing and third-party fulfillment.," 2,505 ",Freemium,https://apps.shopify.com/solution-1143
1144,Pro SEO Solution 1144,SEO,,,Improves organic search visibility and website performance scores.," 2,503 ",Free,https://apps.shopify.com/solution-1144
1145,Pro Marketing Solution 1145,Marketing,,,Automates customer communication and campaign attribution.," 2,501 ",Free plan available,https://apps.shopify.com/solution-1145
1146,Pro Sales Solution 1146,Sales,,,Boosts average order value with conversion-focused UI elements.," 2,499 ",Freemium,https://apps.shopify.com/solution-1146
1147,Pro Support Solution 1147,Support,,,Centralizes customer queries into a single helpdesk interface.," 2,498 ",Freemium,https://apps.shopify.com/solution-1147
1148,Pro Design Solution 1148,Design,,,Enhances store aesthetics with drag-and-drop themes and pages.," 2,496 ",Free plan available,https://apps.shopify.com/solution-1148
1149,Pro Fulfillment Solution 1149,Fulfillment,,,Streamlines shipping workflows and delivery time tracking.," 2,494 ",Free,https://apps.shopify.com/solution-1149
1150,Pro Inventory Solution 1150,Inventory,,,Syncs stock levels across multiple warehouses and channels.," 2,492 ",Free,https://apps.shopify.com/solution-1150
1151,Pro Analytics Solution 1151,Analytics,,,Provides data-driven insights into sales and customer cohorts.," 2,490 ",from $9.99/mo,https://apps.shopify.com/solution-1151
1152,Pro Legal Solution 1152,Legal,,,Ensures store compliance with privacy and tax regulations.," 2,488 ",from $9.99/mo,https://apps.shopify.com/solution-1152
1153,Pro Subscriptions Solution 1153,Subscriptions,,,Manages recurring revenue and customer billing flows.," 2,486 ",Freemium,https://apps.shopify.com/solution-1153
1154,Pro Dropshipping Solution 1154,Dropshipping,,,Automates product sourcing and third-party fulfillment.," 2,484 ",Free,https://apps.shopify.com/solution-1154
1155,Pro SEO Solution 1155,SEO,,,Improves organic search visibility and website performance scores.," 2,483 ",Freemium,https://apps.shopify.com/solution-1155
1156,Pro Marketing Solution 1156,Marketing,,,Automates customer communication and campaign attribution.," 2,481 ",from $9.99/mo,https://apps.shopify.com/solution-1156
1157,Pro Sales Solution 1157,Sales,,,Boosts average order value with conversion-focused UI elements.," 2,479 ",from $29/mo,https://apps.shopify.com/solution-1157
1158,Pro Support Solution 1158,Support,,,Centralizes customer queries into a single helpdesk interface.," 2,477 ",Freemium,https://apps.shopify.com/solution-1158
1159,Pro Design Solution 1159,Design,,,Enhances store aesthetics with drag-and-drop themes and pages.," 2,475 ",Free,https://apps.shopify.com/solution-1159
1160,Pro Fulfillment Solution 1160,Fulfillment,,,Streamlines shipping workflows and delivery time tracking.," 2,473 ",from $9.99/mo,https://apps.shopify.com/solution-1160
1161,Pro Inventory Solution 1161,Inventory,,,Syncs stock levels across multiple warehouses and channels.," 2,472 ",from $9.99/mo,https://apps.shopify.com/solution-1161
1162,Pro Analytics Solution 1162,Analytics,,,Provides data-driven insights into sales and customer cohorts.," 2,470 ",Free,https://apps.shopify.com/solution-1162
1163,Pro Legal Solution 1163,Legal,,,Ensures store compliance with privacy and tax regulations.," 2,468 ",from $9.99/mo,https://apps.shopify.com/solution-1163
1164,Pro Subscriptions Solution 1164,Subscriptions,,,Manages recurring revenue and customer billing flows.," 2,466 ",Free,https://apps.shopify.com/solution-1164
1165,Pro Dropshipping Solution 1165,Dropshipping,,,Automates product sourcing and third-party fulfillment.," 2,464 ",Free plan available,https://apps.shopify.com/solution-1165
1166,Pro SEO Solution 1166,SEO,,,Improves organic search visibility and website performance scores.," 2,462 ",Free,https://apps.shopify.com/solution-1166
1167,Pro Marketing Solution 1167,Marketing,,,Automates customer communication and campaign attribution.," 2,461 ",Freemium,https://apps.shopify.com/solution-1167
1168,Pro Sales Solution 1168,Sales,,,Boosts average order value with conversion-focused UI elements.," 2,459 ",from $29/mo,https://apps.shopify.com/solution-1168
1169,Pro Support Solution 1169,Support,,,Centralizes customer queries into a single helpdesk interface.," 2,457 ",Free,https://apps.shopify.com/solution-1169
1170,Pro Design Solution 1170,Design,,,Enhances store aesthetics with drag-and-drop themes and pages.," 2,455 ",from $9.99/mo,https://apps.shopify.com/solution-1170
1171,Pro Fulfillment Solution 1171,Fulfillment,,,Streamlines shipping workflows and delivery time tracking.," 2,453 ",Free,https://apps.shopify.com/solution-1171
1172,Pro Inventory Solution 1172,Inventory,,,Syncs stock levels across multiple warehouses and channels.," 2,451 ",Free plan available,https://apps.shopify.com/solution-1172
1173,Pro Analytics Solution 1173,Analytics,,,Provides data-driven insights into sales and customer cohorts.," 2,450 ",from $29/mo,https://apps.shopify.com/solution-1173
1174,Pro Legal Solution 1174,Legal,,,Ensures store compliance with privacy and tax regulations.," 2,448 ",Free,https://apps.shopify.com/solution-1174
1175,Pro Subscriptions Solution 1175,Subscriptions,,,Manages recurring revenue and customer billing flows.," 2,446 ",Free,https://apps.shopify.com/solution-1175
1176,Pro Dropshipping Solution 1176,Dropshipping,,,Automates product sourcing and third-party fulfillment.," 2,444 ",Free plan available,https://apps.shopify.com/solution-1176
1177,Pro SEO Solution 1177,SEO,,,Improves organic search visibility and website performance scores.," 2,442 ",Freemium,https://apps.shopify.com/solution-1177
1178,Pro Marketing Solution 1178,Marketing,,,Automates customer communication and campaign attribution.," 2,441 ",Free,https://apps.shopify.com/solution-1178
1179,Pro Sales Solution 1179,Sales,,,Boosts average order value with conversion-focused UI elements.," 2,439 ",from $9.99/mo,https://apps.shopify.com/solution-1179
1180,Pro Support Solution 1180,Support,,,Centralizes customer queries into a single helpdesk interface.," 2,437 ",Free,https://apps.shopify.com/solution-1180
1181,Pro Design Solution 1181,Design,,,Enhances store aesthetics with drag-and-drop themes and pages.," 2,435 ",from $29/mo,https://apps.shopify.com/solution-1181
1182,Pro Fulfillment Solution 1182,Fulfillment,,,Streamlines shipping workflows and delivery time tracking.," 2,434 ",Free,https://apps.shopify.com/solution-1182
1183,Pro Inventory Solution 1183,Inventory,,,Syncs stock levels across multiple warehouses and channels.," 2,432 ",Freemium,https://apps.shopify.com/solution-1183
1184,Pro Analytics Solution 1184,Analytics,,,Provides data-driven insights into sales and customer cohorts.," 2,430 ",Free plan available,https://apps.shopify.com/solution-1184
1185,Pro Legal Solution 1185,Legal,,,Ensures store compliance with privacy and tax regulations.," 2,428 ",from $29/mo,https://apps.shopify.com/solution-1185
1186,Pro Subscriptions Solution 1186,Subscriptions,,,Manages recurring revenue and customer billing flows.," 2,426 ",from $9.99/mo,https://apps.shopify.com/solution-1186
1187,Pro Dropshipping Solution 1187,Dropshipping,,,Automates product sourcing and third-party fulfillment.," 2,425 ",Freemium,https://apps.shopify.com/solution-1187
1188,Pro SEO Solution 1188,SEO,,,Improves organic search visibility and website performance scores.," 2,423 ",Free plan available,https://apps.shopify.com/solution-1188
1189,Pro Marketing Solution 1189,Marketing,,,Automates customer communication and campaign attribution.," 2,421 ",Free plan available,https://apps.shopify.com/solution-1189
1190,Pro Sales Solution 1190,Sales,,,Boosts average order value with conversion-focused UI elements.," 2,419 ",Freemium,https://apps.shopify.com/solution-1190
1191,Pro Support Solution 1191,Support,,,Centralizes customer queries into a single helpdesk interface.," 2,418 ",from $29/mo,https://apps.shopify.com/solution-1191
1192,Pro Design Solution 1192,Design,,,Enhances store aesthetics with drag-and-drop themes and pages.," 2,416 ",from $9.99/mo,https://apps.shopify.com/solution-1192
1193,Pro Fulfillment Solution 1193,Fulfillment,,,Streamlines shipping workflows and delivery time tracking.," 2,414 ",from $29/mo,https://apps.shopify.com/solution-1193
1194,Pro Inventory Solution 1194,Inventory,,,Syncs stock levels across multiple warehouses and channels.," 2,412 ",Free,https://apps.shopify.com/solution-1194
1195,Pro Analytics Solution 1195,Analytics,,,Provides data-driven insights into sales and customer cohorts.," 2,411 ",from $29/mo,https://apps.shopify.com/solution-1195
1196,Pro Legal Solution 1196,Legal,,,Ensures store compliance with privacy and tax regulations.," 2,409 ",from $29/mo,https://apps.shopify.com/solution-1196
1197,Pro Subscriptions Solution 1197,Subscriptions,,,Manages recurring revenue and customer billing flows.," 2,407 ",from $29/mo,https://apps.shopify.com/solution-1197
1198,Pro Dropshipping Solution 1198,Dropshipping,,,Automates product sourcing and third-party fulfillment.," 2,405 ",Free plan available,https://apps.shopify.com/solution-1198
1199,Pro SEO Solution 1199,SEO,,,Improves organic search visibility and website performance scores.," 2,404 ",Freemium,https://apps.shopify.com/solution-1199
1200,Pro Marketing Solution 1200,Marketing,,,Automates customer communication and campaign attribution.," 2,402 ",Free,https://apps.shopify.com/solution-1200
1201,Pro Sales Solution 1201,Sales,,,Boosts average order value with conversion-focused UI elements.," 2,400 ",from $9.99/mo,https://apps.shopify.com/solution-1201
1202,Pro Support Solution 1202,Support,,,Centralizes customer queries into a single helpdesk interface.," 2,398 ",from $29/mo,https://apps.shopify.com/solution-1202
1203,Pro Design Solution 1203,Design,,,Enhances store aesthetics with drag-and-drop themes and pages.," 2,397 ",Freemium,https://apps.shopify.com/solution-1203
1204,Pro Fulfillment Solution 1204,Fulfillment,,,Streamlines shipping workflows and delivery time tracking.," 2,395 ",Freemium,https://apps.shopify.com/solution-1204
1205,Pro Inventory Solution 1205,Inventory,,,Syncs stock levels across multiple warehouses and channels.," 2,393 ",from $29/mo,https://apps.shopify.com/solution-1205
1206,Pro Analytics Solution 1206,Analytics,,,Provides data-driven insights into sales and customer cohorts.," 2,392 ",from $29/mo,https://apps.shopify.com/solution-1206
1207,Pro Legal Solution 1207,Legal,,,Ensures store compliance with privacy and tax regulations.," 2,390 ",Freemium,https://apps.shopify.com/solution-1207
1208,Pro Subscriptions Solution 1208,Subscriptions,,,Manages recurring revenue and customer billing flows.," 2,388 ",from $9.99/mo,https://apps.shopify.com/solution-1208
1209,Pro Dropshipping Solution 1209,Dropshipping,,,Automates product sourcing and third-party fulfillment.," 2,386 ",Freemium,https://apps.shopify.com/solution-1209
1210,Pro SEO Solution 1210,SEO,,,Improves organic search visibility and website performance scores.," 2,385 ",Freemium,https://apps.shopify.com/solution-1210
1211,Pro Marketing Solution 1211,Marketing,,,Automates customer communication and campaign attribution.," 2,383 ",Freemium,https://apps.shopify.com/solution-1211
1212,Pro Sales Solution 1212,Sales,,,Boosts average order value with conversion-focused UI elements.," 2,381 ",Freemium,https://apps.shopify.com/solution-1212
1213,Pro Support Solution 1213,Support,,,Centralizes customer queries into a single helpdesk interface.," 2,380 ",Free,https://apps.shopify.com/solution-1213
1214,Pro Design Solution 1214,Design,,,Enhances store aesthetics with drag-and-drop themes and pages.," 2,378 ",Freemium,https://apps.shopify.com/solution-1214
1215,Pro Fulfillment Solution 1215,Fulfillment,,,Streamlines shipping workflows and delivery time tracking.," 2,376 ",Freemium,https://apps.shopify.com/solution-1215
1216,Pro Inventory Solution 1216,Inventory,,,Syncs stock levels across multiple warehouses and channels.," 2,375 ",from $29/mo,https://apps.shopify.com/solution-1216
1217,Pro Analytics Solution 1217,Analytics,,,Provides data-driven insights into sales and customer cohorts.," 2,373 ",Free plan available,https://apps.shopify.com/solution-1217
1218,Pro Legal Solution 1218,Legal,,,Ensures store compliance with privacy and tax regulations.," 2,371 ",Free plan available,https://apps.shopify.com/solution-1218
1219,Pro Subscriptions Solution 1219,Subscriptions,,,Manages recurring revenue and customer billing flows.," 2,370 ",from $29/mo,https://apps.shopify.com/solution-1219
1220,Pro Dropshipping Solution 1220,Dropshipping,,,Automates product sourcing and third-party fulfillment.," 2,368 ",from $29/mo,https://apps.shopify.com/solution-1220
1221,Pro SEO Solution 1221,SEO,,,Improves organic search visibility and website performance scores.," 2,366 ",Free plan available,https://apps.shopify.com/solution-1221
1222,Pro Marketing Solution 1222,Marketing,,,Automates customer communication and campaign attribution.," 2,365 ",from $29/mo,https://apps.shopify.com/solution-1222
1223,Pro Sales Solution 1223,Sales,,,Boosts average order value with conversion-focused UI elements.," 2,363 ",Free plan available,https://apps.shopify.com/solution-1223
1224,Pro Support Solution 1224,Support,,,Centralizes customer queries into a single helpdesk interface.," 2,361 ",Freemium,https://apps.shopify.com/solution-1224
1225,Pro Design Solution 1225,Design,,,Enhances store aesthetics with drag-and-drop themes and pages.," 2,360 ",Free plan available,https://apps.shopify.com/solution-1225
1226,Pro Fulfillment Solution 1226,Fulfillment,,,Streamlines shipping workflows and delivery time tracking.," 2,358 ",Free plan available,https://apps.shopify.com/solution-1226
1227,Pro Inventory Solution 1227,Inventory,,,Syncs stock levels across multiple warehouses and channels.," 2,356 ",from $29/mo,https://apps.shopify.com/solution-1227
1228,Pro Analytics Solution 1228,Analytics,,,Provides data-driven insights into sales and customer cohorts.," 2,355 ",Free,https://apps.shopify.com/solution-1228
1229,Pro Legal Solution 1229,Legal,,,Ensures store compliance with privacy and tax regulations.," 2,353 ",Freemium,https://apps.shopify.com/solution-1229
1230,Pro Subscriptions Solution 1230,Subscriptions,,,Manages recurring revenue and customer billing flows.," 2,351 ",Free,https://apps.shopify.com/solution-1230
1231,Pro Dropshipping Solution 1231,Dropshipping,,,Automates product sourcing and third-party fulfillment.," 2,350 ",Free plan available,https://apps.shopify.com/solution-1231
1232,Pro SEO Solution 1232,SEO,,,Improves organic search visibility and website performance scores.," 2,348 ",from $29/mo,https://apps.shopify.com/solution-1232
1233,Pro Marketing Solution 1233,Marketing,,,Automates customer communication and campaign attribution.," 2,346 ",Free,https://apps.shopify.com/solution-1233
1234,Pro Sales Solution 1234,Sales,,,Boosts average order value with conversion-focused UI elements.," 2,345 ",Free plan available,https://apps.shopify.com/solution-1234
1235,Pro Support Solution 1235,Support,,,Centralizes customer queries into a single helpdesk interface.," 2,343 ",from $9.99/mo,https://apps.shopify.com/solution-1235
1236,Pro Design Solution 1236,Design,,,Enhances store aesthetics with drag-and-drop themes and pages.," 2,341 ",from $9.99/mo,https://apps.shopify.com/solution-1236
1237,Pro Fulfillment Solution 1237,Fulfillment,,,Streamlines shipping workflows and delivery time tracking.," 2,340 ",Free,https://apps.shopify.com/solution-1237
1238,Pro Inventory Solution 1238,Inventory,,,Syncs stock levels across multiple warehouses and channels.," 2,338 ",Freemium,https://apps.shopify.com/solution-1238
1239,Pro Analytics Solution 1239,Analytics,,,Provides data-driven insights into sales and customer cohorts.," 2,336 ",Freemium,https://apps.shopify.com/solution-1239
1240,Pro Legal Solution 1240,Legal,,,Ensures store compliance with privacy and tax regulations.," 2,335 ",Freemium,https://apps.shopify.com/solution-1240
1241,Pro Subscriptions Solution 1241,Subscriptions,,,Manages recurring revenue and customer billing flows.," 2,333 ",Free,https://apps.shopify.com/solution-1241
1242,Pro Dropshipping Solution 1242,Dropshipping,,,Automates product sourcing and third-party fulfillment.," 2,332 ",Freemium,https://apps.shopify.com/solution-1242
1243,Pro SEO Solution 1243,SEO,,,Improves organic search visibility and website performance scores.," 2,330 ",Free plan available,https://apps.shopify.com/solution-1243
1244,Pro Marketing Solution 1244,Marketing,,,Automates customer communication and campaign attribution.," 2,328 ",from $29/mo,https://apps.shopify.com/solution-1244
1245,Pro Sales Solution 1245,Sales,,,Boosts average order value with conversion-focused UI elements.," 2,327 ",Free,https://apps.shopify.com/solution-1245
1246,Pro Support Solution 1246,Support,,,Centralizes customer queries into a single helpdesk interface.," 2,325 ",Freemium,https://apps.shopify.com/solution-1246
1247,Pro Design Solution 1247,Design,,,Enhances store aesthetics with drag-and-drop themes and pages.," 2,323 ",Freemium,https://apps.shopify.com/solution-1247
1248,Pro Fulfillment Solution 1248,Fulfillment,,,Streamlines shipping workflows and delivery time tracking.," 2,322 ",Freemium,https://apps.shopify.com/solution-1248
1249,Pro Inventory Solution 1249,Inventory,,,Syncs stock levels across multiple warehouses and channels.," 2,320 ",from $9.99/mo,https://apps.shopify.com/solution-1249
1250,Pro Analytics Solution 1250,Analytics,,,Provides data-driven insights into sales and customer cohorts.," 2,319 ",from $29/mo,https://apps.shopify.com/solution-1250
1251,Pro Legal Solution 1251,Legal,,,Ensures store compliance with privacy and tax regulations.," 2,317 ",Freemium,https://apps.shopify.com/solution-1251
1252,Pro Subscriptions Solution 1252,Subscriptions,,,Manages recurring revenue and customer billing flows.," 2,315 ",Free plan available,https://apps.shopify.com/solution-1252
1253,Pro Dropshipping Solution 1253,Dropshipping,,,Automates product sourcing and third-party fulfillment.," 2,314 ",Free plan available,https://apps.shopify.com/solution-1253
1254,Pro SEO Solution 1254,SEO,,,Improves organic search visibility and website performance scores.," 2,312 ",from $29/mo,https://apps.shopify.com/solution-1254
1255,Pro Marketing Solution 1255,Marketing,,,Automates customer communication and campaign attribution.," 2,311 ",Free,https://apps.shopify.com/solution-1255
1256,Pro Sales Solution 1256,Sales,,,Boosts average order value with conversion-focused UI elements.," 2,309 ",Free,https://apps.shopify.com/solution-1256
1257,Pro Support Solution 1257,Support,,,Centralizes customer queries into a single helpdesk interface.," 2,308 ",Freemium,https://apps.shopify.com/solution-1257
1258,Pro Design Solution 1258,Design,,,Enhances store aesthetics with drag-and-drop themes and pages.," 2,306 ",Freemium,https://apps.shopify.com/solution-1258
1259,Pro Fulfillment Solution 1259,Fulfillment,,,Streamlines shipping workflows and delivery time tracking.," 2,304 ",from $9.99/mo,https://apps.shopify.com/solution-1259
1260,Pro Inventory Solution 1260,Inventory,,,Syncs stock levels across multiple warehouses and channels.," 2,303 ",from $9.99/mo,https://apps.shopify.com/solution-1260
1261,Pro Analytics Solution 1261,Analytics,,,Provides data-driven insights into sales and customer cohorts.," 2,301 ",Free plan available,https://apps.shopify.com/solution-1261
1262,Pro Legal Solution 1262,Legal,,,Ensures store compliance with privacy and tax regulations.," 2,300 ",from $9.99/mo,https://apps.shopify.com/solution-1262
1263,Pro Subscriptions Solution 1263,Subscriptions,,,Manages recurring revenue and customer billing flows.," 2,298 ",Free plan available,https://apps.shopify.com/solution-1263
1264,Pro Dropshipping Solution 1264,Dropshipping,,,Automates product sourcing and third-party fulfillment.," 2,296 ",Free plan available,https://apps.shopify.com/solution-1264
1265,Pro SEO Solution 1265,SEO,,,Improves organic search visibility and website performance scores.," 2,295 ",Freemium,https://apps.shopify.com/solution-1265
1266,Pro Marketing Solution 1266,Marketing,,,Automates customer communication and campaign attribution.," 2,293 ",Freemium,https://apps.shopify.com/solution-1266
1267,Pro Sales Solution 1267,Sales,,,Boosts average order value with conversion-focused UI elements.," 2,292 ",Freemium,https://apps.shopify.com/solution-1267
1268,Pro Support Solution 1268,Support,,,Centralizes customer queries into a single helpdesk interface.," 2,290 ",Free,https://apps.shopify.com/solution-1268
1269,Pro Design Solution 1269,Design,,,Enhances store aesthetics with drag-and-drop themes and pages.," 2,289 ",Free plan available,https://apps.shopify.com/solution-1269
1270,Pro Fulfillment Solution 1270,Fulfillment,,,Streamlines shipping workflows and delivery time tracking.," 2,287 ",Free plan available,https://apps.shopify.com/solution-1270
1271,Pro Inventory Solution 1271,Inventory,,,Syncs stock levels across multiple warehouses and channels.," 2,286 ",Freemium,https://apps.shopify.com/solution-1271
1272,Pro Analytics Solution 1272,Analytics,,,Provides data-driven insights into sales and customer cohorts.," 2,284 ",from $9.99/mo,https://apps.shopify.com/solution-1272
1273,Pro Legal Solution 1273,Legal,,,Ensures store compliance with privacy and tax regulations.," 2,282 ",Free,https://apps.shopify.com/solution-1273
1274,Pro Subscriptions Solution 1274,Subscriptions,,,Manages recurring revenue and customer billing flows.," 2,281 ",Free plan available,https://apps.shopify.com/solution-1274
1275,Pro Dropshipping Solution 1275,Dropshipping,,,Automates product sourcing and third-party fulfillment.," 2,279 ",Free plan available,https://apps.shopify.com/solution-1275
1276,Pro SEO Solution 1276,SEO,,,Improves organic search visibility and website performance scores.," 2,278 ",Free plan available,https://apps.shopify.com/solution-1276
1277,Pro Marketing Solution 1277,Marketing,,,Automates customer communication and campaign attribution.," 2,276 ",from $9.99/mo,https://apps.shopify.com/solution-1277
1278,Pro Sales Solution 1278,Sales,,,Boosts average order value with conversion-focused UI elements.," 2,275 ",Free,https://apps.shopify.com/solution-1278
1279,Pro Support Solution 1279,Support,,,Centralizes customer queries into a single helpdesk interface.," 2,273 ",from $9.99/mo,https://apps.shopify.com/solution-1279
1280,Pro Design Solution 1280,Design,,,Enhances store aesthetics with drag-and-drop themes and pages.," 2,272 ",from $29/mo,https://apps.shopify.com/solution-1280
1281,Pro Fulfillment Solution 1281,Fulfillment,,,Streamlines shipping workflows and delivery time tracking.," 2,270 ",Freemium,https://apps.shopify.com/solution-1281
1282,Pro Inventory Solution 1282,Inventory,,,Syncs stock levels across multiple warehouses and channels.," 2,269 ",Freemium,https://apps.shopify.com/solution-1282
1283,Pro Analytics Solution 1283,Analytics,,,Provides data-driven insights into sales and customer cohorts.," 2,267 ",from $29/mo,https://apps.shopify.com/solution-1283
1284,Pro Legal Solution 1284,Legal,,,Ensures store compliance with privacy and tax regulations.," 2,266 ",Free,https://apps.shopify.com/solution-1284
1285,Pro Subscriptions Solution 1285,Subscriptions,,,Manages recurring revenue and customer billing flows.," 2,264 ",Free plan available,https://apps.shopify.com/solution-1285
1286,Pro Dropshipping Solution 1286,Dropshipping,,,Automates product sourcing and third-party fulfillment.," 2,262 ",Free plan available,https://apps.shopify.com/solution-1286
1287,Pro SEO Solution 1287,SEO,,,Improves organic search visibility and website performance scores.," 2,261 ",from $29/mo,https://apps.shopify.com/solution-1287
1288,Pro Marketing Solution 1288,Marketing,,,Automates customer communication and campaign attribution.," 2,259 ",Free plan available,https://apps.shopify.com/solution-1288
1289,Pro Sales Solution 1289,Sales,,,Boosts average order value with conversion-focused UI elements.," 2,258 ",Freemium,https://apps.shopify.com/solution-1289
1290,Pro Support Solution 1290,Support,,,Centralizes customer queries into a single helpdesk interface.," 2,256 ",from $9.99/mo,https://apps.shopify.com/solution-1290
1291,Pro Design Solution 1291,Design,,,Enhances store aesthetics with drag-and-drop themes and pages.," 2,255 ",Freemium,https://apps.shopify.com/solution-1291
1292,Pro Fulfillment Solution 1292,Fulfillment,,,Streamlines shipping workflows and delivery time tracking.," 2,253 ",Free plan available,https://apps.shopify.com/solution-1292
1293,Pro Inventory Solution 1293,Inventory,,,Syncs stock levels across multiple warehouses and channels.," 2,252 ",from $9.99/mo,https://apps.shopify.com/solution-1293
1294,Pro Analytics Solution 1294,Analytics,,,Provides data-driven insights into sales and customer cohorts.," 2,250 ",from $29/mo,https://apps.shopify.com/solution-1294
1295,Pro Legal Solution 1295,Legal,,,Ensures store compliance with privacy and tax regulations.," 2,249 ",from $9.99/mo,https://apps.shopify.com/solution-1295
1296,Pro Subscriptions Solution 1296,Subscriptions,,,Manages recurring revenue and customer billing flows.," 2,247 ",from $29/mo,https://apps.shopify.com/solution-1296
1297,Pro Dropshipping Solution 1297,Dropshipping,,,Automates product sourcing and third-party fulfillment.," 2,246 ",Free,https://apps.shopify.com/solution-1297
1298,Pro SEO Solution 1298,SEO,,,Improves organic search visibility and website performance scores.," 2,244 ",from $9.99/mo,https://apps.shopify.com/solution-1298
1299,Pro Marketing Solution 1299,Marketing,,,Automates customer communication and campaign attribution.," 2,243 ",from $29/mo,https://apps.shopify.com/solution-1299
1300,Pro Sales Solution 1300,Sales,,,Boosts average order value with conversion-focused UI elements.," 2,241 ",from $29/mo,https://apps.shopify.com/solution-1300
1301,Pro Support Solution 1301,Support,,,Centralizes customer queries into a single helpdesk interface.," 2,240 ",Free plan available,https://apps.shopify.com/solution-1301
1302,Pro Design Solution 1302,Design,,,Enhances store aesthetics with drag-and-drop themes and pages.," 2,238 ",Free plan available,https://apps.shopify.com/solution-1302
1303,Pro Fulfillment Solution 1303,Fulfillment,,,Streamlines shipping workflows and delivery time tracking.," 2,237 ",Free plan available,https://apps.shopify.com/solution-1303
1304,Pro Inventory Solution 1304,Inventory,,,Syncs stock levels across multiple warehouses and channels.," 2,235 ",Free,https://apps.shopify.com/solution-1304
1305,Pro Analytics Solution 1305,Analytics,,,Provides data-driven insights into sales and customer cohorts.," 2,234 ",Free plan available,https://apps.shopify.com/solution-1305
1306,Pro Legal Solution 1306,Legal,,,Ensures store compliance with privacy and tax regulations.," 2,232 ",Free plan available,https://apps.shopify.com/solution-1306
1307,Pro Subscriptions Solution 1307,Subscriptions,,,Manages recurring revenue and customer billing flows.," 2,231 ",from $29/mo,https://apps.shopify.com/solution-1307
1308,Pro Dropshipping Solution 1308,Dropshipping,,,Automates product sourcing and third-party fulfillment.," 2,230 ",Freemium,https://apps.shopify.com/solution-1308
1309,Pro SEO Solution 1309,SEO,,,Improves organic search visibility and website performance scores.," 2,228 ",Free plan available,https://apps.shopify.com/solution-1309
1310,Pro Marketing Solution 1310,Marketing,,,Automates customer communication and campaign attribution.," 2,227 ",Free,https://apps.shopify.com/solution-1310
1311,Pro Sales Solution 1311,Sales,,,Boosts average order value with conversion-focused UI elements.," 2,225 ",Freemium,https://apps.shopify.com/solution-1311
1312,Pro Support Solution 1312,Support,,,Centralizes customer queries into a single helpdesk interface.," 2,224 ",Freemium,https://apps.shopify.com/solution-1312
1313,Pro Design Solution 1313,Design,,,Enhances store aesthetics with drag-and-drop themes and pages.," 2,222 ",from $29/mo,https://apps.shopify.com/solution-1313
1314,Pro Fulfillment Solution 1314,Fulfillment,,,Streamlines shipping workflows and delivery time tracking.," 2,221 ",from $29/mo,https://apps.shopify.com/solution-1314
1315,Pro Inventory Solution 1315,Inventory,,,Syncs stock levels across multiple warehouses and channels.," 2,219 ",from $29/mo,https://apps.shopify.com/solution-1315
1316,Pro Analytics Solution 1316,Analytics,,,Provides data-driven insights into sales and customer cohorts.," 2,218 ",Free plan available,https://apps.shopify.com/solution-1316
1317,Pro Legal Solution 1317,Legal,,,Ensures store compliance with privacy and tax regulations.," 2,216 ",from $29/mo,https://apps.shopify.com/solution-1317
1318,Pro Subscriptions Solution 1318,Subscriptions,,,Manages recurring revenue and customer billing flows.," 2,215 ",Free,https://apps.shopify.com/solution-1318
1319,Pro Dropshipping Solution 1319,Dropshipping,,,Automates product sourcing and third-party fulfillment.," 2,213 ",Freemium,https://apps.shopify.com/solution-1319
1320,Pro SEO Solution 1320,SEO,,,Improves organic search visibility and website performance scores.," 2,212 ",Free,https://apps.shopify.com/solution-1320
1321,Pro Marketing Solution 1321,Marketing,,,Automates customer communication and campaign attribution.," 2,211 ",Free,https://apps.shopify.com/solution-1321
1322,Pro Sales Solution 1322,Sales,,,Boosts average order value with conversion-focused UI elements.," 2,209 ",from $29/mo,https://apps.shopify.com/solution-1322
1323,Pro Support Solution 1323,Support,,,Centralizes customer queries into a single helpdesk interface.," 2,208 ",Free plan available,https://apps.shopify.com/solution-1323
1324,Pro Design Solution 1324,Design,,,Enhances store aesthetics with drag-and-drop themes and pages.," 2,206 ",Free,https://apps.shopify.com/solution-1324
1325,Pro Fulfillment Solution 1325,Fulfillment,,,Streamlines shipping workflows and delivery time tracking.," 2,205 ",Freemium,https://apps.shopify.com/solution-1325
1326,Pro Inventory Solution 1326,Inventory,,,Syncs stock levels across multiple warehouses and channels.," 2,203 ",from $9.99/mo,https://apps.shopify.com/solution-1326
1327,Pro Analytics Solution 1327,Analytics,,,Provides data-driven insights into sales and customer cohorts.," 2,202 ",Free,https://apps.shopify.com/solution-1327
1328,Pro Legal Solution 1328,Legal,,,Ensures store compliance with privacy and tax regulations.," 2,200 ",Free,https://apps.shopify.com/solution-1328
1329,Pro Subscriptions Solution 1329,Subscriptions,,,Manages recurring revenue and customer billing flows.," 2,199 ",from $9.99/mo,https://apps.shopify.com/solution-1329
1330,Pro Dropshipping Solution 1330,Dropshipping,,,Automates product sourcing and third-party fulfillment.," 2,198 ",from $29/mo,https://apps.shopify.com/solution-1330
1331,Pro SEO Solution 1331,SEO,,,Improves organic search visibility and website performance scores.," 2,196 ",Free plan available,https://apps.shopify.com/solution-1331
1332,Pro Marketing Solution 1332,Marketing,,,Automates customer communication and campaign attribution.," 2,195 ",from $29/mo,https://apps.shopify.com/solution-1332
1333,Pro Sales Solution 1333,Sales,,,Boosts average order value with conversion-focused UI elements.," 2,193 ",from $29/mo,https://apps.shopify.com/solution-1333
1334,Pro Support Solution 1334,Support,,,Centralizes customer queries into a single helpdesk interface.," 2,192 ",from $9.99/mo,https://apps.shopify.com/solution-1334
1335,Pro Design Solution 1335,Design,,,Enhances store aesthetics with drag-and-drop themes and pages.," 2,191 ",Free plan available,https://apps.shopify.com/solution-1335
1336,Pro Fulfillment Solution 1336,Fulfillment,,,Streamlines shipping workflows and delivery time tracking.," 2,189 ",from $9.99/mo,https://apps.shopify.com/solution-1336
1337,Pro Inventory Solution 1337,Inventory,,,Syncs stock levels across multiple warehouses and channels.," 2,188 ",Freemium,https://apps.shopify.com/solution-1337
1338,Pro Analytics Solution 1338,Analytics,,,Provides data-driven insights into sales and customer cohorts.," 2,186 ",from $29/mo,https://apps.shopify.com/solution-1338
1339,Pro Legal Solution 1339,Legal,,,Ensures store compliance with privacy and tax regulations.," 2,185 ",Free,https://apps.shopify.com/solution-1339
1340,Pro Subscriptions Solution 1340,Subscriptions,,,Manages recurring revenue and customer billing flows.," 2,183 ",from $29/mo,https://apps.shopify.com/solution-1340
1341,Pro Dropshipping Solution 1341,Dropshipping,,,Automates product sourcing and third-party fulfillment.," 2,182 ",Free plan available,https://apps.shopify.com/solution-1341
1342,Pro SEO Solution 1342,SEO,,,Improves organic search visibility and website performance scores.," 2,181 ",Free,https://apps.shopify.com/solution-1342
1343,Pro Marketing Solution 1343,Marketing,,,Automates customer communication and campaign attribution.," 2,179 ",Free,https://apps.shopify.com/solution-1343
1344,Pro Sales Solution 1344,Sales,,,Boosts average order value with conversion-focused UI elements.," 2,178 ",Free,https://apps.shopify.com/solution-1344
1345,Pro Support Solution 1345,Support,,,Centralizes customer queries into a single helpdesk interface.," 2,176 ",Free plan available,https://apps.shopify.com/solution-1345
1346,Pro Design Solution 1346,Design,,,Enhances store aesthetics with drag-and-drop themes and pages.," 2,175 ",from $9.99/mo,https://apps.shopify.com/solution-1346
1347,Pro Fulfillment Solution 1347,Fulfillment,,,Streamlines shipping workflows and delivery time tracking.," 2,174 ",from $29/mo,https://apps.shopify.com/solution-1347
1348,Pro Inventory Solution 1348,Inventory,,,Syncs stock levels across multiple warehouses and channels.," 2,172 ",from $9.99/mo,https://apps.shopify.com/solution-1348
1349,Pro Analytics Solution 1349,Analytics,,,Provides data-driven insights into sales and customer cohorts.," 2,171 ",Free plan available,https://apps.shopify.com/solution-1349
1350,Pro Legal Solution 1350,Legal,,,Ensures store compliance with privacy and tax regulations.," 2,169 ",from $9.99/mo,https://apps.shopify.com/solution-1350
1351,Pro Subscriptions Solution 1351,Subscriptions,,,Manages recurring revenue and customer billing flows.," 2,168 ",Free,https://apps.shopify.com/solution-1351
1352,Pro Dropshipping Solution 1352,Dropshipping,,,Automates product sourcing and third-party fulfillment.," 2,167 ",from $9.99/mo,https://apps.shopify.com/solution-1352
1353,Pro SEO Solution 1353,SEO,,,Improves organic search visibility and website performance scores.," 2,165 ",from $9.99/mo,https://apps.shopify.com/solution-1353
1354,Pro Marketing Solution 1354,Marketing,,,Automates customer communication and campaign attribution.," 2,164 ",Freemium,https://apps.shopify.com/solution-1354
1355,Pro Sales Solution 1355,Sales,,,Boosts average order value with conversion-focused UI elements.," 2,163 ",from $9.99/mo,https://apps.shopify.com/solution-1355
1356,Pro Support Solution 1356,Support,,,Centralizes customer queries into a single helpdesk interface.," 2,161 ",from $9.99/mo,https://apps.shopify.com/solution-1356
1357,Pro Design Solution 1357,Design,,,Enhances store aesthetics with drag-and-drop themes and pages.," 2,160 ",from $9.99/mo,https://apps.shopify.com/solution-1357
1358,Pro Fulfillment Solution 1358,Fulfillment,,,Streamlines shipping workflows and delivery time tracking.," 2,158 ",from $29/mo,https://apps.shopify.com/solution-1358
1359,Pro Inventory Solution 1359,Inventory,,,Syncs stock levels across multiple warehouses and channels.," 2,157 ",from $9.99/mo,https://apps.shopify.com/solution-1359
1360,Pro Analytics Solution 1360,Analytics,,,Provides data-driven insights into sales and customer cohorts.," 2,156 ",Freemium,https://apps.shopify.com/solution-1360
1361,Pro Legal Solution 1361,Legal,,,Ensures store compliance with privacy and tax regulations.," 2,154 ",Freemium,https://apps.shopify.com/solution-1361
1362,Pro Subscriptions Solution 1362,Subscriptions,,,Manages recurring revenue and customer billing flows.," 2,153 ",Free plan available,https://apps.shopify.com/solution-1362
1363,Pro Dropshipping Solution 1363,Dropshipping,,,Automates product sourcing and third-party fulfillment.," 2,152 ",from $9.99/mo,https://apps.shopify.com/solution-1363
1364,Pro SEO Solution 1364,SEO,,,Improves organic search visibility and website performance scores.," 2,150 ",Free,https://apps.shopify.com/solution-1364
1365,Pro Marketing Solution 1365,Marketing,,,Automates customer communication and campaign attribution.," 2,149 ",Free,https://apps.shopify.com/solution-1365
1366,Pro Sales Solution 1366,Sales,,,Boosts average order value with conversion-focused UI elements.," 2,147 ",Free,https://apps.shopify.com/solution-1366
1367,Pro Support Solution 1367,Support,,,Centralizes customer queries into a single helpdesk interface.," 2,146 ",from $9.99/mo,https://apps.shopify.com/solution-1367
1368,Pro Design Solution 1368,Design,,,Enhances store aesthetics with drag-and-drop themes and pages.," 2,145 ",Freemium,https://apps.shopify.com/solution-1368
1369,Pro Fulfillment Solution 1369,Fulfillment,,,Streamlines shipping workflows and delivery time tracking.," 2,143 ",Freemium,https://apps.shopify.com/solution-1369
1370,Pro Inventory Solution 1370,Inventory,,,Syncs stock levels across multiple warehouses and channels.," 2,142 ",Free,https://apps.shopify.com/solution-1370
1371,Pro Analytics Solution 1371,Analytics,,,Provides data-driven insights into sales and customer cohorts.," 2,141 ",Freemium,https://apps.shopify.com/solution-1371
1372,Pro Legal Solution 1372,Legal,,,Ensures store compliance with privacy and tax regulations.," 2,139 ",Freemium,https://apps.shopify.com/solution-1372
1373,Pro Subscriptions Solution 1373,Subscriptions,,,Manages recurring revenue and customer billing flows.," 2,138 ",Free,https://apps.shopify.com/solution-1373
1374,Pro Dropshipping Solution 1374,Dropshipping,,,Automates product sourcing and third-party fulfillment.," 2,137 ",from $9.99/mo,https://apps.shopify.com/solution-1374
1375,Pro SEO Solution 1375,SEO,,,Improves organic search visibility and website performance scores.," 2,135 ",from $29/mo,https://apps.shopify.com/solution-1375
1376,Pro Marketing Solution 1376,Marketing,,,Automates customer communication and campaign attribution.," 2,134 ",from $9.99/mo,https://apps.shopify.com/solution-1376
1377,Pro Sales Solution 1377,Sales,,,Boosts average order value with conversion-focused UI elements.," 2,133 ",from $29/mo,https://apps.shopify.com/solution-1377
1378,Pro Support Solution 1378,Support,,,Centralizes customer queries into a single helpdesk interface.," 2,131 ",Free plan available,https://apps.shopify.com/solution-1378
1379,Pro Design Solution 1379,Design,,,Enhances store aesthetics with drag-and-drop themes and pages.," 2,130 ",from $29/mo,https://apps.shopify.com/solution-1379
1380,Pro Fulfillment Solution 1380,Fulfillment,,,Streamlines shipping workflows and delivery time tracking.," 2,129 ",from $29/mo,https://apps.shopify.com/solution-1380
1381,Pro Inventory Solution 1381,Inventory,,,Syncs stock levels across multiple warehouses and channels.," 2,127 ",from $9.99/mo,https://apps.shopify.com/solution-1381
1382,Pro Analytics Solution 1382,Analytics,,,Provides data-driven insights into sales and customer cohorts.," 2,126 ",Free,https://apps.shopify.com/solution-1382
1383,Pro Legal Solution 1383,Legal,,,Ensures store compliance with privacy and tax regulations.," 2,125 ",Freemium,https://apps.shopify.com/solution-1383
1384,Pro Subscriptions Solution 1384,Subscriptions,,,Manages recurring revenue and customer billing flows.," 2,123 ",from $9.99/mo,https://apps.shopify.com/solution-1384
1385,Pro Dropshipping Solution 1385,Dropshipping,,,Automates product sourcing and third-party fulfillment.," 2,122 ",Freemium,https://apps.shopify.com/solution-1385
1386,Pro SEO Solution 1386,SEO,,,Improves organic search visibility and website performance scores.," 2,121 ",Free plan available,https://apps.shopify.com/solution-1386
1387,Pro Marketing Solution 1387,Marketing,,,Automates customer communication and campaign attribution.," 2,119 ",from $9.99/mo,https://apps.shopify.com/solution-1387
1388,Pro Sales Solution 1388,Sales,,,Boosts average order value with conversion-focused UI elements.," 2,118 ",Free plan available,https://apps.shopify.com/solution-1388
1389,Pro Support Solution 1389,Support,,,Centralizes customer queries into a single helpdesk interface.," 2,117 ",Free,https://apps.shopify.com/solution-1389
1390,Pro Design Solution 1390,Design,,,Enhances store aesthetics with drag-and-drop themes and pages.," 2,115 ",Freemium,https://apps.shopify.com/solution-1390
1391,Pro Fulfillment Solution 1391,Fulfillment,,,Streamlines shipping workflows and delivery time tracking.," 2,114 ",from $9.99/mo,https://apps.shopify.com/solution-1391
1392,Pro Inventory Solution 1392,Inventory,,,Syncs stock levels across multiple warehouses and channels.," 2,113 ",from $9.99/mo,https://apps.shopify.com/solution-1392
1393,Pro Analytics Solution 1393,Analytics,,,Provides data-driven insights into sales and customer cohorts.," 2,111 ",from $29/mo,https://apps.shopify.com/solution-1393
1394,Pro Legal Solution 1394,Legal,,,Ensures store compliance with privacy and tax regulations.," 2,110 ",from $29/mo,https://apps.shopify.com/solution-1394
1395,Pro Subscriptions Solution 1395,Subscriptions,,,Manages recurring revenue and customer billing flows.," 2,109 ",from $29/mo,https://apps.shopify.com/solution-1395
1396,Pro Dropshipping Solution 1396,Dropshipping,,,Automates product sourcing and third-party fulfillment.," 2,108 ",from $29/mo,https://apps.shopify.com/solution-1396
1397,Pro SEO Solution 1397,SEO,,,Improves organic search visibility and website performance scores.," 2,106 ",Free plan available,https://apps.shopify.com/solution-1397
1398,Pro Marketing Solution 1398,Marketing,,,Automates customer communication and campaign attribution.," 2,105 ",from $29/mo,https://apps.shopify.com/solution-1398
1399,Pro Sales Solution 1399,Sales,,,Boosts average order value with conversion-focused UI elements.," 2,104 ",Free,https://apps.shopify.com/solution-1399
1400,Pro Support Solution 1400,Support,,,Centralizes customer queries into a single helpdesk interface.," 2,102 ",Free plan available,https://apps.shopify.com/solution-1400
1401,Pro Design Solution 1401,Design,,,Enhances store aesthetics with drag-and-drop themes and pages.," 2,101 ",Free plan available,https://apps.shopify.com/solution-1401
1402,Pro Fulfillment Solution 1402,Fulfillment,,,Streamlines shipping workflows and delivery time tracking.," 2,100 ",from $29/mo,https://apps.shopify.com/solution-1402
1403,Pro Inventory Solution 1403,Inventory,,,Syncs stock levels across multiple warehouses and channels.," 2,098 ",from $9.99/mo,https://apps.shopify.com/solution-1403
1404,Pro Analytics Solution 1404,Analytics,,,Provides data-driven insights into sales and customer cohorts.," 2,097 ",Free,https://apps.shopify.com/solution-1404
1405,Pro Legal Solution 1405,Legal,,,Ensures store compliance with privacy and tax regulations.," 2,096 ",Free,https://apps.shopify.com/solution-1405
1406,Pro Subscriptions Solution 1406,Subscriptions,,,Manages recurring revenue and customer billing flows.," 2,095 ",from $9.99/mo,https://apps.shopify.com/solution-1406
1407,Pro Dropshipping Solution 1407,Dropshipping,,,Automates product sourcing and third-party fulfillment.," 2,093 ",from $9.99/mo,https://apps.shopify.com/solution-1407
1408,Pro SEO Solution 1408,SEO,,,Improves organic search visibility and website performance scores.," 2,092 ",Free plan available,https://apps.shopify.com/solution-1408
1409,Pro Marketing Solution 1409,Marketing,,,Automates customer communication and campaign attribution.," 2,091 ",Free plan available,https://apps.shopify.com/solution-1409
1410,Pro Sales Solution 1410,Sales,,,Boosts average order value with conversion-focused UI elements.," 2,089 ",from $29/mo,https://apps.shopify.com/solution-1410
1411,Pro Support Solution 1411,Support,,,Centralizes customer queries into a single helpdesk interface.," 2,088 ",Free,https://apps.shopify.com/solution-1411
1412,Pro Design Solution 1412,Design,,,Enhances store aesthetics with drag-and-drop themes and pages.," 2,087 ",Freemium,https://apps.shopify.com/solution-1412
1413,Pro Fulfillment Solution 1413,Fulfillment,,,Streamlines shipping workflows and delivery time tracking.," 2,086 ",from $9.99/mo,https://apps.shopify.com/solution-1413
1414,Pro Inventory Solution 1414,Inventory,,,Syncs stock levels across multiple warehouses and channels.," 2,084 ",from $9.99/mo,https://apps.shopify.com/solution-1414
1415,Pro Analytics Solution 1415,Analytics,,,Provides data-driven insights into sales and customer cohorts.," 2,083 ",Free plan available,https://apps.shopify.com/solution-1415
1416,Pro Legal Solution 1416,Legal,,,Ensures store compliance with privacy and tax regulations.," 2,082 ",Free,https://apps.shopify.com/solution-1416
1417,Pro Subscriptions Solution 1417,Subscriptions,,,Manages recurring revenue and customer billing flows.," 2,081 ",Free,https://apps.shopify.com/solution-1417
1418,Pro Dropshipping Solution 1418,Dropshipping,,,Automates product sourcing and third-party fulfillment.," 2,079 ",Freemium,https://apps.shopify.com/solution-1418
1419,Pro SEO Solution 1419,SEO,,,Improves organic search visibility and website performance scores.," 2,078 ",Free plan available,https://apps.shopify.com/solution-1419
1420,Pro Marketing Solution 1420,Marketing,,,Automates customer communication and campaign attribution.," 2,077 ",Freemium,https://apps.shopify.com/solution-1420
1421,Pro Sales Solution 1421,Sales,,,Boosts average order value with conversion-focused UI elements.," 2,075 ",from $9.99/mo,https://apps.shopify.com/solution-1421
1422,Pro Support Solution 1422,Support,,,Centralizes customer queries into a single helpdesk interface.," 2,074 ",Freemium,https://apps.shopify.com/solution-1422
1423,Pro Design Solution 1423,Design,,,Enhances store aesthetics with drag-and-drop themes and pages.," 2,073 ",Free,https://apps.shopify.com/solution-1423
1424,Pro Fulfillment Solution 1424,Fulfillment,,,Streamlines shipping workflows and delivery time tracking.," 2,072 ",Freemium,https://apps.shopify.com/solution-1424
1425,Pro Inventory Solution 1425,Inventory,,,Syncs stock levels across multiple warehouses and channels.," 2,070 ",Free plan available,https://apps.shopify.com/solution-1425
1426,Pro Analytics Solution 1426,Analytics,,,Provides data-driven insights into sales and customer cohorts.," 2,069 ",Free plan available,https://apps.shopify.com/solution-1426
1427,Pro Legal Solution 1427,Legal,,,Ensures store compliance with privacy and tax regulations.," 2,068 ",Free,https://apps.shopify.com/solution-1427
1428,Pro Subscriptions Solution 1428,Subscriptions,,,Manages recurring revenue and customer billing flows.," 2,067 ",Free,https://apps.shopify.com/solution-1428
1429,Pro Dropshipping Solution 1429,Dropshipping,,,Automates product sourcing and third-party fulfillment.," 2,065 ",from $29/mo,https://apps.shopify.com/solution-1429
1430,Pro SEO Solution 1430,SEO,,,Improves organic search visibility and website performance scores.," 2,064 ",from $9.99/mo,https://apps.shopify.com/solution-1430
1431,Pro Marketing Solution 1431,Marketing,,,Automates customer communication and campaign attribution.," 2,063 ",Free plan available,https://apps.shopify.com/solution-1431
1432,Pro Sales Solution 1432,Sales,,,Boosts average order value with conversion-focused UI elements.," 2,062 ",from $29/mo,https://apps.shopify.com/solution-1432
1433,Pro Support Solution 1433,Support,,,Centralizes customer queries into a single helpdesk interface.," 2,060 ",from $9.99/mo,https://apps.shopify.com/solution-1433
1434,Pro Design Solution 1434,Design,,,Enhances store aesthetics with drag-and-drop themes and pages.," 2,059 ",Free plan available,https://apps.shopify.com/solution-1434
1435,Pro Fulfillment Solution 1435,Fulfillment,,,Streamlines shipping workflows and delivery time tracking.," 2,058 ",Free plan available,https://apps.shopify.com/solution-1435
1436,Pro Inventory Solution 1436,Inventory,,,Syncs stock levels across multiple warehouses and channels.," 2,057 ",Freemium,https://apps.shopify.com/solution-1436
1437,Pro Analytics Solution 1437,Analytics,,,Provides data-driven insights into sales and customer cohorts.," 2,055 ",Free plan available,https://apps.shopify.com/solution-1437
1438,Pro Legal Solution 1438,Legal,,,Ensures store compliance with privacy and tax regulations.," 2,054 ",Freemium,https://apps.shopify.com/solution-1438
1439,Pro Subscriptions Solution 1439,Subscriptions,,,Manages recurring revenue and customer billing flows.," 2,053 ",Free plan available,https://apps.shopify.com/solution-1439
1440,Pro Dropshipping Solution 1440,Dropshipping,,,Automates product sourcing and third-party fulfillment.," 2,052 ",from $29/mo,https://apps.shopify.com/solution-1440
1441,Pro SEO Solution 1441,SEO,,,Improves organic search visibility and website performance scores.," 2,051 ",from $9.99/mo,https://apps.shopify.com/solution-1441
1442,Pro Marketing Solution 1442,Marketing,,,Automates customer communication and campaign attribution.," 2,049 ",from $9.99/mo,https://apps.shopify.com/solution-1442
1443,Pro Sales Solution 1443,Sales,,,Boosts average order value with conversion-focused UI elements.," 2,048 ",Freemium,https://apps.shopify.com/solution-1443
1444,Pro Support Solution 1444,Support,,,Centralizes customer queries into a single helpdesk interface.," 2,047 ",from $9.99/mo,https://apps.shopify.com/solution-1444
1445,Pro Design Solution 1445,Design,,,Enhances store aesthetics with drag-and-drop themes and pages.," 2,046 ",Free,https://apps.shopify.com/solution-1445
1446,Pro Fulfillment Solution 1446,Fulfillment,,,Streamlines shipping workflows and delivery time tracking.," 2,044 ",Free,https://apps.shopify.com/solution-1446
1447,Pro Inventory Solution 1447,Inventory,,,Syncs stock levels across multiple warehouses and channels.," 2,043 ",Free,https://apps.shopify.com/solution-1447
1448,Pro Analytics Solution 1448,Analytics,,,Provides data-driven insights into sales and customer cohorts.," 2,042 ",from $29/mo,https://apps.shopify.com/solution-1448
1449,Pro Legal Solution 1449,Legal,,,Ensures store compliance with privacy and tax regulations.," 2,041 ",Free,https://apps.shopify.com/solution-1449
1450,Pro Subscriptions Solution 1450,Subscriptions,,,Manages recurring revenue and customer billing flows.," 2,040 ",Free plan available,https://apps.shopify.com/solution-1450
1451,Pro Dropshipping Solution 1451,Dropshipping,,,Automates product sourcing and third-party fulfillment.," 2,038 ",Free plan available,https://apps.shopify.com/solution-1451
1452,Pro SEO Solution 1452,SEO,,,Improves organic search visibility and website performance scores.," 2,037 ",from $29/mo,https://apps.shopify.com/solution-1452
1453,Pro Marketing Solution 1453,Marketing,,,Automates customer communication and campaign attribution.," 2,036 ",from $29/mo,https://apps.shopify.com/solution-1453
1454,Pro Sales Solution 1454,Sales,,,Boosts average order value with conversion-focused UI elements.," 2,035 ",Freemium,https://apps.shopify.com/solution-1454
1455,Pro Support Solution 1455,Support,,,Centralizes customer queries into a single helpdesk interface.," 2,033 ",from $9.99/mo,https://apps.shopify.com/solution-1455
1456,Pro Design Solution 1456,Design,,,Enhances store aesthetics with drag-and-drop themes and pages.," 2,032 ",from $9.99/mo,https://apps.shopify.com/solution-1456
1457,Pro Fulfillment Solution 1457,Fulfillment,,,Streamlines shipping workflows and delivery time tracking.," 2,031 ",from $9.99/mo,https://apps.shopify.com/solution-1457
1458,Pro Inventory Solution 1458,Inventory,,,Syncs stock levels across multiple warehouses and channels.," 2,030 ",Free,https://apps.shopify.com/solution-1458
1459,Pro Analytics Solution 1459,Analytics,,,Provides data-driven insights into sales and customer cohorts.," 2,029 ",Freemium,https://apps.shopify.com/solution-1459
1460,Pro Legal Solution 1460,Legal,,,Ensures store compliance with privacy and tax regulations.," 2,027 ",Freemium,https://apps.shopify.com/solution-1460
1461,Pro Subscriptions Solution 1461,Subscriptions,,,Manages recurring revenue and customer billing flows.," 2,026 ",Free plan available,https://apps.shopify.com/solution-1461
1462,Pro Dropshipping Solution 1462,Dropshipping,,,Automates product sourcing and third-party fulfillment.," 2,025 ",from $9.99/mo,https://apps.shopify.com/solution-1462
1463,Pro SEO Solution 1463,SEO,,,Improves organic search visibility and website performance scores.," 2,024 ",Free plan available,https://apps.shopify.com/solution-1463
1464,Pro Marketing Solution 1464,Marketing,,,Automates customer communication and campaign attribution.," 2,023 ",Free plan available,https://apps.shopify.com/solution-1464
1465,Pro Sales Solution 1465,Sales,,,Boosts average order value with conversion-focused UI elements.," 2,021 ",Free,https://apps.shopify.com/solution-1465
1466,Pro Support Solution 1466,Support,,,Centralizes customer queries into a single helpdesk interface.," 2,020 ",Free,https://apps.shopify.com/solution-1466
1467,Pro Design Solution 1467,Design,,,Enhances store aesthetics with drag-and-drop themes and pages.," 2,019 ",Free plan available,https://apps.shopify.com/solution-1467
1468,Pro Fulfillment Solution 1468,Fulfillment,,,Streamlines shipping workflows and delivery time tracking.," 2,018 ",from $9.99/mo,https://apps.shopify.com/solution-1468
1469,Pro Inventory Solution 1469,Inventory,,,Syncs stock levels across multiple warehouses and channels.," 2,017 ",Freemium,https://apps.shopify.com/solution-1469
1470,Pro Analytics Solution 1470,Analytics,,,Provides data-driven insights into sales and customer cohorts.," 2,016 ",Free plan available,https://apps.shopify.com/solution-1470
1471,Pro Legal Solution 1471,Legal,,,Ensures store compliance with privacy and tax regulations.," 2,014 ",Free plan available,https://apps.shopify.com/solution-1471
1472,Pro Subscriptions Solution 1472,Subscriptions,,,Manages recurring revenue and customer billing flows.," 2,013 ",Free plan available,https://apps.shopify.com/solution-1472
1473,Pro Dropshipping Solution 1473,Dropshipping,,,Automates product sourcing and third-party fulfillment.," 2,012 ",Free plan available,https://apps.shopify.com/solution-1473
1474,Pro SEO Solution 1474,SEO,,,Improves organic search visibility and website performance scores.," 2,011 ",from $9.99/mo,https://apps.shopify.com/solution-1474
1475,Pro Marketing Solution 1475,Marketing,,,Automates customer communication and campaign attribution.," 2,010 ",from $29/mo,https://apps.shopify.com/solution-1475
1476,Pro Sales Solution 1476,Sales,,,Boosts average order value with conversion-focused UI elements.," 2,008 ",Free plan available,https://apps.shopify.com/solution-1476
1477,Pro Support Solution 1477,Support,,,Centralizes customer queries into a single helpdesk interface.," 2,007 ",from $9.99/mo,https://apps.shopify.com/solution-1477
1478,Pro Design Solution 1478,Design,,,Enhances store aesthetics with drag-and-drop themes and pages.," 2,006 ",from $29/mo,https://apps.shopify.com/solution-1478
1479,Pro Fulfillment Solution 1479,Fulfillment,,,Streamlines shipping workflows and delivery time tracking.," 2,005 ",from $9.99/mo,https://apps.shopify.com/solution-1479
1480,Pro Inventory Solution 1480,Inventory,,,Syncs stock levels across multiple warehouses and channels.," 2,004 ",Free,https://apps.shopify.com/solution-1480
1481,Pro Analytics Solution 1481,Analytics,,,Provides data-driven insights into sales and customer cohorts.," 2,003 ",Free,https://apps.shopify.com/solution-1481
1482,Pro Legal Solution 1482,Legal,,,Ensures store compliance with privacy and tax regulations.," 2,001 ",Freemium,https://apps.shopify.com/solution-1482
1483,Pro Subscriptions Solution 1483,Subscriptions,,,Manages recurring revenue and customer billing flows.," 2,000 ",Freemium,https://apps.shopify.com/solution-1483
1484,Pro Dropshipping Solution 1484,Dropshipping,,,Automates product sourcing and third-party fulfillment.," 1,999 ",from $29/mo,https://apps.shopify.com/solution-1484
1485,Pro SEO Solution 1485,SEO,,,Improves organic search visibility and website performance scores.," 1,998 ",Freemium,https://apps.shopify.com/solution-1485
1486,Pro Marketing Solution 1486,Marketing,,,Automates customer communication and campaign attribution.," 1,997 ",Freemium,https://apps.shopify.com/solution-1486
1487,Pro Sales Solution 1487,Sales,,,Boosts average order value with conversion-focused UI elements.," 1,996 ",Free,https://apps.shopify.com/solution-1487
1488,Pro Support Solution 1488,Support,,,Centralizes customer queries into a single helpdesk interface.," 1,994 ",from $9.99/mo,https://apps.shopify.com/solution-1488
1489,Pro Design Solution 1489,Design,,,Enhances store aesthetics with drag-and-drop themes and pages.," 1,993 ",Free plan available,https://apps.shopify.com/solution-1489
1490,Pro Fulfillment Solution 1490,Fulfillment,,,Streamlines shipping workflows and delivery time tracking.," 1,992 ",Free,https://apps.shopify.com/solution-1490
1491,Pro Inventory Solution 1491,Inventory,,,Syncs stock levels across multiple warehouses and channels.," 1,991 ",Freemium,https://apps.shopify.com/solution-1491
1492,Pro Analytics Solution 1492,Analytics,,,Provides data-driven insights into sales and customer cohorts.," 1,990 ",Freemium,https://apps.shopify.com/solution-1492
1493,Pro Legal Solution 1493,Legal,,,Ensures store compliance with privacy and tax regulations.," 1,989 ",from $29/mo,https://apps.shopify.com/solution-1493
1494,Pro Subscriptions Solution 1494,Subscriptions,,,Manages recurring revenue and customer billing flows.," 1,988 ",Freemium,https://apps.shopify.com/solution-1494
1495,Pro Dropshipping Solution 1495,Dropshipping,,,Automates product sourcing and third-party fulfillment.," 1,986 ",Free plan available,https://apps.shopify.com/solution-1495
1496,Pro SEO Solution 1496,SEO,,,Improves organic search visibility and website performance scores.," 1,985 ",from $9.99/mo,https://apps.shopify.com/solution-1496
1497,Pro Marketing Solution 1497,Marketing,,,Automates customer communication and campaign attribution.," 1,984 ",Free plan available,https://apps.shopify.com/solution-1497
1498,Pro Sales Solution 1498,Sales,,,Boosts average order value with conversion-focused UI elements.," 1,983 ",Free,https://apps.shopify.com/solution-1498
1499,Pro Support Solution 1499,Support,,,Centralizes customer queries into a single helpdesk interface.," 1,982 ",Freemium,https://apps.shopify.com/solution-1499
1500,Pro Design Solution 1500,Design,,,Enhances store aesthetics with drag-and-drop themes and pages.," 1,981 ",Freemium,https://apps.shopify.com/solution-1500
1501,Pro Fulfillment Solution 1501,Fulfillment,,,Streamlines shipping workflows and delivery time tracking.," 1,979 ",from $9.99/mo,https://apps.shopify.com/solution-1501
1502,Pro Inventory Solution 1502,Inventory,,,Syncs stock levels across multiple warehouses and channels.," 1,978 ",Freemium,https://apps.shopify.com/solution-1502
1503,Pro Analytics Solution 1503,Analytics,,,Provides data-driven insights into sales and customer cohorts.," 1,977 ",Free plan available,https://apps.shopify.com/solution-1503
1504,Pro Legal Solution 1504,Legal,,,Ensures store compliance with privacy and tax regulations.," 1,976 ",from $9.99/mo,https://apps.shopify.com/solution-1504
1505,Pro Subscriptions Solution 1505,Subscriptions,,,Manages recurring revenue and customer billing flows.," 1,975 ",from $9.99/mo,https://apps.shopify.com/solution-1505
1506,Pro Dropshipping Solution 1506,Dropshipping,,,Automates product sourcing and third-party fulfillment.," 1,974 ",from $29/mo,https://apps.shopify.com/solution-1506
1507,Pro SEO Solution 1507,SEO,,,Improves organic search visibility and website performance scores.," 1,973 ",from $9.99/mo,https://apps.shopify.com/solution-1507
1508,Pro Marketing Solution 1508,Marketing,,,Automates customer communication and campaign attribution.," 1,972 ",Freemium,https://apps.shopify.com/solution-1508
1509,Pro Sales Solution 1509,Sales,,,Boosts average order value with conversion-focused UI elements.," 1,970 ",Free plan available,https://apps.shopify.com/solution-1509
1510,Pro Support Solution 1510,Support,,,Centralizes customer queries into a single helpdesk interface.," 1,969 ",from $29/mo,https://apps.shopify.com/solution-1510
1511,Pro Design Solution 1511,Design,,,Enhances store aesthetics with drag-and-drop themes and pages.," 1,968 ",Free plan available,https://apps.shopify.com/solution-1511
1512,Pro Fulfillment Solution 1512,Fulfillment,,,Streamlines shipping workflows and delivery time tracking.," 1,967 ",from $9.99/mo,https://apps.shopify.com/solution-1512
1513,Pro Inventory Solution 1513,Inventory,,,Syncs stock levels across multiple warehouses and channels.," 1,966 ",Free,https://apps.shopify.com/solution-1513
1514,Pro Analytics Solution 1514,Analytics,,,Provides data-driven insights into sales and customer cohorts.," 1,965 ",Freemium,https://apps.shopify.com/solution-1514
1515,Pro Legal Solution 1515,Legal,,,Ensures store compliance with privacy and tax regulations.," 1,964 ",Freemium,https://apps.shopify.com/solution-1515
1516,Pro Subscriptions Solution 1516,Subscriptions,,,Manages recurring revenue and customer billing flows.," 1,963 ",Free,https://apps.shopify.com/solution-1516
1517,Pro Dropshipping Solution 1517,Dropshipping,,,Automates product sourcing and third-party fulfillment.," 1,961 ",Free,https://apps.shopify.com/solution-1517
1518,Pro SEO Solution 1518,SEO,,,Improves organic search visibility and website performance scores.," 1,960 ",Freemium,https://apps.shopify.com/solution-1518
1519,Pro Marketing Solution 1519,Marketing,,,Automates customer communication and campaign attribution.," 1,959 ",Freemium,https://apps.shopify.com/solution-1519
1520,Pro Sales Solution 1520,Sales,,,Boosts average order value with conversion-focused UI elements.," 1,958 ",from $9.99/mo,https://apps.shopify.com/solution-1520
1521,Pro Support Solution 1521,Support,,,Centralizes customer queries into a single helpdesk interface.," 1,957 ",from $9.99/mo,https://apps.shopify.com/solution-1521
1522,Pro Design Solution 1522,Design,,,Enhances store aesthetics with drag-and-drop themes and pages.," 1,956 ",Free,https://apps.shopify.com/solution-1522
1523,Pro Fulfillment Solution 1523,Fulfillment,,,Streamlines shipping workflows and delivery time tracking.," 1,955 ",Free,https://apps.shopify.com/solution-1523
1524,Pro Inventory Solution 1524,Inventory,,,Syncs stock levels across multiple warehouses and channels.," 1,954 ",from $9.99/mo,https://apps.shopify.com/solution-1524
1525,Pro Analytics Solution 1525,Analytics,,,Provides data-driven insights into sales and customer cohorts.," 1,953 ",from $9.99/mo,https://apps.shopify.com/solution-1525
1526,Pro Legal Solution 1526,Legal,,,Ensures store compliance with privacy and tax regulations.," 1,951 ",Free plan available,https://apps.shopify.com/solution-1526
1527,Pro Subscriptions Solution 1527,Subscriptions,,,Manages recurring revenue and customer billing flows.," 1,950 ",Freemium,https://apps.shopify.com/solution-1527
1528,Pro Dropshipping Solution 1528,Dropshipping,,,Automates product sourcing and third-party fulfillment.," 1,949 ",from $9.99/mo,https://apps.shopify.com/solution-1528
1529,Pro SEO Solution 1529,SEO,,,Improves organic search visibility and website performance scores.," 1,948 ",from $29/mo,https://apps.shopify.com/solution-1529
1530,Pro Marketing Solution 1530,Marketing,,,Automates customer communication and campaign attribution.," 1,947 ",Freemium,https://apps.shopify.com/solution-1530
1531,Pro Sales Solution 1531,Sales,,,Boosts average order value with conversion-focused UI elements.," 1,946 ",from $9.99/mo,https://apps.shopify.com/solution-1531
1532,Pro Support Solution 1532,Support,,,Centralizes customer queries into a single helpdesk interface.," 1,945 ",Free plan available,https://apps.shopify.com/solution-1532
1533,Pro Design Solution 1533,Design,,,Enhances store aesthetics with drag-and-drop themes and pages.," 1,944 ",Free plan available,https://apps.shopify.com/solution-1533
1534,Pro Fulfillment Solution 1534,Fulfillment,,,Streamlines shipping workflows and delivery time tracking.," 1,943 ",from $29/mo,https://apps.shopify.com/solution-1534
1535,Pro Inventory Solution 1535,Inventory,,,Syncs stock levels across multiple warehouses and channels.," 1,942 ",Free,https://apps.shopify.com/solution-1535
1536,Pro Analytics Solution 1536,Analytics,,,Provides data-driven insights into sales and customer cohorts.," 1,940 ",from $29/mo,https://apps.shopify.com/solution-1536
1537,Pro Legal Solution 1537,Legal,,,Ensures store compliance with privacy and tax regulations.," 1,939 ",Free plan available,https://apps.shopify.com/solution-1537
1538,Pro Subscriptions Solution 1538,Subscriptions,,,Manages recurring revenue and customer billing flows.," 1,938 ",Freemium,https://apps.shopify.com/solution-1538
1539,Pro Dropshipping Solution 1539,Dropshipping,,,Automates product sourcing and third-party fulfillment.," 1,937 ",from $29/mo,https://apps.shopify.com/solution-1539
1540,Pro SEO Solution 1540,SEO,,,Improves organic search visibility and website performance scores.," 1,936 ",Free,https://apps.shopify.com/solution-1540
1541,Pro Marketing Solution 1541,Marketing,,,Automates customer communication and campaign attribution.," 1,935 ",from $29/mo,https://apps.shopify.com/solution-1541
1542,Pro Sales Solution 1542,Sales,,,Boosts average order value with conversion-focused UI elements.," 1,934 ",Freemium,https://apps.shopify.com/solution-1542
1543,Pro Support Solution 1543,Support,,,Centralizes customer queries into a single helpdesk interface.," 1,933 ",from $9.99/mo,https://apps.shopify.com/solution-1543
1544,Pro Design Solution 1544,Design,,,Enhances store aesthetics with drag-and-drop themes and pages.," 1,932 ",from $29/mo,https://apps.shopify.com/solution-1544
1545,Pro Fulfillment Solution 1545,Fulfillment,,,Streamlines shipping workflows and delivery time tracking.," 1,931 ",Freemium,https://apps.shopify.com/solution-1545
1546,Pro Inventory Solution 1546,Inventory,,,Syncs stock levels across multiple warehouses and channels.," 1,930 ",from $29/mo,https://apps.shopify.com/solution-1546
1547,Pro Analytics Solution 1547,Analytics,,,Provides data-driven insights into sales and customer cohorts.," 1,929 ",Free,https://apps.shopify.com/solution-1547
1548,Pro Legal Solution 1548,Legal,,,Ensures store compliance with privacy and tax regulations.," 1,927 ",Freemium,https://apps.shopify.com/solution-1548
1549,Pro Subscriptions Solution 1549,Subscriptions,,,Manages recurring revenue and customer billing flows.," 1,926 ",from $9.99/mo,https://apps.shopify.com/solution-1549
1550,Pro Dropshipping Solution 1550,Dropshipping,,,Automates product sourcing and third-party fulfillment.," 1,925 ",from $9.99/mo,https://apps.shopify.com/solution-1550
1551,Pro SEO Solution 1551,SEO,,,Improves organic search visibility and website performance scores.," 1,924 ",from $29/mo,https://apps.shopify.com/solution-1551
1552,Pro Marketing Solution 1552,Marketing,,,Automates customer communication and campaign attribution.," 1,923 ",Free,https://apps.shopify.com/solution-1552
1553,Pro Sales Solution 1553,Sales,,,Boosts average order value with conversion-focused UI elements.," 1,922 ",Free plan available,https://apps.shopify.com/solution-1553
1554,Pro Support Solution 1554,Support,,,Centralizes customer queries into a single helpdesk interface.," 1,921 ",Freemium,https://apps.shopify.com/solution-1554
1555,Pro Design Solution 1555,Design,,,Enhances store aesthetics with drag-and-drop themes and pages.," 1,920 ",Free plan available,https://apps.shopify.com/solution-1555
1556,Pro Fulfillment Solution 1556,Fulfillment,,,Streamlines shipping workflows and delivery time tracking.," 1,919 ",Free plan available,https://apps.shopify.com/solution-1556
1557,Pro Inventory Solution 1557,Inventory,,,Syncs stock levels across multiple warehouses and channels.," 1,918 ",Free,https://apps.shopify.com/solution-1557
1558,Pro Analytics Solution 1558,Analytics,,,Provides data-driven insights into sales and customer cohorts.," 1,917 ",from $9.99/mo,https://apps.shopify.com/solution-1558
1559,Pro Legal Solution 1559,Legal,,,Ensures store compliance with privacy and tax regulations.," 1,916 ",Free plan available,https://apps.shopify.com/solution-1559
1560,Pro Subscriptions Solution 1560,Subscriptions,,,Manages recurring revenue and customer billing flows.," 1,915 ",from $29/mo,https://apps.shopify.com/solution-1560
1561,Pro Dropshipping Solution 1561,Dropshipping,,,Automates product sourcing and third-party fulfillment.," 1,914 ",from $9.99/mo,https://apps.shopify.com/solution-1561
1562,Pro SEO Solution 1562,SEO,,,Improves organic search visibility and website performance scores.," 1,912 ",from $29/mo,https://apps.shopify.com/solution-1562
1563,Pro Marketing Solution 1563,Marketing,,,Automates customer communication and campaign attribution.," 1,911 ",from $29/mo,https://apps.shopify.com/solution-1563
1564,Pro Sales Solution 1564,Sales,,,Boosts average order value with conversion-focused UI elements.," 1,910 ",Freemium,https://apps.shopify.com/solution-1564
1565,Pro Support Solution 1565,Support,,,Centralizes customer queries into a single helpdesk interface.," 1,909 ",Free,https://apps.shopify.com/solution-1565
1566,Pro Design Solution 1566,Design,,,Enhances store aesthetics with drag-and-drop themes and pages.," 1,908 ",from $9.99/mo,https://apps.shopify.com/solution-1566
1567,Pro Fulfillment Solution 1567,Fulfillment,,,Streamlines shipping workflows and delivery time tracking.," 1,907 ",from $29/mo,https://apps.shopify.com/solution-1567
1568,Pro Inventory Solution 1568,Inventory,,,Syncs stock levels across multiple warehouses and channels.," 1,906 ",Freemium,https://apps.shopify.com/solution-1568
1569,Pro Analytics Solution 1569,Analytics,,,Provides data-driven insights into sales and customer cohorts.," 1,905 ",Freemium,https://apps.shopify.com/solution-1569
1570,Pro Legal Solution 1570,Legal,,,Ensures store compliance with privacy and tax regulations.," 1,904 ",from $29/mo,https://apps.shopify.com/solution-1570
1571,Pro Subscriptions Solution 1571,Subscriptions,,,Manages recurring revenue and customer billing flows.," 1,903 ",Free,https://apps.shopify.com/solution-1571
1572,Pro Dropshipping Solution 1572,Dropshipping,,,Automates product sourcing and third-party fulfillment.," 1,902 ",from $9.99/mo,https://apps.shopify.com/solution-1572
1573,Pro SEO Solution 1573,SEO,,,Improves organic search visibility and website performance scores.," 1,901 ",Free,https://apps.shopify.com/solution-1573
1574,Pro Marketing Solution 1574,Marketing,,,Automates customer communication and campaign attribution.," 1,900 ",Free,https://apps.shopify.com/solution-1574
1575,Pro Sales Solution 1575,Sales,,,Boosts average order value with conversion-focused UI elements.," 1,899 ",Freemium,https://apps.shopify.com/solution-1575
1576,Pro Support Solution 1576,Support,,,Centralizes customer queries into a single helpdesk interface.," 1,898 ",from $29/mo,https://apps.shopify.com/solution-1576
1577,Pro Design Solution 1577,Design,,,Enhances store aesthetics with drag-and-drop themes and pages.," 1,897 ",from $29/mo,https://apps.shopify.com/solution-1577
1578,Pro Fulfillment Solution 1578,Fulfillment,,,Streamlines shipping workflows and delivery time tracking.," 1,896 ",Free,https://apps.shopify.com/solution-1578
1579,Pro Inventory Solution 1579,Inventory,,,Syncs stock levels across multiple warehouses and channels.," 1,895 ",from $9.99/mo,https://apps.shopify.com/solution-1579
1580,Pro Analytics Solution 1580,Analytics,,,Provides data-driven insights into sales and customer cohorts.," 1,894 ",Free plan available,https://apps.shopify.com/solution-1580
1581,Pro Legal Solution 1581,Legal,,,Ensures store compliance with privacy and tax regulations.," 1,893 ",Free,https://apps.shopify.com/solution-1581
1582,Pro Subscriptions Solution 1582,Subscriptions,,,Manages recurring revenue and customer billing flows.," 1,892 ",from $29/mo,https://apps.shopify.com/solution-1582
1583,Pro Dropshipping Solution 1583,Dropshipping,,,Automates product sourcing and third-party fulfillment.," 1,891 ",from $9.99/mo,https://apps.shopify.com/solution-1583
1584,Pro SEO Solution 1584,SEO,,,Improves organic search visibility and website performance scores.," 1,890 ",Freemium,https://apps.shopify.com/solution-1584
1585,Pro Marketing Solution 1585,Marketing,,,Automates customer communication and campaign attribution.," 1,888 ",Free,https://apps.shopify.com/solution-1585
1586,Pro Sales Solution 1586,Sales,,,Boosts average order value with conversion-focused UI elements.," 1,887 ",Free plan available,https://apps.shopify.com/solution-1586
1587,Pro Support Solution 1587,Support,,,Centralizes customer queries into a single helpdesk interface.," 1,886 ",Free,https://apps.shopify.com/solution-1587
1588,Pro Design Solution 1588,Design,,,Enhances store aesthetics with drag-and-drop themes and pages.," 1,885 ",Freemium,https://apps.shopify.com/solution-1588
1589,Pro Fulfillment Solution 1589,Fulfillment,,,Streamlines shipping workflows and delivery time tracking.," 1,884 ",from $29/mo,https://apps.shopify.com/solution-1589
1590,Pro Inventory Solution 1590,Inventory,,,Syncs stock levels across multiple warehouses and channels.," 1,883 ",Free plan available,https://apps.shopify.com/solution-1590
1591,Pro Analytics Solution 1591,Analytics,,,Provides data-driven insights into sales and customer cohorts.," 1,882 ",Freemium,https://apps.shopify.com/solution-1591
1592,Pro Legal Solution 1592,Legal,,,Ensures store compliance with privacy and tax regulations.," 1,881 ",Free plan available,https://apps.shopify.com/solution-1592
1593,Pro Subscriptions Solution 1593,Subscriptions,,,Manages recurring revenue and customer billing flows.," 1,880 ",Free,https://apps.shopify.com/solution-1593
1594,Pro Dropshipping Solution 1594,Dropshipping,,,Automates product sourcing and third-party fulfillment.," 1,879 ",from $9.99/mo,https://apps.shopify.com/solution-1594
1595,Pro SEO Solution 1595,SEO,,,Improves organic search visibility and website performance scores.," 1,878 ",from $9.99/mo,https://apps.shopify.com/solution-1595
1596,Pro Marketing Solution 1596,Marketing,,,Automates customer communication and campaign attribution.," 1,877 ",Freemium,https://apps.shopify.com/solution-1596
1597,Pro Sales Solution 1597,Sales,,,Boosts average order value with conversion-focused UI elements.," 1,876 ",Freemium,https://apps.shopify.com/solution-1597
1598,Pro Support Solution 1598,Support,,,Centralizes customer queries into a single helpdesk interface.," 1,875 ",from $29/mo,https://apps.shopify.com/solution-1598
1599,Pro Design Solution 1599,Design,,,Enhances store aesthetics with drag-and-drop themes and pages.," 1,874 ",Freemium,https://apps.shopify.com/solution-1599
1600,Pro Fulfillment Solution 1600,Fulfillment,,,Streamlines shipping workflows and delivery time tracking.," 1,873 ",Free plan available,https://apps.shopify.com/solution-1600
1601,Pro Inventory Solution 1601,Inventory,,,Syncs stock levels across multiple warehouses and channels.," 1,872 ",from $29/mo,https://apps.shopify.com/solution-1601
1602,Pro Analytics Solution 1602,Analytics,,,Provides data-driven insights into sales and customer cohorts.," 1,871 ",Freemium,https://apps.shopify.com/solution-1602
1603,Pro Legal Solution 1603,Legal,,,Ensures store compliance with privacy and tax regulations.," 1,870 ",Free plan available,https://apps.shopify.com/solution-1603
1604,Pro Subscriptions Solution 1604,Subscriptions,,,Manages recurring revenue and customer billing flows.," 1,869 ",Free plan available,https://apps.shopify.com/solution-1604
1605,Pro Dropshipping Solution 1605,Dropshipping,,,Automates product sourcing and third-party fulfillment.," 1,868 ",Free plan available,https://apps.shopify.com/solution-1605
1606,Pro SEO Solution 1606,SEO,,,Improves organic search visibility and website performance scores.," 1,867 ",Freemium,https://apps.shopify.com/solution-1606
1607,Pro Marketing Solution 1607,Marketing,,,Automates customer communication and campaign attribution.," 1,866 ",from $9.99/mo,https://apps.shopify.com/solution-1607
1608,Pro Sales Solution 1608,Sales,,,Boosts average order value with conversion-focused UI elements.," 1,865 ",Free plan available,https://apps.shopify.com/solution-1608
1609,Pro Support Solution 1609,Support,,,Centralizes customer queries into a single helpdesk interface.," 1,864 ",from $29/mo,https://apps.shopify.com/solution-1609
1610,Pro Design Solution 1610,Design,,,Enhances store aesthetics with drag-and-drop themes and pages.," 1,863 ",Free plan available,https://apps.shopify.com/solution-1610
1611,Pro Fulfillment Solution 1611,Fulfillment,,,Streamlines shipping workflows and delivery time tracking.," 1,862 ",Free plan available,https://apps.shopify.com/solution-1611
1612,Pro Inventory Solution 1612,Inventory,,,Syncs stock levels across multiple warehouses and channels.," 1,861 ",Free plan available,https://apps.shopify.com/solution-1612
1613,Pro Analytics Solution 1613,Analytics,,,Provides data-driven insights into sales and customer cohorts.," 1,860 ",Free plan available,https://apps.shopify.com/solution-1613
1614,Pro Legal Solution 1614,Legal,,,Ensures store compliance with privacy and tax regulations.," 1,859 ",from $9.99/mo,https://apps.shopify.com/solution-1614
1615,Pro Subscriptions Solution 1615,Subscriptions,,,Manages recurring revenue and customer billing flows.," 1,858 ",Freemium,https://apps.shopify.com/solution-1615
1616,Pro Dropshipping Solution 1616,Dropshipping,,,Automates product sourcing and third-party fulfillment.," 1,857 ",Free,https://apps.shopify.com/solution-1616
1617,Pro SEO Solution 1617,SEO,,,Improves organic search visibility and website performance scores.," 1,856 ",Free,https://apps.shopify.com/solution-1617
1618,Pro Marketing Solution 1618,Marketing,,,Automates customer communication and campaign attribution.," 1,855 ",from $9.99/mo,https://apps.shopify.com/solution-1618
1619,Pro Sales Solution 1619,Sales,,,Boosts average order value with conversion-focused UI elements.," 1,854 ",from $9.99/mo,https://apps.shopify.com/solution-1619
1620,Pro Support Solution 1620,Support,,,Centralizes customer queries into a single helpdesk interface.," 1,853 ",from $9.99/mo,https://apps.shopify.com/solution-1620
1621,Pro Design Solution 1621,Design,,,Enhances store aesthetics with drag-and-drop themes and pages.," 1,852 ",Free,https://apps.shopify.com/solution-1621
1622,Pro Fulfillment Solution 1622,Fulfillment,,,Streamlines shipping workflows and delivery time tracking.," 1,851 ",Freemium,https://apps.shopify.com/solution-1622
1623,Pro Inventory Solution 1623,Inventory,,,Syncs stock levels across multiple warehouses and channels.," 1,850 ",from $9.99/mo,https://apps.shopify.com/solution-1623
1624,Pro Analytics Solution 1624,Analytics,,,Provides data-driven insights into sales and customer cohorts.," 1,849 ",Free plan available,https://apps.shopify.com/solution-1624
1625,Pro Legal Solution 1625,Legal,,,Ensures store compliance with privacy and tax regulations.," 1,848 ",Free,https://apps.shopify.com/solution-1625
1626,Pro Subscriptions Solution 1626,Subscriptions,,,Manages recurring revenue and customer billing flows.," 1,847 ",from $9.99/mo,https://apps.shopify.com/solution-1626
1627,Pro Dropshipping Solution 1627,Dropshipping,,,Automates product sourcing and third-party fulfillment.," 1,846 ",Free,https://apps.shopify.com/solution-1627
1628,Pro SEO Solution 1628,SEO,,,Improves organic search visibility and website performance scores.," 1,845 ",Free,https://apps.shopify.com/solution-1628
1629,Pro Marketing Solution 1629,Marketing,,,Automates customer communication and campaign attribution.," 1,844 ",Freemium,https://apps.shopify.com/solution-1629
1630,Pro Sales Solution 1630,Sales,,,Boosts average order value with conversion-focused UI elements.," 1,843 ",Free,https://apps.shopify.com/solution-1630
1631,Pro Support Solution 1631,Support,,,Centralizes customer queries into a single helpdesk interface.," 1,842 ",Free,https://apps.shopify.com/solution-1631
1632,Pro Design Solution 1632,Design,,,Enhances store aesthetics with drag-and-drop themes and pages.," 1,841 ",from $29/mo,https://apps.shopify.com/solution-1632
1633,Pro Fulfillment Solution 1633,Fulfillment,,,Streamlines shipping workflows and delivery time tracking.," 1,840 ",Freemium,https://apps.shopify.com/solution-1633
1634,Pro Inventory Solution 1634,Inventory,,,Syncs stock levels across multiple warehouses and channels.," 1,839 ",from $29/mo,https://apps.shopify.com/solution-1634
1635,Pro Analytics Solution 1635,Analytics,,,Provides data-driven insights into sales and customer cohorts.," 1,838 ",from $9.99/mo,https://apps.shopify.com/solution-1635
1636,Pro Legal Solution 1636,Legal,,,Ensures store compliance with privacy and tax regulations.," 1,837 ",Freemium,https://apps.shopify.com/solution-1636
1637,Pro Subscriptions Solution 1637,Subscriptions,,,Manages recurring revenue and customer billing flows.," 1,837 ",Free plan available,https://apps.shopify.com/solution-1637
1638,Pro Dropshipping Solution 1638,Dropshipping,,,Automates product sourcing and third-party fulfillment.," 1,836 ",from $9.99/mo,https://apps.shopify.com/solution-1638
1639,Pro SEO Solution 1639,SEO,,,Improves organic search visibility and website performance scores.," 1,835 ",Free plan available,https://apps.shopify.com/solution-1639
1640,Pro Marketing Solution 1640,Marketing,,,Automates customer communication and campaign attribution.," 1,834 ",from $29/mo,https://apps.shopify.com/solution-1640
1641,Pro Sales Solution 1641,Sales,,,Boosts average order value with conversion-focused UI elements.," 1,833 ",Free plan available,https://apps.shopify.com/solution-1641
1642,Pro Support Solution 1642,Support,,,Centralizes customer queries into a single helpdesk interface.," 1,832 ",Freemium,https://apps.shopify.com/solution-1642
1643,Pro Design Solution 1643,Design,,,Enhances store aesthetics with drag-and-drop themes and pages.," 1,831 ",from $29/mo,https://apps.shopify.com/solution-1643
1644,Pro Fulfillment Solution 1644,Fulfillment,,,Streamlines shipping workflows and delivery time tracking.," 1,830 ",from $29/mo,https://apps.shopify.com/solution-1644
1645,Pro Inventory Solution 1645,Inventory,,,Syncs stock levels across multiple warehouses and channels.," 1,829 ",from $29/mo,https://apps.shopify.com/solution-1645
1646,Pro Analytics Solution 1646,Analytics,,,Provides data-driven insights into sales and customer cohorts.," 1,828 ",Free,https://apps.shopify.com/solution-1646
1647,Pro Legal Solution 1647,Legal,,,Ensures store compliance with privacy and tax regulations.," 1,827 ",from $29/mo,https://apps.shopify.com/solution-1647
1648,Pro Subscriptions Solution 1648,Subscriptions,,,Manages recurring revenue and customer billing flows.," 1,826 ",Free plan available,https://apps.shopify.com/solution-1648
1649,Pro Dropshipping Solution 1649,Dropshipping,,,Automates product sourcing and third-party fulfillment.," 1,825 ",from $9.99/mo,https://apps.shopify.com/solution-1649
1650,Pro SEO Solution 1650,SEO,,,Improves organic search visibility and website performance scores.," 1,824 ",from $9.99/mo,https://apps.shopify.com/solution-1650
1651,Pro Marketing Solution 1651,Marketing,,,Automates customer communication and campaign attribution.," 1,823 ",from $9.99/mo,https://apps.shopify.com/solution-1651
1652,Pro Sales Solution 1652,Sales,,,Boosts average order value with conversion-focused UI elements.," 1,822 ",Free,https://apps.shopify.com/solution-1652
1653,Pro Support Solution 1653,Support,,,Centralizes customer queries into a single helpdesk interface.," 1,821 ",Free,https://apps.shopify.com/solution-1653
1654,Pro Design Solution 1654,Design,,,Enhances store aesthetics with drag-and-drop themes and pages.," 1,820 ",Freemium,https://apps.shopify.com/solution-1654
1655,Pro Fulfillment Solution 1655,Fulfillment,,,Streamlines shipping workflows and delivery time tracking.," 1,819 ",Free,https://apps.shopify.com/solution-1655
1656,Pro Inventory Solution 1656,Inventory,,,Syncs stock levels across multiple warehouses and channels.," 1,818 ",Free,https://apps.shopify.com/solution-1656
1657,Pro Analytics Solution 1657,Analytics,,,Provides data-driven insights into sales and customer cohorts.," 1,817 ",Freemium,https://apps.shopify.com/solution-1657
1658,Pro Legal Solution 1658,Legal,,,Ensures store compliance with privacy and tax regulations.," 1,816 ",from $29/mo,https://apps.shopify.com/solution-1658
1659,Pro Subscriptions Solution 1659,Subscriptions,,,Manages recurring revenue and customer billing flows.," 1,815 ",Free plan available,https://apps.shopify.com/solution-1659
1660,Pro Dropshipping Solution 1660,Dropshipping,,,Automates product sourcing and third-party fulfillment.," 1,815 ",from $29/mo,https://apps.shopify.com/solution-1660
1661,Pro SEO Solution 1661,SEO,,,Improves organic search visibility and website performance scores.," 1,814 ",from $29/mo,https://apps.shopify.com/solution-1661
1662,Pro Marketing Solution 1662,Marketing,,,Automates customer communication and campaign attribution.," 1,813 ",from $29/mo,https://apps.shopify.com/solution-1662
1663,Pro Sales Solution 1663,Sales,,,Boosts average order value with conversion-focused UI elements.," 1,812 ",Freemium,https://apps.shopify.com/solution-1663
1664,Pro Support Solution 1664,Support,,,Centralizes customer queries into a single helpdesk interface.," 1,811 ",Free plan available,https://apps.shopify.com/solution-1664
1665,Pro Design Solution 1665,Design,,,Enhances store aesthetics with drag-and-drop themes and pages.," 1,810 ",Freemium,https://apps.shopify.com/solution-1665
1666,Pro Fulfillment Solution 1666,Fulfillment,,,Streamlines shipping workflows and delivery time tracking.," 1,809 ",from $29/mo,https://apps.shopify.com/solution-1666
1667,Pro Inventory Solution 1667,Inventory,,,Syncs stock levels across multiple warehouses and channels.," 1,808 ",Freemium,https://apps.shopify.com/solution-1667
1668,Pro Analytics Solution 1668,Analytics,,,Provides data-driven insights into sales and customer cohorts.," 1,807 ",from $29/mo,https://apps.shopify.com/solution-1668
1669,Pro Legal Solution 1669,Legal,,,Ensures store compliance with privacy and tax regulations.," 1,806 ",from $29/mo,https://apps.shopify.com/solution-1669
1670,Pro Subscriptions Solution 1670,Subscriptions,,,Manages recurring revenue and customer billing flows.," 1,805 ",Free plan available,https://apps.shopify.com/solution-1670
1671,Pro Dropshipping Solution 1671,Dropshipping,,,Automates product sourcing and third-party fulfillment.," 1,804 ",Freemium,https://apps.shopify.com/solution-1671
1672,Pro SEO Solution 1672,SEO,,,Improves organic search visibility and website performance scores.," 1,803 ",Free,https://apps.shopify.com/solution-1672
1673,Pro Marketing Solution 1673,Marketing,,,Automates customer communication and campaign attribution.," 1,802 ",from $29/mo,https://apps.shopify.com/solution-1673
1674,Pro Sales Solution 1674,Sales,,,Boosts average order value with conversion-focused UI elements.," 1,801 ",from $29/mo,https://apps.shopify.com/solution-1674
1675,Pro Support Solution 1675,Support,,,Centralizes customer queries into a single helpdesk interface.," 1,800 ",Freemium,https://apps.shopify.com/solution-1675
1676,Pro Design Solution 1676,Design,,,Enhances store aesthetics with drag-and-drop themes and pages.," 1,800 ",Free plan available,https://apps.shopify.com/solution-1676
1677,Pro Fulfillment Solution 1677,Fulfillment,,,Streamlines shipping workflows and delivery time tracking.," 1,799 ",Free,https://apps.shopify.com/solution-1677
1678,Pro Inventory Solution 1678,Inventory,,,Syncs stock levels across multiple warehouses and channels.," 1,798 ",Freemium,https://apps.shopify.com/solution-1678
1679,Pro Analytics Solution 1679,Analytics,,,Provides data-driven insights into sales and customer cohorts.," 1,797 ",from $9.99/mo,https://apps.shopify.com/solution-1679
1680,Pro Legal Solution 1680,Legal,,,Ensures store compliance with privacy and tax regulations.," 1,796 ",Free plan available,https://apps.shopify.com/solution-1680
1681,Pro Subscriptions Solution 1681,Subscriptions,,,Manages recurring revenue and customer billing flows.," 1,795 ",from $29/mo,https://apps.shopify.com/solution-1681
1682,Pro Dropshipping Solution 1682,Dropshipping,,,Automates product sourcing and third-party fulfillment.," 1,794 ",from $29/mo,https://apps.shopify.com/solution-1682
1683,Pro SEO Solution 1683,SEO,,,Improves organic search visibility and website performance scores.," 1,793 ",Free,https://apps.shopify.com/solution-1683
1684,Pro Marketing Solution 1684,Marketing,,,Automates customer communication and campaign attribution.," 1,792 ",Free,https://apps.shopify.com/solution-1684
1685,Pro Sales Solution 1685,Sales,,,Boosts average order value with conversion-focused UI elements.," 1,791 ",from $9.99/mo,https://apps.shopify.com/solution-1685
1686,Pro Support Solution 1686,Support,,,Centralizes customer queries into a single helpdesk interface.," 1,790 ",Free plan available,https://apps.shopify.com/solution-1686
1687,Pro Design Solution 1687,Design,,,Enhances store aesthetics with drag-and-drop themes and pages.," 1,789 ",Free,https://apps.shopify.com/solution-1687
1688,Pro Fulfillment Solution 1688,Fulfillment,,,Streamlines shipping workflows and delivery time tracking.," 1,788 ",Free,https://apps.shopify.com/solution-1688
1689,Pro Inventory Solution 1689,Inventory,,,Syncs stock levels across multiple warehouses and channels.," 1,788 ",Free,https://apps.shopify.com/solution-1689
1690,Pro Analytics Solution 1690,Analytics,,,Provides data-driven insights into sales and customer cohorts.," 1,787 ",Free,https://apps.shopify.com/solution-1690
1691,Pro Legal Solution 1691,Legal,,,Ensures store compliance with privacy and tax regulations.," 1,786 ",Free plan available,https://apps.shopify.com/solution-1691
1692,Pro Subscriptions Solution 1692,Subscriptions,,,Manages recurring revenue and customer billing flows.," 1,785 ",Free,https://apps.shopify.com/solution-1692
1693,Pro Dropshipping Solution 1693,Dropshipping,,,Automates product sourcing and third-party fulfillment.," 1,784 ",Free,https://apps.shopify.com/solution-1693
1694,Pro SEO Solution 1694,SEO,,,Improves organic search visibility and website performance scores.," 1,783 ",from $29/mo,https://apps.shopify.com/solution-1694
1695,Pro Marketing Solution 1695,Marketing,,,Automates customer communication and campaign attribution.," 1,782 ",Freemium,https://apps.shopify.com/solution-1695
1696,Pro Sales Solution 1696,Sales,,,Boosts average order value with conversion-focused UI elements.," 1,781 ",Freemium,https://apps.shopify.com/solution-1696
1697,Pro Support Solution 1697,Support,,,Centralizes customer queries into a single helpdesk interface.," 1,780 ",Free plan available,https://apps.shopify.com/solution-1697
1698,Pro Design Solution 1698,Design,,,Enhances store aesthetics with drag-and-drop themes and pages.," 1,779 ",Freemium,https://apps.shopify.com/solution-1698
1699,Pro Fulfillment Solution 1699,Fulfillment,,,Streamlines shipping workflows and delivery time tracking.," 1,778 ",Free plan available,https://apps.shopify.com/solution-1699
1700,Pro Inventory Solution 1700,Inventory,,,Syncs stock levels across multiple warehouses and channels.," 1,778 ",from $29/mo,https://apps.shopify.com/solution-1700
1701,Pro Analytics Solution 1701,Analytics,,,Provides data-driven insights into sales and customer cohorts.," 1,777 ",Free,https://apps.shopify.com/solution-1701
1702,Pro Legal Solution 1702,Legal,,,Ensures store compliance with privacy and tax regulations.," 1,776 ",Free,https://apps.shopify.com/solution-1702
1703,Pro Subscriptions Solution 1703,Subscriptions,,,Manages recurring revenue and customer billing flows.," 1,775 ",from $9.99/mo,https://apps.shopify.com/solution-1703
1704,Pro Dropshipping Solution 1704,Dropshipping,,,Automates product sourcing and third-party fulfillment.," 1,774 ",Free,https://apps.shopify.com/solution-1704
1705,Pro SEO Solution 1705,SEO,,,Improves organic search visibility and website performance scores.," 1,773 ",Free plan available,https://apps.shopify.com/solution-1705
1706,Pro Marketing Solution 1706,Marketing,,,Automates customer communication and campaign attribution.," 1,772 ",Free plan available,https://apps.shopify.com/solution-1706
1707,Pro Sales Solution 1707,Sales,,,Boosts average order value with conversion-focused UI elements.," 1,771 ",Free plan available,https://apps.shopify.com/solution-1707
1708,Pro Support Solution 1708,Support,,,Centralizes customer queries into a single helpdesk interface.," 1,770 ",from $9.99/mo,https://apps.shopify.com/solution-1708
1709,Pro Design Solution 1709,Design,,,Enhances store aesthetics with drag-and-drop themes and pages.," 1,769 ",Free plan available,https://apps.shopify.com/solution-1709
1710,Pro Fulfillment Solution 1710,Fulfillment,,,Streamlines shipping workflows and delivery time tracking.," 1,769 ",Freemium,https://apps.shopify.com/solution-1710
1711,Pro Inventory Solution 1711,Inventory,,,Syncs stock levels across multiple warehouses and channels.," 1,768 ",Freemium,https://apps.shopify.com/solution-1711
1712,Pro Analytics Solution 1712,Analytics,,,Provides data-driven insights into sales and customer cohorts.," 1,767 ",from $29/mo,https://apps.shopify.com/solution-1712
1713,Pro Legal Solution 1713,Legal,,,Ensures store compliance with privacy and tax regulations.," 1,766 ",Freemium,https://apps.shopify.com/solution-1713
1714,Pro Subscriptions Solution 1714,Subscriptions,,,Manages recurring revenue and customer billing flows.," 1,765 ",Freemium,https://apps.shopify.com/solution-1714
1715,Pro Dropshipping Solution 1715,Dropshipping,,,Automates product sourcing and third-party fulfillment.," 1,764 ",Free plan available,https://apps.shopify.com/solution-1715
1716,Pro SEO Solution 1716,SEO,,,Improves organic search visibility and website performance scores.," 1,763 ",Freemium,https://apps.shopify.com/solution-1716
1717,Pro Marketing Solution 1717,Marketing,,,Automates customer communication and campaign attribution.," 1,762 ",Free plan available,https://apps.shopify.com/solution-1717
1718,Pro Sales Solution 1718,Sales,,,Boosts average order value with conversion-focused UI elements.," 1,761 ",from $29/mo,https://apps.shopify.com/solution-1718
1719,Pro Support Solution 1719,Support,,,Centralizes customer queries into a single helpdesk interface.," 1,761 ",Free,https://apps.shopify.com/solution-1719
1720,Pro Design Solution 1720,Design,,,Enhances store aesthetics with drag-and-drop themes and pages.," 1,760 ",from $29/mo,https://apps.shopify.com/solution-1720
1721,Pro Fulfillment Solution 1721,Fulfillment,,,Streamlines shipping workflows and delivery time tracking.," 1,759 ",Free plan available,https://apps.shopify.com/solution-1721
1722,Pro Inventory Solution 1722,Inventory,,,Syncs stock levels across multiple warehouses and channels.," 1,758 ",Free plan available,https://apps.shopify.com/solution-1722
1723,Pro Analytics Solution 1723,Analytics,,,Provides data-driven insights into sales and customer cohorts.," 1,757 ",from $29/mo,https://apps.shopify.com/solution-1723
1724,Pro Legal Solution 1724,Legal,,,Ensures store compliance with privacy and tax regulations.," 1,756 ",Freemium,https://apps.shopify.com/solution-1724
1725,Pro Subscriptions Solution 1725,Subscriptions,,,Manages recurring revenue and customer billing flows.," 1,755 ",from $9.99/mo,https://apps.shopify.com/solution-1725
1726,Pro Dropshipping Solution 1726,Dropshipping,,,Automates product sourcing and third-party fulfillment.," 1,754 ",Free plan available,https://apps.shopify.com/solution-1726
1727,Pro SEO Solution 1727,SEO,,,Improves organic search visibility and website performance scores.," 1,753 ",from $9.99/mo,https://apps.shopify.com/solution-1727
1728,Pro Marketing Solution 1728,Marketing,,,Automates customer communication and campaign attribution.," 1,753 ",from $29/mo,https://apps.shopify.com/solution-1728
1729,Pro Sales Solution 1729,Sales,,,Boosts average order value with conversion-focused UI elements.," 1,752 ",Free,https://apps.shopify.com/solution-1729
1730,Pro Support Solution 1730,Support,,,Centralizes customer queries into a single helpdesk interface.," 1,751 ",Free,https://apps.shopify.com/solution-1730
1731,Pro Design Solution 1731,Design,,,Enhances store aesthetics with drag-and-drop themes and pages.," 1,750 ",from $29/mo,https://apps.shopify.com/solution-1731
1732,Pro Fulfillment Solution 1732,Fulfillment,,,Streamlines shipping workflows and delivery time tracking.," 1,749 ",Free plan available,https://apps.shopify.com/solution-1732
1733,Pro Inventory Solution 1733,Inventory,,,Syncs stock levels across multiple warehouses and channels.," 1,748 ",from $9.99/mo,https://apps.shopify.com/solution-1733
1734,Pro Analytics Solution 1734,Analytics,,,Provides data-driven insights into sales and customer cohorts.," 1,747 ",Freemium,https://apps.shopify.com/solution-1734
1735,Pro Legal Solution 1735,Legal,,,Ensures store compliance with privacy and tax regulations.," 1,747 ",from $9.99/mo,https://apps.shopify.com/solution-1735
1736,Pro Subscriptions Solution 1736,Subscriptions,,,Manages recurring revenue and customer billing flows.," 1,746 ",Free plan available,https://apps.shopify.com/solution-1736
1737,Pro Dropshipping Solution 1737,Dropshipping,,,Automates product sourcing and third-party fulfillment.," 1,745 ",Free plan available,https://apps.shopify.com/solution-1737
1738,Pro SEO Solution 1738,SEO,,,Improves organic search visibility and website performance scores.," 1,744 ",from $29/mo,https://apps.shopify.com/solution-1738
1739,Pro Marketing Solution 1739,Marketing,,,Automates customer communication and campaign attribution.," 1,743 ",Free plan available,https://apps.shopify.com/solution-1739
1740,Pro Sales Solution 1740,Sales,,,Boosts average order value with conversion-focused UI elements.," 1,742 ",from $9.99/mo,https://apps.shopify.com/solution-1740
1741,Pro Support Solution 1741,Support,,,Centralizes customer queries into a single helpdesk interface.," 1,741 ",from $29/mo,https://apps.shopify.com/solution-1741
1742,Pro Design Solution 1742,Design,,,Enhances store aesthetics with drag-and-drop themes and pages.," 1,740 ",from $29/mo,https://apps.shopify.com/solution-1742
1743,Pro Fulfillment Solution 1743,Fulfillment,,,Streamlines shipping workflows and delivery time tracking.," 1,740 ",Freemium,https://apps.shopify.com/solution-1743
1744,Pro Inventory Solution 1744,Inventory,,,Syncs stock levels across multiple warehouses and channels.," 1,739 ",from $29/mo,https://apps.shopify.com/solution-1744
1745,Pro Analytics Solution 1745,Analytics,,,Provides data-driven insights into sales and customer cohorts.," 1,738 ",Free plan available,https://apps.shopify.com/solution-1745
1746,Pro Legal Solution 1746,Legal,,,Ensures store compliance with privacy and tax regulations.," 1,737 ",from $9.99/mo,https://apps.shopify.com/solution-1746
1747,Pro Subscriptions Solution 1747,Subscriptions,,,Manages recurring revenue and customer billing flows.," 1,736 ",from $29/mo,https://apps.shopify.com/solution-1747
1748,Pro Dropshipping Solution 1748,Dropshipping,,,Automates product sourcing and third-party fulfillment.," 1,735 ",Freemium,https://apps.shopify.com/solution-1748
1749,Pro SEO Solution 1749,SEO,,,Improves organic search visibility and website performance scores.," 1,734 ",Free,https://apps.shopify.com/solution-1749
1750,Pro Marketing Solution 1750,Marketing,,,Automates customer communication and campaign attribution.," 1,734 ",from $9.99/mo,https://apps.shopify.com/solution-1750
1751,Pro Sales Solution 1751,Sales,,,Boosts average order value with conversion-focused UI elements.," 1,733 ",Free plan available,https://apps.shopify.com/solution-1751
1752,Pro Support Solution 1752,Support,,,Centralizes customer queries into a single helpdesk interface.," 1,732 ",from $29/mo,https://apps.shopify.com/solution-1752
1753,Pro Design Solution 1753,Design,,,Enhances store aesthetics with drag-and-drop themes and pages.," 1,731 ",from $29/mo,https://apps.shopify.com/solution-1753
1754,Pro Fulfillment Solution 1754,Fulfillment,,,Streamlines shipping workflows and delivery time tracking.," 1,730 ",from $29/mo,https://apps.shopify.com/solution-1754
1755,Pro Inventory Solution 1755,Inventory,,,Syncs stock levels across multiple warehouses and channels.," 1,729 ",Free plan available,https://apps.shopify.com/solution-1755
1756,Pro Analytics Solution 1756,Analytics,,,Provides data-driven insights into sales and customer cohorts.," 1,728 ",Free,https://apps.shopify.com/solution-1756
1757,Pro Legal Solution 1757,Legal,,,Ensures store compliance with privacy and tax regulations.," 1,728 ",from $9.99/mo,https://apps.shopify.com/solution-1757
1758,Pro Subscriptions Solution 1758,Subscriptions,,,Manages recurring revenue and customer billing flows.," 1,727 ",from $29/mo,https://apps.shopify.com/solution-1758
1759,Pro Dropshipping Solution 1759,Dropshipping,,,Automates product sourcing and third-party fulfillment.," 1,726 ",from $9.99/mo,https://apps.shopify.com/solution-1759
1760,Pro SEO Solution 1760,SEO,,,Improves organic search visibility and website performance scores.," 1,725 ",Free plan available,https://apps.shopify.com/solution-1760
1761,Pro Marketing Solution 1761,Marketing,,,Automates customer communication and campaign attribution.," 1,724 ",from $9.99/mo,https://apps.shopify.com/solution-1761
1762,Pro Sales Solution 1762,Sales,,,Boosts average order value with conversion-focused UI elements.," 1,723 ",Freemium,https://apps.shopify.com/solution-1762
1763,Pro Support Solution 1763,Support,,,Centralizes customer queries into a single helpdesk interface.," 1,723 ",Free plan available,https://apps.shopify.com/solution-1763
1764,Pro Design Solution 1764,Design,,,Enhances store aesthetics with drag-and-drop themes and pages.," 1,722 ",from $9.99/mo,https://apps.shopify.com/solution-1764
1765,Pro Fulfillment Solution 1765,Fulfillment,,,Streamlines shipping workflows and delivery time tracking.," 1,721 ",from $29/mo,https://apps.shopify.com/solution-1765
1766,Pro Inventory Solution 1766,Inventory,,,Syncs stock levels across multiple warehouses and channels.," 1,720 ",Free plan available,https://apps.shopify.com/solution-1766
1767,Pro Analytics Solution 1767,Analytics,,,Provides data-driven insights into sales and customer cohorts.," 1,719 ",Free plan available,https://apps.shopify.com/solution-1767
1768,Pro Legal Solution 1768,Legal,,,Ensures store compliance with privacy and tax regulations.," 1,718 ",Free plan available,https://apps.shopify.com/solution-1768
1769,Pro Subscriptions Solution 1769,Subscriptions,,,Manages recurring revenue and customer billing flows.," 1,717 ",Free plan available,https://apps.shopify.com/solution-1769
1770,Pro Dropshipping Solution 1770,Dropshipping,,,Automates product sourcing and third-party fulfillment.," 1,717 ",from $9.99/mo,https://apps.shopify.com/solution-1770
1771,Pro SEO Solution 1771,SEO,,,Improves organic search visibility and website performance scores.," 1,716 ",Freemium,https://apps.shopify.com/solution-1771
1772,Pro Marketing Solution 1772,Marketing,,,Automates customer communication and campaign attribution.," 1,715 ",Freemium,https://apps.shopify.com/solution-1772
1773,Pro Sales Solution 1773,Sales,,,Boosts average order value with conversion-focused UI elements.," 1,714 ",Free,https://apps.shopify.com/solution-1773
1774,Pro Support Solution 1774,Support,,,Centralizes customer queries into a single helpdesk interface.," 1,713 ",from $29/mo,https://apps.shopify.com/solution-1774
1775,Pro Design Solution 1775,Design,,,Enhances store aesthetics with drag-and-drop themes and pages.," 1,712 ",Free,https://apps.shopify.com/solution-1775
1776,Pro Fulfillment Solution 1776,Fulfillment,,,Streamlines shipping workflows and delivery time tracking.," 1,712 ",Free,https://apps.shopify.com/solution-1776
1777,Pro Inventory Solution 1777,Inventory,,,Syncs stock levels across multiple warehouses and channels.," 1,711 ",Free plan available,https://apps.shopify.com/solution-1777
1778,Pro Analytics Solution 1778,Analytics,,,Provides data-driven insights into sales and customer cohorts.," 1,710 ",from $9.99/mo,https://apps.shopify.com/solution-1778
1779,Pro Legal Solution 1779,Legal,,,Ensures store compliance with privacy and tax regulations.," 1,709 ",from $29/mo,https://apps.shopify.com/solution-1779
1780,Pro Subscriptions Solution 1780,Subscriptions,,,Manages recurring revenue and customer billing flows.," 1,708 ",from $9.99/mo,https://apps.shopify.com/solution-1780
1781,Pro Dropshipping Solution 1781,Dropshipping,,,Automates product sourcing and third-party fulfillment.," 1,707 ",Freemium,https://apps.shopify.com/solution-1781
1782,Pro SEO Solution 1782,SEO,,,Improves organic search visibility and website performance scores.," 1,707 ",Free plan available,https://apps.shopify.com/solution-1782
1783,Pro Marketing Solution 1783,Marketing,,,Automates customer communication and campaign attribution.," 1,706 ",Free,https://apps.shopify.com/solution-1783
1784,Pro Sales Solution 1784,Sales,,,Boosts average order value with conversion-focused UI elements.," 1,705 ",from $29/mo,https://apps.shopify.com/solution-1784
1785,Pro Support Solution 1785,Support,,,Centralizes customer queries into a single helpdesk interface.," 1,704 ",from $29/mo,https://apps.shopify.com/solution-1785
1786,Pro Design Solution 1786,Design,,,Enhances store aesthetics with drag-and-drop themes and pages.," 1,703 ",Free,https://apps.shopify.com/solution-1786
1787,Pro Fulfillment Solution 1787,Fulfillment,,,Streamlines shipping workflows and delivery time tracking.," 1,702 ",Free,https://apps.shopify.com/solution-1787
1788,Pro Inventory Solution 1788,Inventory,,,Syncs stock levels across multiple warehouses and channels.," 1,702 ",Free plan available,https://apps.shopify.com/solution-1788
1789,Pro Analytics Solution 1789,Analytics,,,Provides data-driven insights into sales and customer cohorts.," 1,701 ",Free,https://apps.shopify.com/solution-1789
1790,Pro Legal Solution 1790,Legal,,,Ensures store compliance with privacy and tax regulations.," 1,700 ",from $29/mo,https://apps.shopify.com/solution-1790
1791,Pro Subscriptions Solution 1791,Subscriptions,,,Manages recurring revenue and customer billing flows.," 1,699 ",from $9.99/mo,https://apps.shopify.com/solution-1791
1792,Pro Dropshipping Solution 1792,Dropshipping,,,Automates product sourcing and third-party fulfillment.," 1,698 ",Freemium,https://apps.shopify.com/solution-1792
1793,Pro SEO Solution 1793,SEO,,,Improves organic search visibility and website performance scores.," 1,698 ",Free plan available,https://apps.shopify.com/solution-1793
1794,Pro Marketing Solution 1794,Marketing,,,Automates customer communication and campaign attribution.," 1,697 ",Freemium,https://apps.shopify.com/solution-1794
1795,Pro Sales Solution 1795,Sales,,,Boosts average order value with conversion-focused UI elements.," 1,696 ",Free plan available,https://apps.shopify.com/solution-1795
1796,Pro Support Solution 1796,Support,,,Centralizes customer queries into a single helpdesk interface.," 1,695 ",Free,https://apps.shopify.com/solution-1796
1797,Pro Design Solution 1797,Design,,,Enhances store aesthetics with drag-and-drop themes and pages.," 1,694 ",Free,https://apps.shopify.com/solution-1797
1798,Pro Fulfillment Solution 1798,Fulfillment,,,Streamlines shipping workflows and delivery time tracking.," 1,693 ",Free,https://apps.shopify.com/solution-1798
1799,Pro Inventory Solution 1799,Inventory,,,Syncs stock levels across multiple warehouses and channels.," 1,693 ",from $9.99/mo,https://apps.shopify.com/solution-1799
1800,Pro Analytics Solution 1800,Analytics,,,Provides data-driven insights into sales and customer cohorts.," 1,692 ",from $29/mo,https://apps.shopify.com/solution-1800
1801,Pro Legal Solution 1801,Legal,,,Ensures store compliance with privacy and tax regulations.," 1,691 ",Free plan available,https://apps.shopify.com/solution-1801
1802,Pro Subscriptions Solution 1802,Subscriptions,,,Manages recurring revenue and customer billing flows.," 1,690 ",from $29/mo,https://apps.shopify.com/solution-1802
1803,Pro Dropshipping Solution 1803,Dropshipping,,,Automates product sourcing and third-party fulfillment.," 1,689 ",from $9.99/mo,https://apps.shopify.com/solution-1803
1804,Pro SEO Solution 1804,SEO,,,Improves organic search visibility and website performance scores.," 1,689 ",from $29/mo,https://apps.shopify.com/solution-1804
1805,Pro Marketing Solution 1805,Marketing,,,Automates customer communication and campaign attribution.," 1,688 ",Freemium,https://apps.shopify.com/solution-1805
1806,Pro Sales Solution 1806,Sales,,,Boosts average order value with conversion-focused UI elements.," 1,687 ",Free,https://apps.shopify.com/solution-1806
1807,Pro Support Solution 1807,Support,,,Centralizes customer queries into a single helpdesk interface.," 1,686 ",from $9.99/mo,https://apps.shopify.com/solution-1807
1808,Pro Design Solution 1808,Design,,,Enhances store aesthetics with drag-and-drop themes and pages.," 1,685 ",Free plan available,https://apps.shopify.com/solution-1808
1809,Pro Fulfillment Solution 1809,Fulfillment,,,Streamlines shipping workflows and delivery time tracking.," 1,685 ",Free,https://apps.shopify.com/solution-1809
1810,Pro Inventory Solution 1810,Inventory,,,Syncs stock levels across multiple warehouses and channels.," 1,684 ",Free,https://apps.shopify.com/solution-1810
1811,Pro Analytics Solution 1811,Analytics,,,Provides data-driven insights into sales and customer cohorts.," 1,683 ",from $29/mo,https://apps.shopify.com/solution-1811
1812,Pro Legal Solution 1812,Legal,,,Ensures store compliance with privacy and tax regulations.," 1,682 ",Freemium,https://apps.shopify.com/solution-1812
1813,Pro Subscriptions Solution 1813,Subscriptions,,,Manages recurring revenue and customer billing flows.," 1,681 ",from $9.99/mo,https://apps.shopify.com/solution-1813
1814,Pro Dropshipping Solution 1814,Dropshipping,,,Automates product sourcing and third-party fulfillment.," 1,681 ",Freemium,https://apps.shopify.com/solution-1814
1815,Pro SEO Solution 1815,SEO,,,Improves organic search visibility and website performance scores.," 1,680 ",Free,https://apps.shopify.com/solution-1815
1816,Pro Marketing Solution 1816,Marketing,,,Automates customer communication and campaign attribution.," 1,679 ",from $29/mo,https://apps.shopify.com/solution-1816
1817,Pro Sales Solution 1817,Sales,,,Boosts average order value with conversion-focused UI elements.," 1,678 ",Free,https://apps.shopify.com/solution-1817
1818,Pro Support Solution 1818,Support,,,Centralizes customer queries into a single helpdesk interface.," 1,677 ",from $29/mo,https://apps.shopify.com/solution-1818
1819,Pro Design Solution 1819,Design,,,Enhances store aesthetics with drag-and-drop themes and pages.," 1,677 ",from $9.99/mo,https://apps.shopify.com/solution-1819
1820,Pro Fulfillment Solution 1820,Fulfillment,,,Streamlines shipping workflows and delivery time tracking.," 1,676 ",from $9.99/mo,https://apps.shopify.com/solution-1820
1821,Pro Inventory Solution 1821,Inventory,,,Syncs stock levels across multiple warehouses and channels.," 1,675 ",from $9.99/mo,https://apps.shopify.com/solution-1821
1822,Pro Analytics Solution 1822,Analytics,,,Provides data-driven insights into sales and customer cohorts.," 1,674 ",Freemium,https://apps.shopify.com/solution-1822
1823,Pro Legal Solution 1823,Legal,,,Ensures store compliance with privacy and tax regulations.," 1,673 ",Free plan available,https://apps.shopify.com/solution-1823
1824,Pro Subscriptions Solution 1824,Subscriptions,,,Manages recurring revenue and customer billing flows.," 1,673 ",Freemium,https://apps.shopify.com/solution-1824
1825,Pro Dropshipping Solution 1825,Dropshipping,,,Automates product sourcing and third-party fulfillment.," 1,672 ",Free,https://apps.shopify.com/solution-1825
1826,Pro SEO Solution 1826,SEO,,,Improves organic search visibility and website performance scores.," 1,671 ",Freemium,https://apps.shopify.com/solution-1826
1827,Pro Marketing Solution 1827,Marketing,,,Automates customer communication and campaign attribution.," 1,670 ",Free,https://apps.shopify.com/solution-1827
1828,Pro Sales Solution 1828,Sales,,,Boosts average order value with conversion-focused UI elements.," 1,669 ",Freemium,https://apps.shopify.com/solution-1828
1829,Pro Support Solution 1829,Support,,,Centralizes customer queries into a single helpdesk interface.," 1,669 ",Free plan available,https://apps.shopify.com/solution-1829
1830,Pro Design Solution 1830,Design,,,Enhances store aesthetics with drag-and-drop themes and pages.," 1,668 ",from $9.99/mo,https://apps.shopify.com/solution-1830
1831,Pro Fulfillment Solution 1831,Fulfillment,,,Streamlines shipping workflows and delivery time tracking.," 1,667 ",from $9.99/mo,https://apps.shopify.com/solution-1831
1832,Pro Inventory Solution 1832,Inventory,,,Syncs stock levels across multiple warehouses and channels.," 1,666 ",Free,https://apps.shopify.com/solution-1832
1833,Pro Analytics Solution 1833,Analytics,,,Provides data-driven insights into sales and customer cohorts.," 1,666 ",Free,https://apps.shopify.com/solution-1833
1834,Pro Legal Solution 1834,Legal,,,Ensures store compliance with privacy and tax regulations.," 1,665 ",Free plan available,https://apps.shopify.com/solution-1834
1835,Pro Subscriptions Solution 1835,Subscriptions,,,Manages recurring revenue and customer billing flows.," 1,664 ",Free,https://apps.shopify.com/solution-1835
1836,Pro Dropshipping Solution 1836,Dropshipping,,,Automates product sourcing and third-party fulfillment.," 1,663 ",Free,https://apps.shopify.com/solution-1836
1837,Pro SEO Solution 1837,SEO,,,Improves organic search visibility and website performance scores.," 1,662 ",from $29/mo,https://apps.shopify.com/solution-1837
1838,Pro Marketing Solution 1838,Marketing,,,Automates customer communication and campaign attribution.," 1,662 ",from $9.99/mo,https://apps.shopify.com/solution-1838
1839,Pro Sales Solution 1839,Sales,,,Boosts average order value with conversion-focused UI elements.," 1,661 ",from $29/mo,https://apps.shopify.com/solution-1839
1840,Pro Support Solution 1840,Support,,,Centralizes customer queries into a single helpdesk interface.," 1,660 ",from $9.99/mo,https://apps.shopify.com/solution-1840
1841,Pro Design Solution 1841,Design,,,Enhances store aesthetics with drag-and-drop themes and pages.," 1,659 ",from $29/mo,https://apps.shopify.com/solution-1841
1842,Pro Fulfillment Solution 1842,Fulfillment,,,Streamlines shipping workflows and delivery time tracking.," 1,658 ",Freemium,https://apps.shopify.com/solution-1842
1843,Pro Inventory Solution 1843,Inventory,,,Syncs stock levels across multiple warehouses and channels.," 1,658 ",Free,https://apps.shopify.com/solution-1843
1844,Pro Analytics Solution 1844,Analytics,,,Provides data-driven insights into sales and customer cohorts.," 1,657 ",from $29/mo,https://apps.shopify.com/solution-1844
1845,Pro Legal Solution 1845,Legal,,,Ensures store compliance with privacy and tax regulations.," 1,656 ",Free plan available,https://apps.shopify.com/solution-1845
1846,Pro Subscriptions Solution 1846,Subscriptions,,,Manages recurring revenue and customer billing flows.," 1,655 ",from $9.99/mo,https://apps.shopify.com/solution-1846
1847,Pro Dropshipping Solution 1847,Dropshipping,,,Automates product sourcing and third-party fulfillment.," 1,655 ",from $9.99/mo,https://apps.shopify.com/solution-1847
1848,Pro SEO Solution 1848,SEO,,,Improves organic search visibility and website performance scores.," 1,654 ",Free,https://apps.shopify.com/solution-1848
1849,Pro Marketing Solution 1849,Marketing,,,Automates customer communication and campaign attribution.," 1,653 ",Free plan available,https://apps.shopify.com/solution-1849
1850,Pro Sales Solution 1850,Sales,,,Boosts average order value with conversion-focused UI elements.," 1,652 ",from $9.99/mo,https://apps.shopify.com/solution-1850
1851,Pro Support Solution 1851,Support,,,Centralizes customer queries into a single helpdesk interface.," 1,651 ",from $9.99/mo,https://apps.shopify.com/solution-1851
1852,Pro Design Solution 1852,Design,,,Enhances store aesthetics with drag-and-drop themes and pages.," 1,651 ",from $9.99/mo,https://apps.shopify.com/solution-1852
1853,Pro Fulfillment Solution 1853,Fulfillment,,,Streamlines shipping workflows and delivery time tracking.," 1,650 ",from $9.99/mo,https://apps.shopify.com/solution-1853
1854,Pro Inventory Solution 1854,Inventory,,,Syncs stock levels across multiple warehouses and channels.," 1,649 ",Free,https://apps.shopify.com/solution-1854
1855,Pro Analytics Solution 1855,Analytics,,,Provides data-driven insights into sales and customer cohorts.," 1,648 ",from $29/mo,https://apps.shopify.com/solution-1855
1856,Pro Legal Solution 1856,Legal,,,Ensures store compliance with privacy and tax regulations.," 1,648 ",Free,https://apps.shopify.com/solution-1856
1857,Pro Subscriptions Solution 1857,Subscriptions,,,Manages recurring revenue and customer billing flows.," 1,647 ",Free,https://apps.shopify.com/solution-1857
1858,Pro Dropshipping Solution 1858,Dropshipping,,,Automates product sourcing and third-party fulfillment.," 1,646 ",Free plan available,https://apps.shopify.com/solution-1858
1859,Pro SEO Solution 1859,SEO,,,Improves organic search visibility and website performance scores.," 1,645 ",from $29/mo,https://apps.shopify.com/solution-1859
1860,Pro Marketing Solution 1860,Marketing,,,Automates customer communication and campaign attribution.," 1,645 ",from $9.99/mo,https://apps.shopify.com/solution-1860
1861,Pro Sales Solution 1861,Sales,,,Boosts average order value with conversion-focused UI elements.," 1,644 ",Free plan available,https://apps.shopify.com/solution-1861
1862,Pro Support Solution 1862,Support,,,Centralizes customer queries into a single helpdesk interface.," 1,643 ",Free plan available,https://apps.shopify.com/solution-1862
1863,Pro Design Solution 1863,Design,,,Enhances store aesthetics with drag-and-drop themes and pages.," 1,642 ",Free plan available,https://apps.shopify.com/solution-1863
1864,Pro Fulfillment Solution 1864,Fulfillment,,,Streamlines shipping workflows and delivery time tracking.," 1,642 ",from $29/mo,https://apps.shopify.com/solution-1864
1865,Pro Inventory Solution 1865,Inventory,,,Syncs stock levels across multiple warehouses and channels.," 1,641 ",Free,https://apps.shopify.com/solution-1865
1866,Pro Analytics Solution 1866,Analytics,,,Provides data-driven insights into sales and customer cohorts.," 1,640 ",from $29/mo,https://apps.shopify.com/solution-1866
1867,Pro Legal Solution 1867,Legal,,,Ensures store compliance with privacy and tax regulations.," 1,639 ",Free,https://apps.shopify.com/solution-1867
1868,Pro Subscriptions Solution 1868,Subscriptions,,,Manages recurring revenue and customer billing flows.," 1,638 ",from $9.99/mo,https://apps.shopify.com/solution-1868
1869,Pro Dropshipping Solution 1869,Dropshipping,,,Automates product sourcing and third-party fulfillment.," 1,638 ",Free,https://apps.shopify.com/solution-1869
1870,Pro SEO Solution 1870,SEO,,,Improves organic search visibility and website performance scores.," 1,637 ",Free,https://apps.shopify.com/solution-1870
1871,Pro Marketing Solution 1871,Marketing,,,Automates customer communication and campaign attribution.," 1,636 ",Freemium,https://apps.shopify.com/solution-1871
1872,Pro Sales Solution 1872,Sales,,,Boosts average order value with conversion-focused UI elements.," 1,635 ",from $9.99/mo,https://apps.shopify.com/solution-1872
1873,Pro Support Solution 1873,Support,,,Centralizes customer queries into a single helpdesk interface.," 1,635 ",Free,https://apps.shopify.com/solution-1873
1874,Pro Design Solution 1874,Design,,,Enhances store aesthetics with drag-and-drop themes and pages.," 1,634 ",Free,https://apps.shopify.com/solution-1874
1875,Pro Fulfillment Solution 1875,Fulfillment,,,Streamlines shipping workflows and delivery time tracking.," 1,633 ",Free plan available,https://apps.shopify.com/solution-1875
1876,Pro Inventory Solution 1876,Inventory,,,Syncs stock levels across multiple warehouses and channels.," 1,632 ",Free plan available,https://apps.shopify.com/solution-1876
1877,Pro Analytics Solution 1877,Analytics,,,Provides data-driven insights into sales and customer cohorts.," 1,632 ",Free plan available,https://apps.shopify.com/solution-1877
1878,Pro Legal Solution 1878,Legal,,,Ensures store compliance with privacy and tax regulations.," 1,631 ",Free plan available,https://apps.shopify.com/solution-1878
1879,Pro Subscriptions Solution 1879,Subscriptions,,,Manages recurring revenue and customer billing flows.," 1,630 ",from $9.99/mo,https://apps.shopify.com/solution-1879
1880,Pro Dropshipping Solution 1880,Dropshipping,,,Automates product sourcing and third-party fulfillment.," 1,629 ",from $29/mo,https://apps.shopify.com/solution-1880
1881,Pro SEO Solution 1881,SEO,,,Improves organic search visibility and website performance scores.," 1,629 ",from $29/mo,https://apps.shopify.com/solution-1881
1882,Pro Marketing Solution 1882,Marketing,,,Automates customer communication and campaign attribution.," 1,628 ",Free,https://apps.shopify.com/solution-1882
1883,Pro Sales Solution 1883,Sales,,,Boosts average order value with conversion-focused UI elements.," 1,627 ",Free plan available,https://apps.shopify.com/solution-1883
1884,Pro Support Solution 1884,Support,,,Centralizes customer queries into a single helpdesk interface.," 1,626 ",Freemium,https://apps.shopify.com/solution-1884
1885,Pro Design Solution 1885,Design,,,Enhances store aesthetics with drag-and-drop themes and pages.," 1,626 ",from $29/mo,https://apps.shopify.com/solution-1885
1886,Pro Fulfillment Solution 1886,Fulfillment,,,Streamlines shipping workflows and delivery time tracking.," 1,625 ",Freemium,https://apps.shopify.com/solution-1886
1887,Pro Inventory Solution 1887,Inventory,,,Syncs stock levels across multiple warehouses and channels.," 1,624 ",Freemium,https://apps.shopify.com/solution-1887
1888,Pro Analytics Solution 1888,Analytics,,,Provides data-driven insights into sales and customer cohorts.," 1,623 ",from $9.99/mo,https://apps.shopify.com/solution-1888
1889,Pro Legal Solution 1889,Legal,,,Ensures store compliance with privacy and tax regulations.," 1,623 ",from $9.99/mo,https://apps.shopify.com/solution-1889
1890,Pro Subscriptions Solution 1890,Subscriptions,,,Manages recurring revenue and customer billing flows.," 1,622 ",Free,https://apps.shopify.com/solution-1890
1891,Pro Dropshipping Solution 1891,Dropshipping,,,Automates product sourcing and third-party fulfillment.," 1,621 ",from $9.99/mo,https://apps.shopify.com/solution-1891
1892,Pro SEO Solution 1892,SEO,,,Improves organic search visibility and website performance scores.," 1,621 ",from $29/mo,https://apps.shopify.com/solution-1892
1893,Pro Marketing Solution 1893,Marketing,,,Automates customer communication and campaign attribution.," 1,620 ",Freemium,https://apps.shopify.com/solution-1893
1894,Pro Sales Solution 1894,Sales,,,Boosts average order value with conversion-focused UI elements.," 1,619 ",Free plan available,https://apps.shopify.com/solution-1894
1895,Pro Support Solution 1895,Support,,,Centralizes customer queries into a single helpdesk interface.," 1,618 ",Free,https://apps.shopify.com/solution-1895
1896,Pro Design Solution 1896,Design,,,Enhances store aesthetics with drag-and-drop themes and pages.," 1,618 ",Freemium,https://apps.shopify.com/solution-1896
1897,Pro Fulfillment Solution 1897,Fulfillment,,,Streamlines shipping workflows and delivery time tracking.," 1,617 ",Free plan available,https://apps.shopify.com/solution-1897
1898,Pro Inventory Solution 1898,Inventory,,,Syncs stock levels across multiple warehouses and channels.," 1,616 ",Free plan available,https://apps.shopify.com/solution-1898
1899,Pro Analytics Solution 1899,Analytics,,,Provides data-driven insights into sales and customer cohorts.," 1,615 ",from $29/mo,https://apps.shopify.com/solution-1899
1900,Pro Legal Solution 1900,Legal,,,Ensures store compliance with privacy and tax regulations.," 1,615 ",Freemium,https://apps.shopify.com/solution-1900
1901,Pro Subscriptions Solution 1901,Subscriptions,,,Manages recurring revenue and customer billing flows.," 1,614 ",from $9.99/mo,https://apps.shopify.com/solution-1901
1902,Pro Dropshipping Solution 1902,Dropshipping,,,Automates product sourcing and third-party fulfillment.," 1,613 ",Free,https://apps.shopify.com/solution-1902
1903,Pro SEO Solution 1903,SEO,,,Improves organic search visibility and website performance scores.," 1,612 ",Free plan available,https://apps.shopify.com/solution-1903
1904,Pro Marketing Solution 1904,Marketing,,,Automates customer communication and campaign attribution.," 1,612 ",Free plan available,https://apps.shopify.com/solution-1904
1905,Pro Sales Solution 1905,Sales,,,Boosts average order value with conversion-focused UI elements.," 1,611 ",Free,https://apps.shopify.com/solution-1905
1906,Pro Support Solution 1906,Support,,,Centralizes customer queries into a single helpdesk interface.," 1,610 ",from $29/mo,https://apps.shopify.com/solution-1906
1907,Pro Design Solution 1907,Design,,,Enhances store aesthetics with drag-and-drop themes and pages.," 1,609 ",from $9.99/mo,https://apps.shopify.com/solution-1907
1908,Pro Fulfillment Solution 1908,Fulfillment,,,Streamlines shipping workflows and delivery time tracking.," 1,609 ",Freemium,https://apps.shopify.com/solution-1908
1909,Pro Inventory Solution 1909,Inventory,,,Syncs stock levels across multiple warehouses and channels.," 1,608 ",Free plan available,https://apps.shopify.com/solution-1909
1910,Pro Analytics Solution 1910,Analytics,,,Provides data-driven insights into sales and customer cohorts.," 1,607 ",Free plan available,https://apps.shopify.com/solution-1910
1911,Pro Legal Solution 1911,Legal,,,Ensures store compliance with privacy and tax regulations.," 1,607 ",from $9.99/mo,https://apps.shopify.com/solution-1911
1912,Pro Subscriptions Solution 1912,Subscriptions,,,Manages recurring revenue and customer billing flows.," 1,606 ",from $29/mo,https://apps.shopify.com/solution-1912
1913,Pro Dropshipping Solution 1913,Dropshipping,,,Automates product sourcing and third-party fulfillment.," 1,605 ",Free plan available,https://apps.shopify.com/solution-1913
1914,Pro SEO Solution 1914,SEO,,,Improves organic search visibility and website performance scores.," 1,604 ",Freemium,https://apps.shopify.com/solution-1914
1915,Pro Marketing Solution 1915,Marketing,,,Automates customer communication and campaign attribution.," 1,604 ",Freemium,https://apps.shopify.com/solution-1915
1916,Pro Sales Solution 1916,Sales,,,Boosts average order value with conversion-focused UI elements.," 1,603 ",Free plan available,https://apps.shopify.com/solution-1916
1917,Pro Support Solution 1917,Support,,,Centralizes customer queries into a single helpdesk interface.," 1,602 ",Free,https://apps.shopify.com/solution-1917
1918,Pro Design Solution 1918,Design,,,Enhances store aesthetics with drag-and-drop themes and pages.," 1,602 ",Freemium,https://apps.shopify.com/solution-1918
1919,Pro Fulfillment Solution 1919,Fulfillment,,,Streamlines shipping workflows and delivery time tracking.," 1,601 ",Freemium,https://apps.shopify.com/solution-1919
1920,Pro Inventory Solution 1920,Inventory,,,Syncs stock levels across multiple warehouses and channels.," 1,600 ",Freemium,https://apps.shopify.com/solution-1920
1921,Pro Analytics Solution 1921,Analytics,,,Provides data-driven insights into sales and customer cohorts.," 1,599 ",Free,https://apps.shopify.com/solution-1921
1922,Pro Legal Solution 1922,Legal,,,Ensures store compliance with privacy and tax regulations.," 1,599 ",Freemium,https://apps.shopify.com/solution-1922
1923,Pro Subscriptions Solution 1923,Subscriptions,,,Manages recurring revenue and customer billing flows.," 1,598 ",Free plan available,https://apps.shopify.com/solution-1923
1924,Pro Dropshipping Solution 1924,Dropshipping,,,Automates product sourcing and third-party fulfillment.," 1,597 ",Free plan available,https://apps.shopify.com/solution-1924
1925,Pro SEO Solution 1925,SEO,,,Improves organic search visibility and website performance scores.," 1,596 ",Freemium,https://apps.shopify.com/solution-1925
1926,Pro Marketing Solution 1926,Marketing,,,Automates customer communication and campaign attribution.," 1,596 ",from $29/mo,https://apps.shopify.com/solution-1926
1927,Pro Sales Solution 1927,Sales,,,Boosts average order value with conversion-focused UI elements.," 1,595 ",Free plan available,https://apps.shopify.com/solution-1927
1928,Pro Support Solution 1928,Support,,,Centralizes customer queries into a single helpdesk interface.," 1,594 ",Free plan available,https://apps.shopify.com/solution-1928
1929,Pro Design Solution 1929,Design,,,Enhances store aesthetics with drag-and-drop themes and pages.," 1,594 ",Freemium,https://apps.shopify.com/solution-1929
1930,Pro Fulfillment Solution 1930,Fulfillment,,,Streamlines shipping workflows and delivery time tracking.," 1,593 ",Freemium,https://apps.shopify.com/solution-1930
1931,Pro Inventory Solution 1931,Inventory,,,Syncs stock levels across multiple warehouses and channels.," 1,592 ",Free plan available,https://apps.shopify.com/solution-1931
1932,Pro Analytics Solution 1932,Analytics,,,Provides data-driven insights into sales and customer cohorts.," 1,591 ",from $9.99/mo,https://apps.shopify.com/solution-1932
1933,Pro Legal Solution 1933,Legal,,,Ensures store compliance with privacy and tax regulations.," 1,591 ",Free,https://apps.shopify.com/solution-1933
1934,Pro Subscriptions Solution 1934,Subscriptions,,,Manages recurring revenue and customer billing flows.," 1,590 ",from $9.99/mo,https://apps.shopify.com/solution-1934
1935,Pro Dropshipping Solution 1935,Dropshipping,,,Automates product sourcing and third-party fulfillment.," 1,589 ",from $29/mo,https://apps.shopify.com/solution-1935
1936,Pro SEO Solution 1936,SEO,,,Improves organic search visibility and website performance scores.," 1,589 ",Free,https://apps.shopify.com/solution-1936
1937,Pro Marketing Solution 1937,Marketing,,,Automates customer communication and campaign attribution.," 1,588 ",Free plan available,https://apps.shopify.com/solution-1937
1938,Pro Sales Solution 1938,Sales,,,Boosts average order value with conversion-focused UI elements.," 1,587 ",Freemium,https://apps.shopify.com/solution-1938
1939,Pro Support Solution 1939,Support,,,Centralizes customer queries into a single helpdesk interface.," 1,587 ",Freemium,https://apps.shopify.com/solution-1939
1940,Pro Design Solution 1940,Design,,,Enhances store aesthetics with drag-and-drop themes and pages.," 1,586 ",from $29/mo,https://apps.shopify.com/solution-1940
1941,Pro Fulfillment Solution 1941,Fulfillment,,,Streamlines shipping workflows and delivery time tracking.," 1,585 ",from $29/mo,https://apps.shopify.com/solution-1941
1942,Pro Inventory Solution 1942,Inventory,,,Syncs stock levels across multiple warehouses and channels.," 1,584 ",Freemium,https://apps.shopify.com/solution-1942
1943,Pro Analytics Solution 1943,Analytics,,,Provides data-driven insights into sales and customer cohorts.," 1,584 ",Free,https://apps.shopify.com/solution-1943
1944,Pro Legal Solution 1944,Legal,,,Ensures store compliance with privacy and tax regulations.," 1,583 ",Free,https://apps.shopify.com/solution-1944
1945,Pro Subscriptions Solution 1945,Subscriptions,,,Manages recurring revenue and customer billing flows.," 1,582 ",Free plan available,https://apps.shopify.com/solution-1945
1946,Pro Dropshipping Solution 1946,Dropshipping,,,Automates product sourcing and third-party fulfillment.," 1,582 ",Free,https://apps.shopify.com/solution-1946
1947,Pro SEO Solution 1947,SEO,,,Improves organic search visibility and website performance scores.," 1,581 ",Free,https://apps.shopify.com/solution-1947
1948,Pro Marketing Solution 1948,Marketing,,,Automates customer communication and campaign attribution.," 1,580 ",Free plan available,https://apps.shopify.com/solution-1948
1949,Pro Sales Solution 1949,Sales,,,Boosts average order value with conversion-focused UI elements.," 1,579 ",from $29/mo,https://apps.shopify.com/solution-1949
1950,Pro Support Solution 1950,Support,,,Centralizes customer queries into a single helpdesk interface.," 1,579 ",from $29/mo,https://apps.shopify.com/solution-1950
1951,Pro Design Solution 1951,Design,,,Enhances store aesthetics with drag-and-drop themes and pages.," 1,578 ",Free,https://apps.shopify.com/solution-1951
1952,Pro Fulfillment Solution 1952,Fulfillment,,,Streamlines shipping workflows and delivery time tracking.," 1,577 ",from $29/mo,https://apps.shopify.com/solution-1952
1953,Pro Inventory Solution 1953,Inventory,,,Syncs stock levels across multiple warehouses and channels.," 1,577 ",from $29/mo,https://apps.shopify.com/solution-1953
1954,Pro Analytics Solution 1954,Analytics,,,Provides data-driven insights into sales and customer cohorts.," 1,576 ",from $9.99/mo,https://apps.shopify.com/solution-1954
1955,Pro Legal Solution 1955,Legal,,,Ensures store compliance with privacy and tax regulations.," 1,575 ",Freemium,https://apps.shopify.com/solution-1955
1956,Pro Subscriptions Solution 1956,Subscriptions,,,Manages recurring revenue and customer billing flows.," 1,575 ",from $29/mo,https://apps.shopify.com/solution-1956
1957,Pro Dropshipping Solution 1957,Dropshipping,,,Automates product sourcing and third-party fulfillment.," 1,574 ",from $29/mo,https://apps.shopify.com/solution-1957
1958,Pro SEO Solution 1958,SEO,,,Improves organic search visibility and website performance scores.," 1,573 ",from $9.99/mo,https://apps.shopify.com/solution-1958
1959,Pro Marketing Solution 1959,Marketing,,,Automates customer communication and campaign attribution.," 1,572 ",from $9.99/mo,https://apps.shopify.com/solution-1959
1960,Pro Sales Solution 1960,Sales,,,Boosts average order value with conversion-focused UI elements.," 1,572 ",from $9.99/mo,https://apps.shopify.com/solution-1960
1961,Pro Support Solution 1961,Support,,,Centralizes customer queries into a single helpdesk interface.," 1,571 ",from $29/mo,https://apps.shopify.com/solution-1961
1962,Pro Design Solution 1962,Design,,,Enhances store aesthetics with drag-and-drop themes and pages.," 1,570 ",Free plan available,https://apps.shopify.com/solution-1962
1963,Pro Fulfillment Solution 1963,Fulfillment,,,Streamlines shipping workflows and delivery time tracking.," 1,570 ",from $29/mo,https://apps.shopify.com/solution-1963
1964,Pro Inventory Solution 1964,Inventory,,,Syncs stock levels across multiple warehouses and channels.," 1,569 ",Free,https://apps.shopify.com/solution-1964
1965,Pro Analytics Solution 1965,Analytics,,,Provides data-driven insights into sales and customer cohorts.," 1,568 ",from $9.99/mo,https://apps.shopify.com/solution-1965
1966,Pro Legal Solution 1966,Legal,,,Ensures store compliance with privacy and tax regulations.," 1,568 ",Freemium,https://apps.shopify.com/solution-1966
1967,Pro Subscriptions Solution 1967,Subscriptions,,,Manages recurring revenue and customer billing flows.," 1,567 ",Free,https://apps.shopify.com/solution-1967
1968,Pro Dropshipping Solution 1968,Dropshipping,,,Automates product sourcing and third-party fulfillment.," 1,566 ",Freemium,https://apps.shopify.com/solution-1968
1969,Pro SEO Solution 1969,SEO,,,Improves organic search visibility and website performance scores.," 1,566 ",from $29/mo,https://apps.shopify.com/solution-1969
1970,Pro Marketing Solution 1970,Marketing,,,Automates customer communication and campaign attribution.," 1,565 ",Freemium,https://apps.shopify.com/solution-1970
1971,Pro Sales Solution 1971,Sales,,,Boosts average order value with conversion-focused UI elements.," 1,564 ",Freemium,https://apps.shopify.com/solution-1971
1972,Pro Support Solution 1972,Support,,,Centralizes customer queries into a single helpdesk interface.," 1,564 ",Free,https://apps.shopify.com/solution-1972
1973,Pro Design Solution 1973,Design,,,Enhances store aesthetics with drag-and-drop themes and pages.," 1,563 ",Freemium,https://apps.shopify.com/solution-1973
1974,Pro Fulfillment Solution 1974,Fulfillment,,,Streamlines shipping workflows and delivery time tracking.," 1,562 ",Free plan available,https://apps.shopify.com/solution-1974
1975,Pro Inventory Solution 1975,Inventory,,,Syncs stock levels across multiple warehouses and channels.," 1,561 ",Free plan available,https://apps.shopify.com/solution-1975
1976,Pro Analytics Solution 1976,Analytics,,,Provides data-driven insights into sales and customer cohorts.," 1,561 ",from $9.99/mo,https://apps.shopify.com/solution-1976
1977,Pro Legal Solution 1977,Legal,,,Ensures store compliance with privacy and tax regulations.," 1,560 ",Free,https://apps.shopify.com/solution-1977
1978,Pro Subscriptions Solution 1978,Subscriptions,,,Manages recurring revenue and customer billing flows.," 1,559 ",from $9.99/mo,https://apps.shopify.com/solution-1978
1979,Pro Dropshipping Solution 1979,Dropshipping,,,Automates product sourcing and third-party fulfillment.," 1,559 ",Free,https://apps.shopify.com/solution-1979
1980,Pro SEO Solution 1980,SEO,,,Improves organic search visibility and website performance scores.," 1,558 ",from $29/mo,https://apps.shopify.com/solution-1980
1981,Pro Marketing Solution 1981,Marketing,,,Automates customer communication and campaign attribution.," 1,557 ",from $9.99/mo,https://apps.shopify.com/solution-1981
1982,Pro Sales Solution 1982,Sales,,,Boosts average order value with conversion-focused UI elements.," 1,557 ",Freemium,https://apps.shopify.com/solution-1982
1983,Pro Support Solution 1983,Support,,,Centralizes customer queries into a single helpdesk interface.," 1,556 ",Free,https://apps.shopify.com/solution-1983
1984,Pro Design Solution 1984,Design,,,Enhances store aesthetics with drag-and-drop themes and pages.," 1,555 ",Free,https://apps.shopify.com/solution-1984
1985,Pro Fulfillment Solution 1985,Fulfillment,,,Streamlines shipping workflows and delivery time tracking.," 1,555 ",Free,https://apps.shopify.com/solution-1985
1986,Pro Inventory Solution 1986,Inventory,,,Syncs stock levels across multiple warehouses and channels.," 1,554 ",Free,https://apps.shopify.com/solution-1986
1987,Pro Analytics Solution 1987,Analytics,,,Provides data-driven insights into sales and customer cohorts.," 1,553 ",Free plan available,https://apps.shopify.com/solution-1987
1988,Pro Legal Solution 1988,Legal,,,Ensures store compliance with privacy and tax regulations.," 1,553 ",from $9.99/mo,https://apps.shopify.com/solution-1988
1989,Pro Subscriptions Solution 1989,Subscriptions,,,Manages recurring revenue and customer billing flows.," 1,552 ",Free plan available,https://apps.shopify.com/solution-1989
1990,Pro Dropshipping Solution 1990,Dropshipping,,,Automates product sourcing and third-party fulfillment.," 1,551 ",Freemium,https://apps.shopify.com/solution-1990
1991,Pro SEO Solution 1991,SEO,,,Improves organic search visibility and website performance scores.," 1,551 ",Free,https://apps.shopify.com/solution-1991
1992,Pro Marketing Solution 1992,Marketing,,,Automates customer communication and campaign attribution.," 1,550 ",Free,https://apps.shopify.com/solution-1992
1993,Pro Sales Solution 1993,Sales,,,Boosts average order value with conversion-focused UI elements.," 1,549 ",Freemium,https://apps.shopify.com/solution-1993
1994,Pro Support Solution 1994,Support,,,Centralizes customer queries into a single helpdesk interface.," 1,549 ",from $9.99/mo,https://apps.shopify.com/solution-1994
1995,Pro Design Solution 1995,Design,,,Enhances store aesthetics with drag-and-drop themes and pages.," 1,548 ",from $9.99/mo,https://apps.shopify.com/solution-1995
1996,Pro Fulfillment Solution 1996,Fulfillment,,,Streamlines shipping workflows and delivery time tracking.," 1,547 ",Free,https://apps.shopify.com/solution-1996
1997,Pro Inventory Solution 1997,Inventory,,,Syncs stock levels across multiple warehouses and channels.," 1,547 ",from $29/mo,https://apps.shopify.com/solution-1997
1998,Pro Analytics Solution 1998,Analytics,,,Provides data-driven insights into sales and customer cohorts.," 1,546 ",Free,https://apps.shopify.com/solution-1998
1999,Pro Legal Solution 1999,Legal,,,Ensures store compliance with privacy and tax regulations.," 1,545 ",from $9.99/mo,https://apps.shopify.com/solution-1999
2000,Pro Subscriptions Solution 2000,Subscriptions,,,Manages recurring revenue and customer billing flows.," 1,545 ",Free plan available,https://apps.shopify.com/solution-2000
2001,Pro Dropshipping Solution 2001,Dropshipping,,,Automates product sourcing and third-party fulfillment.," 1,544 ",from $29/mo,https://apps.shopify.com/solution-2001
2002,Pro SEO Solution 2002,SEO,,,Improves organic search visibility and website performance scores.," 1,543 ",from $9.99/mo,https://apps.shopify.com/solution-2002
2003,Pro Marketing Solution 2003,Marketing,,,Automates customer communication and campaign attribution.," 1,543 ",Free,https://apps.shopify.com/solution-2003
2004,Pro Sales Solution 2004,Sales,,,Boosts average order value with conversion-focused UI elements.," 1,542 ",Free plan available,https://apps.shopify.com/solution-2004
2005,Pro Support Solution 2005,Support,,,Centralizes customer queries into a single helpdesk interface.," 1,541 ",from $29/mo,https://apps.shopify.com/solution-2005
2006,Pro Design Solution 2006,Design,,,Enhances store aesthetics with drag-and-drop themes and pages.," 1,541 ",Free,https://apps.shopify.com/solution-2006
2007,Pro Fulfillment Solution 2007,Fulfillment,,,Streamlines shipping workflows and delivery time tracking.," 1,540 ",Free plan available,https://apps.shopify.com/solution-2007
2008,Pro Inventory Solution 2008,Inventory,,,Syncs stock levels across multiple warehouses and channels.," 1,539 ",Freemium,https://apps.shopify.com/solution-2008
2009,Pro Analytics Solution 2009,Analytics,,,Provides data-driven insights into sales and customer cohorts.," 1,539 ",Free plan available,https://apps.shopify.com/solution-2009
2010,Pro Legal Solution 2010,Legal,,,Ensures store compliance with privacy and tax regulations.," 1,538 ",from $9.99/mo,https://apps.shopify.com/solution-2010
2011,Pro Subscriptions Solution 2011,Subscriptions,,,Manages recurring revenue and customer billing flows.," 1,537 ",Freemium,https://apps.shopify.com/solution-2011
2012,Pro Dropshipping Solution 2012,Dropshipping,,,Automates product sourcing and third-party fulfillment.," 1,537 ",from $29/mo,https://apps.shopify.com/solution-2012
2013,Pro SEO Solution 2013,SEO,,,Improves organic search visibility and website performance scores.," 1,536 ",from $9.99/mo,https://apps.shopify.com/solution-2013
2014,Pro Marketing Solution 2014,Marketing,,,Automates customer communication and campaign attribution.," 1,535 ",from $29/mo,https://apps.shopify.com/solution-2014
2015,Pro Sales Solution 2015,Sales,,,Boosts average order value with conversion-focused UI elements.," 1,535 ",from $9.99/mo,https://apps.shopify.com/solution-2015
2016,Pro Support Solution 2016,Support,,,Centralizes customer queries into a single helpdesk interface.," 1,534 ",from $9.99/mo,https://apps.shopify.com/solution-2016
2017,Pro Design Solution 2017,Design,,,Enhances store aesthetics with drag-and-drop themes and pages.," 1,533 ",from $9.99/mo,https://apps.shopify.com/solution-2017
2018,Pro Fulfillment Solution 2018,Fulfillment,,,Streamlines shipping workflows and delivery time tracking.," 1,533 ",Free,https://apps.shopify.com/solution-2018
2019,Pro Inventory Solution 2019,Inventory,,,Syncs stock levels across multiple warehouses and channels.," 1,532 ",from $29/mo,https://apps.shopify.com/solution-2019
2020,Pro Analytics Solution 2020,Analytics,,,Provides data-driven insights into sales and customer cohorts.," 1,531 ",from $9.99/mo,https://apps.shopify.com/solution-2020
2021,Pro Legal Solution 2021,Legal,,,Ensures store compliance with privacy and tax regulations.," 1,531 ",from $29/mo,https://apps.shopify.com/solution-2021
2022,Pro Subscriptions Solution 2022,Subscriptions,,,Manages recurring revenue and customer billing flows.," 1,530 ",from $29/mo,https://apps.shopify.com/solution-2022
2023,Pro Dropshipping Solution 2023,Dropshipping,,,Automates product sourcing and third-party fulfillment.," 1,529 ",Free,https://apps.shopify.com/solution-2023
2024,Pro SEO Solution 2024,SEO,,,Improves organic search visibility and website performance scores.," 1,529 ",Free plan available,https://apps.shopify.com/solution-2024
2025,Pro Marketing Solution 2025,Marketing,,,Automates customer communication and campaign attribution.," 1,528 ",Free,https://apps.shopify.com/solution-2025
2026,Pro Sales Solution 2026,Sales,,,Boosts average order value with conversion-focused UI elements.," 1,527 ",Free plan available,https://apps.shopify.com/solution-2026
2027,Pro Support Solution 2027,Support,,,Centralizes customer queries into a single helpdesk interface.," 1,527 ",Free,https://apps.shopify.com/solution-2027
2028,Pro Design Solution 2028,Design,,,Enhances store aesthetics with drag-and-drop themes and pages.," 1,526 ",from $9.99/mo,https://apps.shopify.com/solution-2028
2029,Pro Fulfillment Solution 2029,Fulfillment,,,Streamlines shipping workflows and delivery time tracking.," 1,525 ",from $29/mo,https://apps.shopify.com/solution-2029
2030,Pro Inventory Solution 2030,Inventory,,,Syncs stock levels across multiple warehouses and channels.," 1,525 ",Free,https://apps.shopify.com/solution-2030
2031,Pro Analytics Solution 2031,Analytics,,,Provides data-driven insights into sales and customer cohorts.," 1,524 ",Free,https://apps.shopify.com/solution-2031
2032,Pro Legal Solution 2032,Legal,,,Ensures store compliance with privacy and tax regulations.," 1,524 ",from $9.99/mo,https://apps.shopify.com/solution-2032
2033,Pro Subscriptions Solution 2033,Subscriptions,,,Manages recurring revenue and customer billing flows.," 1,523 ",from $29/mo,https://apps.shopify.com/solution-2033
2034,Pro Dropshipping Solution 2034,Dropshipping,,,Automates product sourcing and third-party fulfillment.," 1,522 ",from $9.99/mo,https://apps.shopify.com/solution-2034
2035,Pro SEO Solution 2035,SEO,,,Improves organic search visibility and website performance scores.," 1,522 ",from $29/mo,https://apps.shopify.com/solution-2035
2036,Pro Marketing Solution 2036,Marketing,,,Automates customer communication and campaign attribution.," 1,521 ",Free,https://apps.shopify.com/solution-2036
2037,Pro Sales Solution 2037,Sales,,,Boosts average order value with conversion-focused UI elements.," 1,520 ",Free plan available,https://apps.shopify.com/solution-2037
2038,Pro Support Solution 2038,Support,,,Centralizes customer queries into a single helpdesk interface.," 1,520 ",Free,https://apps.shopify.com/solution-2038
2039,Pro Design Solution 2039,Design,,,Enhances store aesthetics with drag-and-drop themes and pages.," 1,519 ",from $9.99/mo,https://apps.shopify.com/solution-2039
2040,Pro Fulfillment Solution 2040,Fulfillment,,,Streamlines shipping workflows and delivery time tracking.," 1,518 ",Free plan available,https://apps.shopify.com/solution-2040
2041,Pro Inventory Solution 2041,Inventory,,,Syncs stock levels across multiple warehouses and channels.," 1,518 ",Freemium,https://apps.shopify.com/solution-2041
2042,Pro Analytics Solution 2042,Analytics,,,Provides data-driven insights into sales and customer cohorts.," 1,517 ",Free plan available,https://apps.shopify.com/solution-2042
2043,Pro Legal Solution 2043,Legal,,,Ensures store compliance with privacy and tax regulations.," 1,516 ",from $9.99/mo,https://apps.shopify.com/solution-2043
2044,Pro Subscriptions Solution 2044,Subscriptions,,,Manages recurring revenue and customer billing flows.," 1,516 ",Freemium,https://apps.shopify.com/solution-2044
2045,Pro Dropshipping Solution 2045,Dropshipping,,,Automates product sourcing and third-party fulfillment.," 1,515 ",Freemium,https://apps.shopify.com/solution-2045
2046,Pro SEO Solution 2046,SEO,,,Improves organic search visibility and website performance scores.," 1,515 ",Free plan available,https://apps.shopify.com/solution-2046
2047,Pro Marketing Solution 2047,Marketing,,,Automates customer communication and campaign attribution.," 1,514 ",Free,https://apps.shopify.com/solution-2047
2048,Pro Sales Solution 2048,Sales,,,Boosts average order value with conversion-focused UI elements.," 1,513 ",Freemium,https://apps.shopify.com/solution-2048
2049,Pro Support Solution 2049,Support,,,Centralizes customer queries into a single helpdesk interface.," 1,513 ",from $9.99/mo,https://apps.shopify.com/solution-2049
2050,Pro Design Solution 2050,Design,,,Enhances store aesthetics with drag-and-drop themes and pages.," 1,512 ",from $9.99/mo,https://apps.shopify.com/solution-2050
2051,Pro Fulfillment Solution 2051,Fulfillment,,,Streamlines shipping workflows and delivery time tracking.," 1,511 ",from $29/mo,https://apps.shopify.com/solution-2051
2052,Pro Inventory Solution 2052,Inventory,,,Syncs stock levels across multiple warehouses and channels.," 1,511 ",Free plan available,https://apps.shopify.com/solution-2052
2053,Pro Analytics Solution 2053,Analytics,,,Provides data-driven insights into sales and customer cohorts.," 1,510 ",Free plan available,https://apps.shopify.com/solution-2053
2054,Pro Legal Solution 2054,Legal,,,Ensures store compliance with privacy and tax regulations.," 1,509 ",from $29/mo,https://apps.shopify.com/solution-2054
2055,Pro Subscriptions Solution 2055,Subscriptions,,,Manages recurring revenue and customer billing flows.," 1,509 ",from $9.99/mo,https://apps.shopify.com/solution-2055
2056,Pro Dropshipping Solution 2056,Dropshipping,,,Automates product sourcing and third-party fulfillment.," 1,508 ",Free plan available,https://apps.shopify.com/solution-2056
2057,Pro SEO Solution 2057,SEO,,,Improves organic search visibility and website performance scores.," 1,508 ",from $9.99/mo,https://apps.shopify.com/solution-2057
2058,Pro Marketing Solution 2058,Marketing,,,Automates customer communication and campaign attribution.," 1,507 ",Freemium,https://apps.shopify.com/solution-2058
2059,Pro Sales Solution 2059,Sales,,,Boosts average order value with conversion-focused UI elements.," 1,506 ",Freemium,https://apps.shopify.com/solution-2059
2060,Pro Support Solution 2060,Support,,,Centralizes customer queries into a single helpdesk interface.," 1,506 ",from $9.99/mo,https://apps.shopify.com/solution-2060
2061,Pro Design Solution 2061,Design,,,Enhances store aesthetics with drag-and-drop themes and pages.," 1,505 ",from $29/mo,https://apps.shopify.com/solution-2061
2062,Pro Fulfillment Solution 2062,Fulfillment,,,Streamlines shipping workflows and delivery time tracking.," 1,504 ",from $29/mo,https://apps.shopify.com/solution-2062
2063,Pro Inventory Solution 2063,Inventory,,,Syncs stock levels across multiple warehouses and channels.," 1,504 ",Free plan available,https://apps.shopify.com/solution-2063
2064,Pro Analytics Solution 2064,Analytics,,,Provides data-driven insights into sales and customer cohorts.," 1,503 ",Free,https://apps.shopify.com/solution-2064
2065,Pro Legal Solution 2065,Legal,,,Ensures store compliance with privacy and tax regulations.," 1,502 ",from $29/mo,https://apps.shopify.com/solution-2065
2066,Pro Subscriptions Solution 2066,Subscriptions,,,Manages recurring revenue and customer billing flows.," 1,502 ",from $29/mo,https://apps.shopify.com/solution-2066
2067,Pro Dropshipping Solution 2067,Dropshipping,,,Automates product sourcing and third-party fulfillment.," 1,501 ",Free plan available,https://apps.shopify.com/solution-2067
2068,Pro SEO Solution 2068,SEO,,,Improves organic search visibility and website performance scores.," 1,501 ",from $9.99/mo,https://apps.shopify.com/solution-2068
2069,Pro Marketing Solution 2069,Marketing,,,Automates customer communication and campaign attribution.," 1,500 ",Freemium,https://apps.shopify.com/solution-2069
2070,Pro Sales Solution 2070,Sales,,,Boosts average order value with conversion-focused UI elements.," 1,499 ",Free plan available,https://apps.shopify.com/solution-2070
2071,Pro Support Solution 2071,Support,,,Centralizes customer queries into a single helpdesk interface.," 1,499 ",from $29/mo,https://apps.shopify.com/solution-2071
2072,Pro Design Solution 2072,Design,,,Enhances store aesthetics with drag-and-drop themes and pages.," 1,498 ",Free plan available,https://apps.shopify.com/solution-2072
2073,Pro Fulfillment Solution 2073,Fulfillment,,,Streamlines shipping workflows and delivery time tracking.," 1,497 ",Free,https://apps.shopify.com/solution-2073
2074,Pro Inventory Solution 2074,Inventory,,,Syncs stock levels across multiple warehouses and channels.," 1,497 ",from $9.99/mo,https://apps.shopify.com/solution-2074
2075,Pro Analytics Solution 2075,Analytics,,,Provides data-driven insights into sales and customer cohorts.," 1,496 ",from $29/mo,https://apps.shopify.com/solution-2075
2076,Pro Legal Solution 2076,Legal,,,Ensures store compliance with privacy and tax regulations.," 1,496 ",Free plan available,https://apps.shopify.com/solution-2076
2077,Pro Subscriptions Solution 2077,Subscriptions,,,Manages recurring revenue and customer billing flows.," 1,495 ",from $9.99/mo,https://apps.shopify.com/solution-2077
2078,Pro Dropshipping Solution 2078,Dropshipping,,,Automates product sourcing and third-party fulfillment.," 1,494 ",Free plan available,https://apps.shopify.com/solution-2078
2079,Pro SEO Solution 2079,SEO,,,Improves organic search visibility and website performance scores.," 1,494 ",from $29/mo,https://apps.shopify.com/solution-2079
2080,Pro Marketing Solution 2080,Marketing,,,Automates customer communication and campaign attribution.," 1,493 ",Free,https://apps.shopify.com/solution-2080
2081,Pro Sales Solution 2081,Sales,,,Boosts average order value with conversion-focused UI elements.," 1,492 ",from $29/mo,https://apps.shopify.com/solution-2081
2082,Pro Support Solution 2082,Support,,,Centralizes customer queries into a single helpdesk interface.," 1,492 ",from $9.99/mo,https://apps.shopify.com/solution-2082
2083,Pro Design Solution 2083,Design,,,Enhances store aesthetics with drag-and-drop themes and pages.," 1,491 ",Free,https://apps.shopify.com/solution-2083
2084,Pro Fulfillment Solution 2084,Fulfillment,,,Streamlines shipping workflows and delivery time tracking.," 1,491 ",Free plan available,https://apps.shopify.com/solution-2084
2085,Pro Inventory Solution 2085,Inventory,,,Syncs stock levels across multiple warehouses and channels.," 1,490 ",Free plan available,https://apps.shopify.com/solution-2085
2086,Pro Analytics Solution 2086,Analytics,,,Provides data-driven insights into sales and customer cohorts.," 1,489 ",Freemium,https://apps.shopify.com/solution-2086
2087,Pro Legal Solution 2087,Legal,,,Ensures store compliance with privacy and tax regulations.," 1,489 ",Freemium,https://apps.shopify.com/solution-2087
2088,Pro Subscriptions Solution 2088,Subscriptions,,,Manages recurring revenue and customer billing flows.," 1,488 ",from $29/mo,https://apps.shopify.com/solution-2088
2089,Pro Dropshipping Solution 2089,Dropshipping,,,Automates product sourcing and third-party fulfillment.," 1,488 ",Free,https://apps.shopify.com/solution-2089
2090,Pro SEO Solution 2090,SEO,,,Improves organic search visibility and website performance scores.," 1,487 ",Freemium,https://apps.shopify.com/solution-2090
2091,Pro Marketing Solution 2091,Marketing,,,Automates customer communication and campaign attribution.," 1,486 ",Free,https://apps.shopify.com/solution-2091
2092,Pro Sales Solution 2092,Sales,,,Boosts average order value with conversion-focused UI elements.," 1,486 ",Free,https://apps.shopify.com/solution-2092
2093,Pro Support Solution 2093,Support,,,Centralizes customer queries into a single helpdesk interface.," 1,485 ",Free plan available,https://apps.shopify.com/solution-2093
2094,Pro Design Solution 2094,Design,,,Enhances store aesthetics with drag-and-drop themes and pages.," 1,484 ",Free,https://apps.shopify.com/solution-2094
2095,Pro Fulfillment Solution 2095,Fulfillment,,,Streamlines shipping workflows and delivery time tracking.," 1,484 ",Free,https://apps.shopify.com/solution-2095
2096,Pro Inventory Solution 2096,Inventory,,,Syncs stock levels across multiple warehouses and channels.," 1,483 ",Free plan available,https://apps.shopify.com/solution-2096
2097,Pro Analytics Solution 2097,Analytics,,,Provides data-driven insights into sales and customer cohorts.," 1,483 ",Free,https://apps.shopify.com/solution-2097
2098,Pro Legal Solution 2098,Legal,,,Ensures store compliance with privacy and tax regulations.," 1,482 ",Free,https://apps.shopify.com/solution-2098
2099,Pro Subscriptions Solution 2099,Subscriptions,,,Manages recurring revenue and customer billing flows.," 1,481 ",Free,https://apps.shopify.com/solution-2099
2100,Pro Dropshipping Solution 2100,Dropshipping,,,Automates product sourcing and third-party fulfillment.," 1,481 ",from $29/mo,https://apps.shopify.com/solution-2100
2101,Pro SEO Solution 2101,SEO,,,Improves organic search visibility and website performance scores.," 1,480 ",Freemium,https://apps.shopify.com/solution-2101
2102,Pro Marketing Solution 2102,Marketing,,,Automates customer communication and campaign attribution.," 1,480 ",from $9.99/mo,https://apps.shopify.com/solution-2102
2103,Pro Sales Solution 2103,Sales,,,Boosts average order value with conversion-focused UI elements.," 1,479 ",Free plan available,https://apps.shopify.com/solution-2103
2104,Pro Support Solution 2104,Support,,,Centralizes customer queries into a single helpdesk interface.," 1,478 ",from $29/mo,https://apps.shopify.com/solution-2104
2105,Pro Design Solution 2105,Design,,,Enhances store aesthetics with drag-and-drop themes and pages.," 1,478 ",Free plan available,https://apps.shopify.com/solution-2105
2106,Pro Fulfillment Solution 2106,Fulfillment,,,Streamlines shipping workflows and delivery time tracking.," 1,477 ",Freemium,https://apps.shopify.com/solution-2106
2107,Pro Inventory Solution 2107,Inventory,,,Syncs stock levels across multiple warehouses and channels.," 1,477 ",from $9.99/mo,https://apps.shopify.com/solution-2107
2108,Pro Analytics Solution 2108,Analytics,,,Provides data-driven insights into sales and customer cohorts.," 1,476 ",Freemium,https://apps.shopify.com/solution-2108
2109,Pro Legal Solution 2109,Legal,,,Ensures store compliance with privacy and tax regulations.," 1,475 ",from $9.99/mo,https://apps.shopify.com/solution-2109
2110,Pro Subscriptions Solution 2110,Subscriptions,,,Manages recurring revenue and customer billing flows.," 1,475 ",Free,https://apps.shopify.com/solution-2110
2111,Pro Dropshipping Solution 2111,Dropshipping,,,Automates product sourcing and third-party fulfillment.," 1,474 ",from $29/mo,https://apps.shopify.com/solution-2111
2112,Pro SEO Solution 2112,SEO,,,Improves organic search visibility and website performance scores.," 1,474 ",from $9.99/mo,https://apps.shopify.com/solution-2112
2113,Pro Marketing Solution 2113,Marketing,,,Automates customer communication and campaign attribution.," 1,473 ",Freemium,https://apps.shopify.com/solution-2113
2114,Pro Sales Solution 2114,Sales,,,Boosts average order value with conversion-focused UI elements.," 1,472 ",Free plan available,https://apps.shopify.com/solution-2114
2115,Pro Support Solution 2115,Support,,,Centralizes customer queries into a single helpdesk interface.," 1,472 ",Free,https://apps.shopify.com/solution-2115
2116,Pro Design Solution 2116,Design,,,Enhances store aesthetics with drag-and-drop themes and pages.," 1,471 ",from $29/mo,https://apps.shopify.com/solution-2116
2117,Pro Fulfillment Solution 2117,Fulfillment,,,Streamlines shipping workflows and delivery time tracking.," 1,471 ",Freemium,https://apps.shopify.com/solution-2117
2118,Pro Inventory Solution 2118,Inventory,,,Syncs stock levels across multiple warehouses and channels.," 1,470 ",from $29/mo,https://apps.shopify.com/solution-2118
2119,Pro Analytics Solution 2119,Analytics,,,Provides data-driven insights into sales and customer cohorts.," 1,469 ",Free,https://apps.shopify.com/solution-2119
2120,Pro Legal Solution 2120,Legal,,,Ensures store compliance with privacy and tax regulations.," 1,469 ",Free,https://apps.shopify.com/solution-2120
2121,Pro Subscriptions Solution 2121,Subscriptions,,,Manages recurring revenue and customer billing flows.," 1,468 ",Free plan available,https://apps.shopify.com/solution-2121
2122,Pro Dropshipping Solution 2122,Dropshipping,,,Automates product sourcing and third-party fulfillment.," 1,468 ",Freemium,https://apps.shopify.com/solution-2122
2123,Pro SEO Solution 2123,SEO,,,Improves organic search visibility and website performance scores.," 1,467 ",Free,https://apps.shopify.com/solution-2123
2124,Pro Marketing Solution 2124,Marketing,,,Automates customer communication and campaign attribution.," 1,466 ",Freemium,https://apps.shopify.com/solution-2124
2125,Pro Sales Solution 2125,Sales,,,Boosts average order value with conversion-focused UI elements.," 1,466 ",from $9.99/mo,https://apps.shopify.com/solution-2125
2126,Pro Support Solution 2126,Support,,,Centralizes customer queries into a single helpdesk interface.," 1,465 ",Freemium,https://apps.shopify.com/solution-2126
2127,Pro Design Solution 2127,Design,,,Enhances store aesthetics with drag-and-drop themes and pages.," 1,465 ",Freemium,https://apps.shopify.com/solution-2127
2128,Pro Fulfillment Solution 2128,Fulfillment,,,Streamlines shipping workflows and delivery time tracking.," 1,464 ",from $9.99/mo,https://apps.shopify.com/solution-2128
2129,Pro Inventory Solution 2129,Inventory,,,Syncs stock levels across multiple warehouses and channels.," 1,463 ",Free plan available,https://apps.shopify.com/solution-2129
2130,Pro Analytics Solution 2130,Analytics,,,Provides data-driven insights into sales and customer cohorts.," 1,463 ",from $9.99/mo,https://apps.shopify.com/solution-2130
2131,Pro Legal Solution 2131,Legal,,,Ensures store compliance with privacy and tax regulations.," 1,462 ",Freemium,https://apps.shopify.com/solution-2131
2132,Pro Subscriptions Solution 2132,Subscriptions,,,Manages recurring revenue and customer billing flows.," 1,462 ",Free plan available,https://apps.shopify.com/solution-2132
2133,Pro Dropshipping Solution 2133,Dropshipping,,,Automates product sourcing and third-party fulfillment.," 1,461 ",from $29/mo,https://apps.shopify.com/solution-2133
2134,Pro SEO Solution 2134,SEO,,,Improves organic search visibility and website performance scores.," 1,460 ",from $9.99/mo,https://apps.shopify.com/solution-2134
2135,Pro Marketing Solution 2135,Marketing,,,Automates customer communication and campaign attribution.," 1,460 ",from $9.99/mo,https://apps.shopify.com/solution-2135
2136,Pro Sales Solution 2136,Sales,,,Boosts average order value with conversion-focused UI elements.," 1,459 ",Free,https://apps.shopify.com/solution-2136
2137,Pro Support Solution 2137,Support,,,Centralizes customer queries into a single helpdesk interface.," 1,459 ",Freemium,https://apps.shopify.com/solution-2137
2138,Pro Design Solution 2138,Design,,,Enhances store aesthetics with drag-and-drop themes and pages.," 1,458 ",from $29/mo,https://apps.shopify.com/solution-2138
2139,Pro Fulfillment Solution 2139,Fulfillment,,,Streamlines shipping workflows and delivery time tracking.," 1,457 ",from $29/mo,https://apps.shopify.com/solution-2139
2140,Pro Inventory Solution 2140,Inventory,,,Syncs stock levels across multiple warehouses and channels.," 1,457 ",from $29/mo,https://apps.shopify.com/solution-2140
2141,Pro Analytics Solution 2141,Analytics,,,Provides data-driven insights into sales and customer cohorts.," 1,456 ",from $9.99/mo,https://apps.shopify.com/solution-2141
2142,Pro Legal Solution 2142,Legal,,,Ensures store compliance with privacy and tax regulations.," 1,456 ",Free plan available,https://apps.shopify.com/solution-2142
2143,Pro Subscriptions Solution 2143,Subscriptions,,,Manages recurring revenue and customer billing flows.," 1,455 ",Free plan available,https://apps.shopify.com/solution-2143
2144,Pro Dropshipping Solution 2144,Dropshipping,,,Automates product sourcing and third-party fulfillment.," 1,455 ",Freemium,https://apps.shopify.com/solution-2144
2145,Pro SEO Solution 2145,SEO,,,Improves organic search visibility and website performance scores.," 1,454 ",Free,https://apps.shopify.com/solution-2145
2146,Pro Marketing Solution 2146,Marketing,,,Automates customer communication and campaign attribution.," 1,453 ",Free,https://apps.shopify.com/solution-2146
2147,Pro Sales Solution 2147,Sales,,,Boosts average order value with conversion-focused UI elements.," 1,453 ",Free,https://apps.shopify.com/solution-2147
2148,Pro Support Solution 2148,Support,,,Centralizes customer queries into a single helpdesk interface.," 1,452 ",Free,https://apps.shopify.com/solution-2148
2149,Pro Design Solution 2149,Design,,,Enhances store aesthetics with drag-and-drop themes and pages.," 1,452 ",Free plan available,https://apps.shopify.com/solution-2149
2150,Pro Fulfillment Solution 2150,Fulfillment,,,Streamlines shipping workflows and delivery time tracking.," 1,451 ",Freemium,https://apps.shopify.com/solution-2150
2151,Pro Inventory Solution 2151,Inventory,,,Syncs stock levels across multiple warehouses and channels.," 1,450 ",from $9.99/mo,https://apps.shopify.com/solution-2151
2152,Pro Analytics Solution 2152,Analytics,,,Provides data-driven insights into sales and customer cohorts.," 1,450 ",from $9.99/mo,https://apps.shopify.com/solution-2152
2153,Pro Legal Solution 2153,Legal,,,Ensures store compliance with privacy and tax regulations.," 1,449 ",Free plan available,https://apps.shopify.com/solution-2153
2154,Pro Subscriptions Solution 2154,Subscriptions,,,Manages recurring revenue and customer billing flows.," 1,449 ",Freemium,https://apps.shopify.com/solution-2154
2155,Pro Dropshipping Solution 2155,Dropshipping,,,Automates product sourcing and third-party fulfillment.," 1,448 ",from $29/mo,https://apps.shopify.com/solution-2155
2156,Pro SEO Solution 2156,SEO,,,Improves organic search visibility and website performance scores.," 1,448 ",from $29/mo,https://apps.shopify.com/solution-2156
2157,Pro Marketing Solution 2157,Marketing,,,Automates customer communication and campaign attribution.," 1,447 ",from $29/mo,https://apps.shopify.com/solution-2157
2158,Pro Sales Solution 2158,Sales,,,Boosts average order value with conversion-focused UI elements.," 1,446 ",from $9.99/mo,https://apps.shopify.com/solution-2158
2159,Pro Support Solution 2159,Support,,,Centralizes customer queries into a single helpdesk interface.," 1,446 ",from $29/mo,https://apps.shopify.com/solution-2159
2160,Pro Design Solution 2160,Design,,,Enhances store aesthetics with drag-and-drop themes and pages.," 1,445 ",Freemium,https://apps.shopify.com/solution-2160
2161,Pro Fulfillment Solution 2161,Fulfillment,,,Streamlines shipping workflows and delivery time tracking.," 1,445 ",from $29/mo,https://apps.shopify.com/solution-2161
2162,Pro Inventory Solution 2162,Inventory,,,Syncs stock levels across multiple warehouses and channels.," 1,444 ",Free,https://apps.shopify.com/solution-2162
2163,Pro Analytics Solution 2163,Analytics,,,Provides data-driven insights into sales and customer cohorts.," 1,443 ",from $9.99/mo,https://apps.shopify.com/solution-2163
2164,Pro Legal Solution 2164,Legal,,,Ensures store compliance with privacy and tax regulations.," 1,443 ",Free plan available,https://apps.shopify.com/solution-2164
2165,Pro Subscriptions Solution 2165,Subscriptions,,,Manages recurring revenue and customer billing flows.," 1,442 ",Free plan available,https://apps.shopify.com/solution-2165
2166,Pro Dropshipping Solution 2166,Dropshipping,,,Automates product sourcing and third-party fulfillment.," 1,442 ",Freemium,https://apps.shopify.com/solution-2166
2167,Pro SEO Solution 2167,SEO,,,Improves organic search visibility and website performance scores.," 1,441 ",Freemium,https://apps.shopify.com/solution-2167
2168,Pro Marketing Solution 2168,Marketing,,,Automates customer communication and campaign attribution.," 1,441 ",Free plan available,https://apps.shopify.com/solution-2168
2169,Pro Sales Solution 2169,Sales,,,Boosts average order value with conversion-focused UI elements.," 1,440 ",Freemium,https://apps.shopify.com/solution-2169
2170,Pro Support Solution 2170,Support,,,Centralizes customer queries into a single helpdesk interface.," 1,439 ",Free plan available,https://apps.shopify.com/solution-2170
2171,Pro Design Solution 2171,Design,,,Enhances store aesthetics with drag-and-drop themes and pages.," 1,439 ",from $9.99/mo,https://apps.shopify.com/solution-2171
2172,Pro Fulfillment Solution 2172,Fulfillment,,,Streamlines shipping workflows and delivery time tracking.," 1,438 ",from $29/mo,https://apps.shopify.com/solution-2172
2173,Pro Inventory Solution 2173,Inventory,,,Syncs stock levels across multiple warehouses and channels.," 1,438 ",Free plan available,https://apps.shopify.com/solution-2173
2174,Pro Analytics Solution 2174,Analytics,,,Provides data-driven insights into sales and customer cohorts.," 1,437 ",from $9.99/mo,https://apps.shopify.com/solution-2174
2175,Pro Legal Solution 2175,Legal,,,Ensures store compliance with privacy and tax regulations.," 1,437 ",Free plan available,https://apps.shopify.com/solution-2175
2176,Pro Subscriptions Solution 2176,Subscriptions,,,Manages recurring revenue and customer billing flows.," 1,436 ",from $29/mo,https://apps.shopify.com/solution-2176
2177,Pro Dropshipping Solution 2177,Dropshipping,,,Automates product sourcing and third-party fulfillment.," 1,435 ",from $29/mo,https://apps.shopify.com/solution-2177
2178,Pro SEO Solution 2178,SEO,,,Improves organic search visibility and website performance scores.," 1,435 ",from $9.99/mo,https://apps.shopify.com/solution-2178
2179,Pro Marketing Solution 2179,Marketing,,,Automates customer communication and campaign attribution.," 1,434 ",Free plan available,https://apps.shopify.com/solution-2179
2180,Pro Sales Solution 2180,Sales,,,Boosts average order value with conversion-focused UI elements.," 1,434 ",from $29/mo,https://apps.shopify.com/solution-2180
2181,Pro Support Solution 2181,Support,,,Centralizes customer queries into a single helpdesk interface.," 1,433 ",Freemium,https://apps.shopify.com/solution-2181
2182,Pro Design Solution 2182,Design,,,Enhances store aesthetics with drag-and-drop themes and pages.," 1,433 ",Free,https://apps.shopify.com/solution-2182
2183,Pro Fulfillment Solution 2183,Fulfillment,,,Streamlines shipping workflows and delivery time tracking.," 1,432 ",Freemium,https://apps.shopify.com/solution-2183
2184,Pro Inventory Solution 2184,Inventory,,,Syncs stock levels across multiple warehouses and channels.," 1,431 ",from $9.99/mo,https://apps.shopify.com/solution-2184
2185,Pro Analytics Solution 2185,Analytics,,,Provides data-driven insights into sales and customer cohorts.," 1,431 ",Free plan available,https://apps.shopify.com/solution-2185
2186,Pro Legal Solution 2186,Legal,,,Ensures store compliance with privacy and tax regulations.," 1,430 ",Free,https://apps.shopify.com/solution-2186
2187,Pro Subscriptions Solution 2187,Subscriptions,,,Manages recurring revenue and customer billing flows.," 1,430 ",from $9.99/mo,https://apps.shopify.com/solution-2187
2188,Pro Dropshipping Solution 2188,Dropshipping,,,Automates product sourcing and third-party fulfillment.," 1,429 ",Freemium,https://apps.shopify.com/solution-2188
2189,Pro SEO Solution 2189,SEO,,,Improves organic search visibility and website performance scores.," 1,429 ",from $29/mo,https://apps.shopify.com/solution-2189
2190,Pro Marketing Solution 2190,Marketing,,,Automates customer communication and campaign attribution.," 1,428 ",from $29/mo,https://apps.shopify.com/solution-2190
2191,Pro Sales Solution 2191,Sales,,,Boosts average order value with conversion-focused UI elements.," 1,427 ",Freemium,https://apps.shopify.com/solution-2191
2192,Pro Support Solution 2192,Support,,,Centralizes customer queries into a single helpdesk interface.," 1,427 ",Freemium,https://apps.shopify.com/solution-2192
2193,Pro Design Solution 2193,Design,,,Enhances store aesthetics with drag-and-drop themes and pages.," 1,426 ",from $9.99/mo,https://apps.shopify.com/solution-2193
2194,Pro Fulfillment Solution 2194,Fulfillment,,,Streamlines shipping workflows and delivery time tracking.," 1,426 ",Free,https://apps.shopify.com/solution-2194
2195,Pro Inventory Solution 2195,Inventory,,,Syncs stock levels across multiple warehouses and channels.," 1,425 ",from $9.99/mo,https://apps.shopify.com/solution-2195
2196,Pro Analytics Solution 2196,Analytics,,,Provides data-driven insights into sales and customer cohorts.," 1,425 ",Freemium,https://apps.shopify.com/solution-2196
2197,Pro Legal Solution 2197,Legal,,,Ensures store compliance with privacy and tax regulations.," 1,424 ",from $9.99/mo,https://apps.shopify.com/solution-2197
2198,Pro Subscriptions Solution 2198,Subscriptions,,,Manages recurring revenue and customer billing flows.," 1,424 ",from $9.99/mo,https://apps.shopify.com/solution-2198
2199,Pro Dropshipping Solution 2199,Dropshipping,,,Automates product sourcing and third-party fulfillment.," 1,423 ",Freemium,https://apps.shopify.com/solution-2199
2200,Pro SEO Solution 2200,SEO,,,Improves organic search visibility and website performance scores.," 1,422 ",Freemium,https://apps.shopify.com/solution-2200
2201,Pro Marketing Solution 2201,Marketing,,,Automates customer communication and campaign attribution.," 1,422 ",Freemium,https://apps.shopify.com/solution-2201
2202,Pro Sales Solution 2202,Sales,,,Boosts average order value with conversion-focused UI elements.," 1,421 ",from $9.99/mo,https://apps.shopify.com/solution-2202
2203,Pro Support Solution 2203,Support,,,Centralizes customer queries into a single helpdesk interface.," 1,421 ",from $29/mo,https://apps.shopify.com/solution-2203
2204,Pro Design Solution 2204,Design,,,Enhances store aesthetics with drag-and-drop themes and pages.," 1,420 ",from $29/mo,https://apps.shopify.com/solution-2204
2205,Pro Fulfillment Solution 2205,Fulfillment,,,Streamlines shipping workflows and delivery time tracking.," 1,420 ",from $29/mo,https://apps.shopify.com/solution-2205
2206,Pro Inventory Solution 2206,Inventory,,,Syncs stock levels across multiple warehouses and channels.," 1,419 ",Freemium,https://apps.shopify.com/solution-2206
2207,Pro Analytics Solution 2207,Analytics,,,Provides data-driven insights into sales and customer cohorts.," 1,419 ",from $9.99/mo,https://apps.shopify.com/solution-2207
2208,Pro Legal Solution 2208,Legal,,,Ensures store compliance with privacy and tax regulations.," 1,418 ",Free plan available,https://apps.shopify.com/solution-2208
2209,Pro Subscriptions Solution 2209,Subscriptions,,,Manages recurring revenue and customer billing flows.," 1,417 ",Freemium,https://apps.shopify.com/solution-2209
2210,Pro Dropshipping Solution 2210,Dropshipping,,,Automates product sourcing and third-party fulfillment.," 1,417 ",Freemium,https://apps.shopify.com/solution-2210
2211,Pro SEO Solution 2211,SEO,,,Improves organic search visibility and website performance scores.," 1,416 ",from $9.99/mo,https://apps.shopify.com/solution-2211
2212,Pro Marketing Solution 2212,Marketing,,,Automates customer communication and campaign attribution.," 1,416 ",from $29/mo,https://apps.shopify.com/solution-2212
2213,Pro Sales Solution 2213,Sales,,,Boosts average order value with conversion-focused UI elements.," 1,415 ",from $29/mo,https://apps.shopify.com/solution-2213
2214,Pro Support Solution 2214,Support,,,Centralizes customer queries into a single helpdesk interface.," 1,415 ",Freemium,https://apps.shopify.com/solution-2214
2215,Pro Design Solution 2215,Design,,,Enhances store aesthetics with drag-and-drop themes and pages.," 1,414 ",Freemium,https://apps.shopify.com/solution-2215
2216,Pro Fulfillment Solution 2216,Fulfillment,,,Streamlines shipping workflows and delivery time tracking.," 1,414 ",Free,https://apps.shopify.com/solution-2216
2217,Pro Inventory Solution 2217,Inventory,,,Syncs stock levels across multiple warehouses and channels.," 1,413 ",from $9.99/mo,https://apps.shopify.com/solution-2217
2218,Pro Analytics Solution 2218,Analytics,,,Provides data-driven insights into sales and customer cohorts.," 1,412 ",Free,https://apps.shopify.com/solution-2218
2219,Pro Legal Solution 2219,Legal,,,Ensures store compliance with privacy and tax regulations.," 1,412 ",from $9.99/mo,https://apps.shopify.com/solution-2219
2220,Pro Subscriptions Solution 2220,Subscriptions,,,Manages recurring revenue and customer billing flows.," 1,411 ",Free plan available,https://apps.shopify.com/solution-2220
2221,Pro Dropshipping Solution 2221,Dropshipping,,,Automates product sourcing and third-party fulfillment.," 1,411 ",from $9.99/mo,https://apps.shopify.com/solution-2221
2222,Pro SEO Solution 2222,SEO,,,Improves organic search visibility and website performance scores.," 1,410 ",Free plan available,https://apps.shopify.com/solution-2222
2223,Pro Marketing Solution 2223,Marketing,,,Automates customer communication and campaign attribution.," 1,410 ",Free plan available,https://apps.shopify.com/solution-2223
2224,Pro Sales Solution 2224,Sales,,,Boosts average order value with conversion-focused UI elements.," 1,409 ",Free plan available,https://apps.shopify.com/solution-2224
2225,Pro Support Solution 2225,Support,,,Centralizes customer queries into a single helpdesk interface.," 1,409 ",Free plan available,https://apps.shopify.com/solution-2225
2226,Pro Design Solution 2226,Design,,,Enhances store aesthetics with drag-and-drop themes and pages.," 1,408 ",from $9.99/mo,https://apps.shopify.com/solution-2226
2227,Pro Fulfillment Solution 2227,Fulfillment,,,Streamlines shipping workflows and delivery time tracking.," 1,408 ",Free plan available,https://apps.shopify.com/solution-2227
2228,Pro Inventory Solution 2228,Inventory,,,Syncs stock levels across multiple warehouses and channels.," 1,407 ",from $29/mo,https://apps.shopify.com/solution-2228
2229,Pro Analytics Solution 2229,Analytics,,,Provides data-driven insights into sales and customer cohorts.," 1,406 ",Freemium,https://apps.shopify.com/solution-2229
2230,Pro Legal Solution 2230,Legal,,,Ensures store compliance with privacy and tax regulations.," 1,406 ",from $29/mo,https://apps.shopify.com/solution-2230
2231,Pro Subscriptions Solution 2231,Subscriptions,,,Manages recurring revenue and customer billing flows.," 1,405 ",Free plan available,https://apps.shopify.com/solution-2231
2232,Pro Dropshipping Solution 2232,Dropshipping,,,Automates product sourcing and third-party fulfillment.," 1,405 ",Free plan available,https://apps.shopify.com/solution-2232
2233,Pro SEO Solution 2233,SEO,,,Improves organic search visibility and website performance scores.," 1,404 ",from $29/mo,https://apps.shopify.com/solution-2233
2234,Pro Marketing Solution 2234,Marketing,,,Automates customer communication and campaign attribution.," 1,404 ",from $29/mo,https://apps.shopify.com/solution-2234
2235,Pro Sales Solution 2235,Sales,,,Boosts average order value with conversion-focused UI elements.," 1,403 ",from $9.99/mo,https://apps.shopify.com/solution-2235
2236,Pro Support Solution 2236,Support,,,Centralizes customer queries into a single helpdesk interface.," 1,403 ",Free,https://apps.shopify.com/solution-2236
2237,Pro Design Solution 2237,Design,,,Enhances store aesthetics with drag-and-drop themes and pages.," 1,402 ",from $29/mo,https://apps.shopify.com/solution-2237
2238,Pro Fulfillment Solution 2238,Fulfillment,,,Streamlines shipping workflows and delivery time tracking.," 1,402 ",Free plan available,https://apps.shopify.com/solution-2238
2239,Pro Inventory Solution 2239,Inventory,,,Syncs stock levels across multiple warehouses and channels.," 1,401 ",Free,https://apps.shopify.com/solution-2239
2240,Pro Analytics Solution 2240,Analytics,,,Provides data-driven insights into sales and customer cohorts.," 1,400 ",Free plan available,https://apps.shopify.com/solution-2240
2241,Pro Legal Solution 2241,Legal,,,Ensures store compliance with privacy and tax regulations.," 1,400 ",Free,https://apps.shopify.com/solution-2241
2242,Pro Subscriptions Solution 2242,Subscriptions,,,Manages recurring revenue and customer billing flows.," 1,399 ",from $9.99/mo,https://apps.shopify.com/solution-2242
2243,Pro Dropshipping Solution 2243,Dropshipping,,,Automates product sourcing and third-party fulfillment.," 1,399 ",from $29/mo,https://apps.shopify.com/solution-2243
2244,Pro SEO Solution 2244,SEO,,,Improves organic search visibility and website performance scores.," 1,398 ",Freemium,https://apps.shopify.com/solution-2244
2245,Pro Marketing Solution 2245,Marketing,,,Automates customer communication and campaign attribution.," 1,398 ",from $29/mo,https://apps.shopify.com/solution-2245
2246,Pro Sales Solution 2246,Sales,,,Boosts average order value with conversion-focused UI elements.," 1,397 ",from $9.99/mo,https://apps.shopify.com/solution-2246
2247,Pro Support Solution 2247,Support,,,Centralizes customer queries into a single helpdesk interface.," 1,397 ",from $29/mo,https://apps.shopify.com/solution-2247
2248,Pro Design Solution 2248,Design,,,Enhances store aesthetics with drag-and-drop themes and pages.," 1,396 ",Freemium,https://apps.shopify.com/solution-2248
2249,Pro Fulfillment Solution 2249,Fulfillment,,,Streamlines shipping workflows and delivery time tracking.," 1,396 ",Free,https://apps.shopify.com/solution-2249
2250,Pro Inventory Solution 2250,Inventory,,,Syncs stock levels across multiple warehouses and channels.," 1,395 ",Freemium,https://apps.shopify.com/solution-2250
2251,Pro Analytics Solution 2251,Analytics,,,Provides data-driven insights into sales and customer cohorts.," 1,395 ",from $9.99/mo,https://apps.shopify.com/solution-2251
2252,Pro Legal Solution 2252,Legal,,,Ensures store compliance with privacy and tax regulations.," 1,394 ",Freemium,https://apps.shopify.com/solution-2252
2253,Pro Subscriptions Solution 2253,Subscriptions,,,Manages recurring revenue and customer billing flows.," 1,393 ",Free,https://apps.shopify.com/solution-2253
2254,Pro Dropshipping Solution 2254,Dropshipping,,,Automates product sourcing and third-party fulfillment.," 1,393 ",Freemium,https://apps.shopify.com/solution-2254
2255,Pro SEO Solution 2255,SEO,,,Improves organic search visibility and website performance scores.," 1,392 ",Free plan available,https://apps.shopify.com/solution-2255
2256,Pro Marketing Solution 2256,Marketing,,,Automates customer communication and campaign attribution.," 1,392 ",Free plan available,https://apps.shopify.com/solution-2256
2257,Pro Sales Solution 2257,Sales,,,Boosts average order value with conversion-focused UI elements.," 1,391 ",from $29/mo,https://apps.shopify.com/solution-2257
2258,Pro Support Solution 2258,Support,,,Centralizes customer queries into a single helpdesk interface.," 1,391 ",from $29/mo,https://apps.shopify.com/solution-2258
2259,Pro Design Solution 2259,Design,,,Enhances store aesthetics with drag-and-drop themes and pages.," 1,390 ",Freemium,https://apps.shopify.com/solution-2259
2260,Pro Fulfillment Solution 2260,Fulfillment,,,Streamlines shipping workflows and delivery time tracking.," 1,390 ",Free plan available,https://apps.shopify.com/solution-2260
2261,Pro Inventory Solution 2261,Inventory,,,Syncs stock levels across multiple warehouses and channels.," 1,389 ",from $29/mo,https://apps.shopify.com/solution-2261
2262,Pro Analytics Solution 2262,Analytics,,,Provides data-driven insights into sales and customer cohorts.," 1,389 ",Free,https://apps.shopify.com/solution-2262
2263,Pro Legal Solution 2263,Legal,,,Ensures store compliance with privacy and tax regulations.," 1,388 ",Free,https://apps.shopify.com/solution-2263
2264,Pro Subscriptions Solution 2264,Subscriptions,,,Manages recurring revenue and customer billing flows.," 1,388 ",Free,https://apps.shopify.com/solution-2264
2265,Pro Dropshipping Solution 2265,Dropshipping,,,Automates product sourcing and third-party fulfillment.," 1,387 ",from $29/mo,https://apps.shopify.com/solution-2265
2266,Pro SEO Solution 2266,SEO,,,Improves organic search visibility and website performance scores.," 1,387 ",Free,https://apps.shopify.com/solution-2266
2267,Pro Marketing Solution 2267,Marketing,,,Automates customer communication and campaign attribution.," 1,386 ",from $29/mo,https://apps.shopify.com/solution-2267
2268,Pro Sales Solution 2268,Sales,,,Boosts average order value with conversion-focused UI elements.," 1,386 ",Free plan available,https://apps.shopify.com/solution-2268
2269,Pro Support Solution 2269,Support,,,Centralizes customer queries into a single helpdesk interface.," 1,385 ",from $9.99/mo,https://apps.shopify.com/solution-2269
2270,Pro Design Solution 2270,Design,,,Enhances store aesthetics with drag-and-drop themes and pages.," 1,384 ",Free plan available,https://apps.shopify.com/solution-2270
2271,Pro Fulfillment Solution 2271,Fulfillment,,,Streamlines shipping workflows and delivery time tracking.," 1,384 ",from $29/mo,https://apps.shopify.com/solution-2271
2272,Pro Inventory Solution 2272,Inventory,,,Syncs stock levels across multiple warehouses and channels.," 1,383 ",Free,https://apps.shopify.com/solution-2272
2273,Pro Analytics Solution 2273,Analytics,,,Provides data-driven insights into sales and customer cohorts.," 1,383 ",Free,https://apps.shopify.com/solution-2273
2274,Pro Legal Solution 2274,Legal,,,Ensures store compliance with privacy and tax regulations.," 1,382 ",Free,https://apps.shopify.com/solution-2274
2275,Pro Subscriptions Solution 2275,Subscriptions,,,Manages recurring revenue and customer billing flows.," 1,382 ",Free,https://apps.shopify.com/solution-2275
2276,Pro Dropshipping Solution 2276,Dropshipping,,,Automates product sourcing and third-party fulfillment.," 1,381 ",Free,https://apps.shopify.com/solution-2276
2277,Pro SEO Solution 2277,SEO,,,Improves organic search visibility and website performance scores.," 1,381 ",Free plan available,https://apps.shopify.com/solution-2277
2278,Pro Marketing Solution 2278,Marketing,,,Automates customer communication and campaign attribution.," 1,380 ",Free plan available,https://apps.shopify.com/solution-2278
2279,Pro Sales Solution 2279,Sales,,,Boosts average order value with conversion-focused UI elements.," 1,380 ",from $9.99/mo,https://apps.shopify.com/solution-2279
2280,Pro Support Solution 2280,Support,,,Centralizes customer queries into a single helpdesk interface.," 1,379 ",Free plan available,https://apps.shopify.com/solution-2280
2281,Pro Design Solution 2281,Design,,,Enhances store aesthetics with drag-and-drop themes and pages.," 1,379 ",Free,https://apps.shopify.com/solution-2281
2282,Pro Fulfillment Solution 2282,Fulfillment,,,Streamlines shipping workflows and delivery time tracking.," 1,378 ",Freemium,https://apps.shopify.com/solution-2282
2283,Pro Inventory Solution 2283,Inventory,,,Syncs stock levels across multiple warehouses and channels.," 1,378 ",Free,https://apps.shopify.com/solution-2283
2284,Pro Analytics Solution 2284,Analytics,,,Provides data-driven insights into sales and customer cohorts.," 1,377 ",Free plan available,https://apps.shopify.com/solution-2284
2285,Pro Legal Solution 2285,Legal,,,Ensures store compliance with privacy and tax regulations.," 1,377 ",from $29/mo,https://apps.shopify.com/solution-2285
2286,Pro Subscriptions Solution 2286,Subscriptions,,,Manages recurring revenue and customer billing flows.," 1,376 ",Free plan available,https://apps.shopify.com/solution-2286
2287,Pro Dropshipping Solution 2287,Dropshipping,,,Automates product sourcing and third-party fulfillment.," 1,376 ",from $9.99/mo,https://apps.shopify.com/solution-2287
2288,Pro SEO Solution 2288,SEO,,,Improves organic search visibility and website performance scores.," 1,375 ",from $9.99/mo,https://apps.shopify.com/solution-2288
2289,Pro Marketing Solution 2289,Marketing,,,Automates customer communication and campaign attribution.," 1,375 ",Freemium,https://apps.shopify.com/solution-2289
2290,Pro Sales Solution 2290,Sales,,,Boosts average order value with conversion-focused UI elements.," 1,374 ",Free plan available,https://apps.shopify.com/solution-2290
2291,Pro Support Solution 2291,Support,,,Centralizes customer queries into a single helpdesk interface.," 1,373 ",from $29/mo,https://apps.shopify.com/solution-2291
2292,Pro Design Solution 2292,Design,,,Enhances store aesthetics with drag-and-drop themes and pages.," 1,373 ",Freemium,https://apps.shopify.com/solution-2292
2293,Pro Fulfillment Solution 2293,Fulfillment,,,Streamlines shipping workflows and delivery time tracking.," 1,372 ",Freemium,https://apps.shopify.com/solution-2293
2294,Pro Inventory Solution 2294,Inventory,,,Syncs stock levels across multiple warehouses and channels.," 1,372 ",Free,https://apps.shopify.com/solution-2294
2295,Pro Analytics Solution 2295,Analytics,,,Provides data-driven insights into sales and customer cohorts.," 1,371 ",from $29/mo,https://apps.shopify.com/solution-2295
2296,Pro Legal Solution 2296,Legal,,,Ensures store compliance with privacy and tax regulations.," 1,371 ",Free,https://apps.shopify.com/solution-2296
2297,Pro Subscriptions Solution 2297,Subscriptions,,,Manages recurring revenue and customer billing flows.," 1,370 ",Free plan available,https://apps.shopify.com/solution-2297
2298,Pro Dropshipping Solution 2298,Dropshipping,,,Automates product sourcing and third-party fulfillment.," 1,370 ",Free plan available,https://apps.shopify.com/solution-2298
2299,Pro SEO Solution 2299,SEO,,,Improves organic search visibility and website performance scores.," 1,369 ",Free,https://apps.shopify.com/solution-2299
2300,Pro Marketing Solution 2300,Marketing,,,Automates customer communication and campaign attribution.," 1,369 ",from $9.99/mo,https://apps.shopify.com/solution-2300
2301,Pro Sales Solution 2301,Sales,,,Boosts average order value with conversion-focused UI elements.," 1,368 ",Free,https://apps.shopify.com/solution-2301
2302,Pro Support Solution 2302,Support,,,Centralizes customer queries into a single helpdesk interface.," 1,368 ",from $29/mo,https://apps.shopify.com/solution-2302
2303,Pro Design Solution 2303,Design,,,Enhances store aesthetics with drag-and-drop themes and pages.," 1,367 ",Free,https://apps.shopify.com/solution-2303
2304,Pro Fulfillment Solution 2304,Fulfillment,,,Streamlines shipping workflows and delivery time tracking.," 1,367 ",Free,https://apps.shopify.com/solution-2304
2305,Pro Inventory Solution 2305,Inventory,,,Syncs stock levels across multiple warehouses and channels.," 1,366 ",Freemium,https://apps.shopify.com/solution-2305
2306,Pro Analytics Solution 2306,Analytics,,,Provides data-driven insights into sales and customer cohorts.," 1,366 ",Free,https://apps.shopify.com/solution-2306
2307,Pro Legal Solution 2307,Legal,,,Ensures store compliance with privacy and tax regulations.," 1,365 ",Free,https://apps.shopify.com/solution-2307
2308,Pro Subscriptions Solution 2308,Subscriptions,,,Manages recurring revenue and customer billing flows.," 1,365 ",Freemium,https://apps.shopify.com/solution-2308
2309,Pro Dropshipping Solution 2309,Dropshipping,,,Automates product sourcing and third-party fulfillment.," 1,364 ",Free plan available,https://apps.shopify.com/solution-2309
2310,Pro SEO Solution 2310,SEO,,,Improves organic search visibility and website performance scores.," 1,364 ",from $29/mo,https://apps.shopify.com/solution-2310
2311,Pro Marketing Solution 2311,Marketing,,,Automates customer communication and campaign attribution.," 1,363 ",Free plan available,https://apps.shopify.com/solution-2311
2312,Pro Sales Solution 2312,Sales,,,Boosts average order value with conversion-focused UI elements.," 1,363 ",from $29/mo,https://apps.shopify.com/solution-2312
2313,Pro Support Solution 2313,Support,,,Centralizes customer queries into a single helpdesk interface.," 1,362 ",Freemium,https://apps.shopify.com/solution-2313
2314,Pro Design Solution 2314,Design,,,Enhances store aesthetics with drag-and-drop themes and pages.," 1,362 ",Free,https://apps.shopify.com/solution-2314
2315,Pro Fulfillment Solution 2315,Fulfillment,,,Streamlines shipping workflows and delivery time tracking.," 1,361 ",Freemium,https://apps.shopify.com/solution-2315
2316,Pro Inventory Solution 2316,Inventory,,,Syncs stock levels across multiple warehouses and channels.," 1,361 ",from $9.99/mo,https://apps.shopify.com/solution-2316
2317,Pro Analytics Solution 2317,Analytics,,,Provides data-driven insights into sales and customer cohorts.," 1,360 ",from $29/mo,https://apps.shopify.com/solution-2317
2318,Pro Legal Solution 2318,Legal,,,Ensures store compliance with privacy and tax regulations.," 1,360 ",Free plan available,https://apps.shopify.com/solution-2318
2319,Pro Subscriptions Solution 2319,Subscriptions,,,Manages recurring revenue and customer billing flows.," 1,359 ",Freemium,https://apps.shopify.com/solution-2319
2320,Pro Dropshipping Solution 2320,Dropshipping,,,Automates product sourcing and third-party fulfillment.," 1,359 ",Freemium,https://apps.shopify.com/solution-2320
2321,Pro SEO Solution 2321,SEO,,,Improves organic search visibility and website performance scores.," 1,358 ",Free plan available,https://apps.shopify.com/solution-2321
2322,Pro Marketing Solution 2322,Marketing,,,Automates customer communication and campaign attribution.," 1,358 ",from $9.99/mo,https://apps.shopify.com/solution-2322
2323,Pro Sales Solution 2323,Sales,,,Boosts average order value with conversion-focused UI elements.," 1,357 ",Free plan available,https://apps.shopify.com/solution-2323
2324,Pro Support Solution 2324,Support,,,Centralizes customer queries into a single helpdesk interface.," 1,357 ",from $9.99/mo,https://apps.shopify.com/solution-2324
2325,Pro Design Solution 2325,Design,,,Enhances store aesthetics with drag-and-drop themes and pages.," 1,356 ",from $29/mo,https://apps.shopify.com/solution-2325
2326,Pro Fulfillment Solution 2326,Fulfillment,,,Streamlines shipping workflows and delivery time tracking.," 1,356 ",Free,https://apps.shopify.com/solution-2326
2327,Pro Inventory Solution 2327,Inventory,,,Syncs stock levels across multiple warehouses and channels.," 1,355 ",Freemium,https://apps.shopify.com/solution-2327
2328,Pro Analytics Solution 2328,Analytics,,,Provides data-driven insights into sales and customer cohorts.," 1,355 ",from $9.99/mo,https://apps.shopify.com/solution-2328
2329,Pro Legal Solution 2329,Legal,,,Ensures store compliance with privacy and tax regulations.," 1,354 ",from $9.99/mo,https://apps.shopify.com/solution-2329
2330,Pro Subscriptions Solution 2330,Subscriptions,,,Manages recurring revenue and customer billing flows.," 1,354 ",from $29/mo,https://apps.shopify.com/solution-2330
2331,Pro Dropshipping Solution 2331,Dropshipping,,,Automates product sourcing and third-party fulfillment.," 1,353 ",Free plan available,https://apps.shopify.com/solution-2331
2332,Pro SEO Solution 2332,SEO,,,Improves organic search visibility and website performance scores.," 1,353 ",Free plan available,https://apps.shopify.com/solution-2332
2333,Pro Marketing Solution 2333,Marketing,,,Automates customer communication and campaign attribution.," 1,352 ",Freemium,https://apps.shopify.com/solution-2333
2334,Pro Sales Solution 2334,Sales,,,Boosts average order value with conversion-focused UI elements.," 1,352 ",Free plan available,https://apps.shopify.com/solution-2334
2335,Pro Support Solution 2335,Support,,,Centralizes customer queries into a single helpdesk interface.," 1,351 ",Free,https://apps.shopify.com/solution-2335
2336,Pro Design Solution 2336,Design,,,Enhances store aesthetics with drag-and-drop themes and pages.," 1,351 ",Free,https://apps.shopify.com/solution-2336
2337,Pro Fulfillment Solution 2337,Fulfillment,,,Streamlines shipping workflows and delivery time tracking.," 1,350 ",Free plan available,https://apps.shopify.com/solution-2337
2338,Pro Inventory Solution 2338,Inventory,,,Syncs stock levels across multiple warehouses and channels.," 1,350 ",Free plan available,https://apps.shopify.com/solution-2338
2339,Pro Analytics Solution 2339,Analytics,,,Provides data-driven insights into sales and customer cohorts.," 1,349 ",Free,https://apps.shopify.com/solution-2339
2340,Pro Legal Solution 2340,Legal,,,Ensures store compliance with privacy and tax regulations.," 1,349 ",Free plan available,https://apps.shopify.com/solution-2340
2341,Pro Subscriptions Solution 2341,Subscriptions,,,Manages recurring revenue and customer billing flows.," 1,348 ",from $29/mo,https://apps.shopify.com/solution-2341
2342,Pro Dropshipping Solution 2342,Dropshipping,,,Automates product sourcing and third-party fulfillment.," 1,348 ",Free plan available,https://apps.shopify.com/solution-2342
2343,Pro SEO Solution 2343,SEO,,,Improves organic search visibility and website performance scores.," 1,347 ",from $9.99/mo,https://apps.shopify.com/solution-2343
2344,Pro Marketing Solution 2344,Marketing,,,Automates customer communication and campaign attribution.," 1,347 ",Freemium,https://apps.shopify.com/solution-2344
2345,Pro Sales Solution 2345,Sales,,,Boosts average order value with conversion-focused UI elements.," 1,346 ",Freemium,https://apps.shopify.com/solution-2345
2346,Pro Support Solution 2346,Support,,,Centralizes customer queries into a single helpdesk interface.," 1,346 ",Free,https://apps.shopify.com/solution-2346
2347,Pro Design Solution 2347,Design,,,Enhances store aesthetics with drag-and-drop themes and pages.," 1,345 ",from $9.99/mo,https://apps.shopify.com/solution-2347
2348,Pro Fulfillment Solution 2348,Fulfillment,,,Streamlines shipping workflows and delivery time tracking.," 1,345 ",from $29/mo,https://apps.shopify.com/solution-2348
2349,Pro Inventory Solution 2349,Inventory,,,Syncs stock levels across multiple warehouses and channels.," 1,344 ",Free plan available,https://apps.shopify.com/solution-2349
2350,Pro Analytics Solution 2350,Analytics,,,Provides data-driven insights into sales and customer cohorts.," 1,344 ",Freemium,https://apps.shopify.com/solution-2350
2351,Pro Legal Solution 2351,Legal,,,Ensures store compliance with privacy and tax regulations.," 1,343 ",Freemium,https://apps.shopify.com/solution-2351
2352,Pro Subscriptions Solution 2352,Subscriptions,,,Manages recurring revenue and customer billing flows.," 1,343 ",from $29/mo,https://apps.shopify.com/solution-2352
2353,Pro Dropshipping Solution 2353,Dropshipping,,,Automates product sourcing and third-party fulfillment.," 1,342 ",from $29/mo,https://apps.shopify.com/solution-2353
2354,Pro SEO Solution 2354,SEO,,,Improves organic search visibility and website performance scores.," 1,342 ",Free plan available,https://apps.shopify.com/solution-2354
2355,Pro Marketing Solution 2355,Marketing,,,Automates customer communication and campaign attribution.," 1,341 ",from $29/mo,https://apps.shopify.com/solution-2355
2356,Pro Sales Solution 2356,Sales,,,Boosts average order value with conversion-focused UI elements.," 1,341 ",from $29/mo,https://apps.shopify.com/solution-2356
2357,Pro Support Solution 2357,Support,,,Centralizes customer queries into a single helpdesk interface.," 1,340 ",from $29/mo,https://apps.shopify.com/solution-2357
2358,Pro Design Solution 2358,Design,,,Enhances store aesthetics with drag-and-drop themes and pages.," 1,340 ",Free,https://apps.shopify.com/solution-2358
2359,Pro Fulfillment Solution 2359,Fulfillment,,,Streamlines shipping workflows and delivery time tracking.," 1,339 ",Free,https://apps.shopify.com/solution-2359
2360,Pro Inventory Solution 2360,Inventory,,,Syncs stock levels across multiple warehouses and channels.," 1,339 ",Free,https://apps.shopify.com/solution-2360
2361,Pro Analytics Solution 2361,Analytics,,,Provides data-driven insights into sales and customer cohorts.," 1,338 ",from $9.99/mo,https://apps.shopify.com/solution-2361
2362,Pro Legal Solution 2362,Legal,,,Ensures store compliance with privacy and tax regulations.," 1,338 ",from $9.99/mo,https://apps.shopify.com/solution-2362
2363,Pro Subscriptions Solution 2363,Subscriptions,,,Manages recurring revenue and customer billing flows.," 1,337 ",from $29/mo,https://apps.shopify.com/solution-2363
2364,Pro Dropshipping Solution 2364,Dropshipping,,,Automates product sourcing and third-party fulfillment.," 1,337 ",Free,https://apps.shopify.com/solution-2364
2365,Pro SEO Solution 2365,SEO,,,Improves organic search visibility and website performance scores.," 1,336 ",from $9.99/mo,https://apps.shopify.com/solution-2365
2366,Pro Marketing Solution 2366,Marketing,,,Automates customer communication and campaign attribution.," 1,336 ",Free plan available,https://apps.shopify.com/solution-2366
2367,Pro Sales Solution 2367,Sales,,,Boosts average order value with conversion-focused UI elements.," 1,335 ",Free,https://apps.shopify.com/solution-2367
2368,Pro Support Solution 2368,Support,,,Centralizes customer queries into a single helpdesk interface.," 1,335 ",Free plan available,https://apps.shopify.com/solution-2368
2369,Pro Design Solution 2369,Design,,,Enhances store aesthetics with drag-and-drop themes and pages.," 1,334 ",Free,https://apps.shopify.com/solution-2369
2370,Pro Fulfillment Solution 2370,Fulfillment,,,Streamlines shipping workflows and delivery time tracking.," 1,334 ",Free,https://apps.shopify.com/solution-2370
2371,Pro Inventory Solution 2371,Inventory,,,Syncs stock levels across multiple warehouses and channels.," 1,333 ",Free plan available,https://apps.shopify.com/solution-2371
2372,Pro Analytics Solution 2372,Analytics,,,Provides data-driven insights into sales and customer cohorts.," 1,333 ",from $9.99/mo,https://apps.shopify.com/solution-2372
2373,Pro Legal Solution 2373,Legal,,,Ensures store compliance with privacy and tax regulations.," 1,332 ",Free plan available,https://apps.shopify.com/solution-2373
2374,Pro Subscriptions Solution 2374,Subscriptions,,,Manages recurring revenue and customer billing flows.," 1,332 ",from $29/mo,https://apps.shopify.com/solution-2374
2375,Pro Dropshipping Solution 2375,Dropshipping,,,Automates product sourcing and third-party fulfillment.," 1,331 ",Free,https://apps.shopify.com/solution-2375
2376,Pro SEO Solution 2376,SEO,,,Improves organic search visibility and website performance scores.," 1,331 ",Freemium,https://apps.shopify.com/solution-2376
2377,Pro Marketing Solution 2377,Marketing,,,Automates customer communication and campaign attribution.," 1,330 ",from $29/mo,https://apps.shopify.com/solution-2377
2378,Pro Sales Solution 2378,Sales,,,Boosts average order value with conversion-focused UI elements.," 1,330 ",Free,https://apps.shopify.com/solution-2378
2379,Pro Support Solution 2379,Support,,,Centralizes customer queries into a single helpdesk interface.," 1,329 ",Freemium,https://apps.shopify.com/solution-2379
2380,Pro Design Solution 2380,Design,,,Enhances store aesthetics with drag-and-drop themes and pages.," 1,329 ",from $29/mo,https://apps.shopify.com/solution-2380
2381,Pro Fulfillment Solution 2381,Fulfillment,,,Streamlines shipping workflows and delivery time tracking.," 1,328 ",from $29/mo,https://apps.shopify.com/solution-2381
2382,Pro Inventory Solution 2382,Inventory,,,Syncs stock levels across multiple warehouses and channels.," 1,328 ",Free,https://apps.shopify.com/solution-2382
2383,Pro Analytics Solution 2383,Analytics,,,Provides data-driven insights into sales and customer cohorts.," 1,328 ",from $29/mo,https://apps.shopify.com/solution-2383
2384,Pro Legal Solution 2384,Legal,,,Ensures store compliance with privacy and tax regulations.," 1,327 ",from $29/mo,https://apps.shopify.com/solution-2384
2385,Pro Subscriptions Solution 2385,Subscriptions,,,Manages recurring revenue and customer billing flows.," 1,327 ",from $9.99/mo,https://apps.shopify.com/solution-2385
2386,Pro Dropshipping Solution 2386,Dropshipping,,,Automates product sourcing and third-party fulfillment.," 1,326 ",Freemium,https://apps.shopify.com/solution-2386
2387,Pro SEO Solution 2387,SEO,,,Improves organic search visibility and website performance scores.," 1,326 ",from $9.99/mo,https://apps.shopify.com/solution-2387
2388,Pro Marketing Solution 2388,Marketing,,,Automates customer communication and campaign attribution.," 1,325 ",from $29/mo,https://apps.shopify.com/solution-2388
2389,Pro Sales Solution 2389,Sales,,,Boosts average order value with conversion-focused UI elements.," 1,325 ",from $9.99/mo,https://apps.shopify.com/solution-2389
2390,Pro Support Solution 2390,Support,,,Centralizes customer queries into a single helpdesk interface.," 1,324 ",Free plan available,https://apps.shopify.com/solution-2390
2391,Pro Design Solution 2391,Design,,,Enhances store aesthetics with drag-and-drop themes and pages.," 1,324 ",from $29/mo,https://apps.shopify.com/solution-2391
2392,Pro Fulfillment Solution 2392,Fulfillment,,,Streamlines shipping workflows and delivery time tracking.," 1,323 ",from $29/mo,https://apps.shopify.com/solution-2392
2393,Pro Inventory Solution 2393,Inventory,,,Syncs stock levels across multiple warehouses and channels.," 1,323 ",from $9.99/mo,https://apps.shopify.com/solution-2393
2394,Pro Analytics Solution 2394,Analytics,,,Provides data-driven insights into sales and customer cohorts.," 1,322 ",from $29/mo,https://apps.shopify.com/solution-2394
2395,Pro Legal Solution 2395,Legal,,,Ensures store compliance with privacy and tax regulations.," 1,322 ",from $9.99/mo,https://apps.shopify.com/solution-2395
2396,Pro Subscriptions Solution 2396,Subscriptions,,,Manages recurring revenue and customer billing flows.," 1,321 ",from $29/mo,https://apps.shopify.com/solution-2396
2397,Pro Dropshipping Solution 2397,Dropshipping,,,Automates product sourcing and third-party fulfillment.," 1,321 ",from $9.99/mo,https://apps.shopify.com/solution-2397
2398,Pro SEO Solution 2398,SEO,,,Improves organic search visibility and website performance scores.," 1,320 ",Free plan available,https://apps.shopify.com/solution-2398
2399,Pro Marketing Solution 2399,Marketing,,,Automates customer communication and campaign attribution.," 1,320 ",Free plan available,https://apps.shopify.com/solution-2399
2400,Pro Sales Solution 2400,Sales,,,Boosts average order value with conversion-focused UI elements.," 1,319 ",Freemium,https://apps.shopify.com/solution-2400
2401,Pro Support Solution 2401,Support,,,Centralizes customer queries into a single helpdesk interface.," 1,319 ",Free,https://apps.shopify.com/solution-2401
2402,Pro Design Solution 2402,Design,,,Enhances store aesthetics with drag-and-drop themes and pages.," 1,318 ",from $9.99/mo,https://apps.shopify.com/solution-2402
2403,Pro Fulfillment Solution 2403,Fulfillment,,,Streamlines shipping workflows and delivery time tracking.," 1,318 ",from $29/mo,https://apps.shopify.com/solution-2403
2404,Pro Inventory Solution 2404,Inventory,,,Syncs stock levels across multiple warehouses and channels.," 1,317 ",Free,https://apps.shopify.com/solution-2404
2405,Pro Analytics Solution 2405,Analytics,,,Provides data-driven insights into sales and customer cohorts.," 1,317 ",Freemium,https://apps.shopify.com/solution-2405
2406,Pro Legal Solution 2406,Legal,,,Ensures store compliance with privacy and tax regulations.," 1,317 ",Free plan available,https://apps.shopify.com/solution-2406
2407,Pro Subscriptions Solution 2407,Subscriptions,,,Manages recurring revenue and customer billing flows.," 1,316 ",from $9.99/mo,https://apps.shopify.com/solution-2407
2408,Pro Dropshipping Solution 2408,Dropshipping,,,Automates product sourcing and third-party fulfillment.," 1,316 ",Free plan available,https://apps.shopify.com/solution-2408
2409,Pro SEO Solution 2409,SEO,,,Improves organic search visibility and website performance scores.," 1,315 ",Free,https://apps.shopify.com/solution-2409
2410,Pro Marketing Solution 2410,Marketing,,,Automates customer communication and campaign attribution.," 1,315 ",Freemium,https://apps.shopify.com/solution-2410
2411,Pro Sales Solution 2411,Sales,,,Boosts average order value with conversion-focused UI elements.," 1,314 ",Free,https://apps.shopify.com/solution-2411
2412,Pro Support Solution 2412,Support,,,Centralizes customer queries into a single helpdesk interface.," 1,314 ",Free plan available,https://apps.shopify.com/solution-2412
2413,Pro Design Solution 2413,Design,,,Enhances store aesthetics with drag-and-drop themes and pages.," 1,313 ",Free plan available,https://apps.shopify.com/solution-2413
2414,Pro Fulfillment Solution 2414,Fulfillment,,,Streamlines shipping workflows and delivery time tracking.," 1,313 ",Free,https://apps.shopify.com/solution-2414
2415,Pro Inventory Solution 2415,Inventory,,,Syncs stock levels across multiple warehouses and channels.," 1,312 ",from $29/mo,https://apps.shopify.com/solution-2415
2416,Pro Analytics Solution 2416,Analytics,,,Provides data-driven insights into sales and customer cohorts.," 1,312 ",Free,https://apps.shopify.com/solution-2416
2417,Pro Legal Solution 2417,Legal,,,Ensures store compliance with privacy and tax regulations.," 1,311 ",Freemium,https://apps.shopify.com/solution-2417
2418,Pro Subscriptions Solution 2418,Subscriptions,,,Manages recurring revenue and customer billing flows.," 1,311 ",from $29/mo,https://apps.shopify.com/solution-2418
2419,Pro Dropshipping Solution 2419,Dropshipping,,,Automates product sourcing and third-party fulfillment.," 1,310 ",from $29/mo,https://apps.shopify.com/solution-2419
2420,Pro SEO Solution 2420,SEO,,,Improves organic search visibility and website performance scores.," 1,310 ",from $9.99/mo,https://apps.shopify.com/solution-2420
2421,Pro Marketing Solution 2421,Marketing,,,Automates customer communication and campaign attribution.," 1,309 ",Free,https://apps.shopify.com/solution-2421
2422,Pro Sales Solution 2422,Sales,,,Boosts average order value with conversion-focused UI elements.," 1,309 ",Freemium,https://apps.shopify.com/solution-2422
2423,Pro Support Solution 2423,Support,,,Centralizes customer queries into a single helpdesk interface.," 1,309 ",Free plan available,https://apps.shopify.com/solution-2423
2424,Pro Design Solution 2424,Design,,,Enhances store aesthetics with drag-and-drop themes and pages.," 1,308 ",from $29/mo,https://apps.shopify.com/solution-2424
2425,Pro Fulfillment Solution 2425,Fulfillment,,,Streamlines shipping workflows and delivery time tracking.," 1,308 ",from $9.99/mo,https://apps.shopify.com/solution-2425
2426,Pro Inventory Solution 2426,Inventory,,,Syncs stock levels across multiple warehouses and channels.," 1,307 ",Freemium,https://apps.shopify.com/solution-2426
2427,Pro Analytics Solution 2427,Analytics,,,Provides data-driven insights into sales and customer cohorts.," 1,307 ",Free,https://apps.shopify.com/solution-2427
2428,Pro Legal Solution 2428,Legal,,,Ensures store compliance with privacy and tax regulations.," 1,306 ",Free,https://apps.shopify.com/solution-2428
2429,Pro Subscriptions Solution 2429,Subscriptions,,,Manages recurring revenue and customer billing flows.," 1,306 ",from $9.99/mo,https://apps.shopify.com/solution-2429
2430,Pro Dropshipping Solution 2430,Dropshipping,,,Automates product sourcing and third-party fulfillment.," 1,305 ",from $29/mo,https://apps.shopify.com/solution-2430
2431,Pro SEO Solution 2431,SEO,,,Improves organic search visibility and website performance scores.," 1,305 ",from $9.99/mo,https://apps.shopify.com/solution-2431
2432,Pro Marketing Solution 2432,Marketing,,,Automates customer communication and campaign attribution.," 1,304 ",Freemium,https://apps.shopify.com/solution-2432
2433,Pro Sales Solution 2433,Sales,,,Boosts average order value with conversion-focused UI elements.," 1,304 ",Free plan available,https://apps.shopify.com/solution-2433
2434,Pro Support Solution 2434,Support,,,Centralizes customer queries into a single helpdesk interface.," 1,303 ",Free,https://apps.shopify.com/solution-2434
2435,Pro Design Solution 2435,Design,,,Enhances store aesthetics with drag-and-drop themes and pages.," 1,303 ",from $9.99/mo,https://apps.shopify.com/solution-2435
2436,Pro Fulfillment Solution 2436,Fulfillment,,,Streamlines shipping workflows and delivery time tracking.," 1,303 ",Freemium,https://apps.shopify.com/solution-2436
2437,Pro Inventory Solution 2437,Inventory,,,Syncs stock levels across multiple warehouses and channels.," 1,302 ",from $9.99/mo,https://apps.shopify.com/solution-2437
2438,Pro Analytics Solution 2438,Analytics,,,Provides data-driven insights into sales and customer cohorts.," 1,302 ",from $9.99/mo,https://apps.shopify.com/solution-2438
2439,Pro Legal Solution 2439,Legal,,,Ensures store compliance with privacy and tax regulations.," 1,301 ",Free,https://apps.shopify.com/solution-2439
2440,Pro Subscriptions Solution 2440,Subscriptions,,,Manages recurring revenue and customer billing flows.," 1,301 ",Free,https://apps.shopify.com/solution-2440
2441,Pro Dropshipping Solution 2441,Dropshipping,,,Automates product sourcing and third-party fulfillment.," 1,300 ",Free,https://apps.shopify.com/solution-2441
2442,Pro SEO Solution 2442,SEO,,,Improves organic search visibility and website performance scores.," 1,300 ",Free,https://apps.shopify.com/solution-2442
2443,Pro Marketing Solution 2443,Marketing,,,Automates customer communication and campaign attribution.," 1,299 ",Free,https://apps.shopify.com/solution-2443
2444,Pro Sales Solution 2444,Sales,,,Boosts average order value with conversion-focused UI elements.," 1,299 ",from $29/mo,https://apps.shopify.com/solution-2444
2445,Pro Support Solution 2445,Support,,,Centralizes customer queries into a single helpdesk interface.," 1,298 ",from $9.99/mo,https://apps.shopify.com/solution-2445
2446,Pro Design Solution 2446,Design,,,Enhances store aesthetics with drag-and-drop themes and pages.," 1,298 ",Free,https://apps.shopify.com/solution-2446
2447,Pro Fulfillment Solution 2447,Fulfillment,,,Streamlines shipping workflows and delivery time tracking.," 1,297 ",from $29/mo,https://apps.shopify.com/solution-2447
2448,Pro Inventory Solution 2448,Inventory,,,Syncs stock levels across multiple warehouses and channels.," 1,297 ",from $9.99/mo,https://apps.shopify.com/solution-2448
2449,Pro Analytics Solution 2449,Analytics,,,Provides data-driven insights into sales and customer cohorts.," 1,297 ",Free plan available,https://apps.shopify.com/solution-2449
2450,Pro Legal Solution 2450,Legal,,,Ensures store compliance with privacy and tax regulations.," 1,296 ",Free,https://apps.shopify.com/solution-2450
2451,Pro Subscriptions Solution 2451,Subscriptions,,,Manages recurring revenue and customer billing flows.," 1,296 ",Free,https://apps.shopify.com/solution-2451
2452,Pro Dropshipping Solution 2452,Dropshipping,,,Automates product sourcing and third-party fulfillment.," 1,295 ",Freemium,https://apps.shopify.com/solution-2452
2453,Pro SEO Solution 2453,SEO,,,Improves organic search visibility and website performance scores.," 1,295 ",from $9.99/mo,https://apps.shopify.com/solution-2453
2454,Pro Marketing Solution 2454,Marketing,,,Automates customer communication and campaign attribution.," 1,294 ",Free,https://apps.shopify.com/solution-2454
2455,Pro Sales Solution 2455,Sales,,,Boosts average order value with conversion-focused UI elements.," 1,294 ",from $29/mo,https://apps.shopify.com/solution-2455
2456,Pro Support Solution 2456,Support,,,Centralizes customer queries into a single helpdesk interface.," 1,293 ",Free,https://apps.shopify.com/solution-2456
2457,Pro Design Solution 2457,Design,,,Enhances store aesthetics with drag-and-drop themes and pages.," 1,293 ",Free plan available,https://apps.shopify.com/solution-2457
2458,Pro Fulfillment Solution 2458,Fulfillment,,,Streamlines shipping workflows and delivery time tracking.," 1,292 ",Free plan available,https://apps.shopify.com/solution-2458
2459,Pro Inventory Solution 2459,Inventory,,,Syncs stock levels across multiple warehouses and channels.," 1,292 ",Free plan available,https://apps.shopify.com/solution-2459
2460,Pro Analytics Solution 2460,Analytics,,,Provides data-driven insights into sales and customer cohorts.," 1,292 ",Free plan available,https://apps.shopify.com/solution-2460
2461,Pro Legal Solution 2461,Legal,,,Ensures store compliance with privacy and tax regulations.," 1,291 ",Free,https://apps.shopify.com/solution-2461
2462,Pro Subscriptions Solution 2462,Subscriptions,,,Manages recurring revenue and customer billing flows.," 1,291 ",from $9.99/mo,https://apps.shopify.com/solution-2462
2463,Pro Dropshipping Solution 2463,Dropshipping,,,Automates product sourcing and third-party fulfillment.," 1,290 ",Free,https://apps.shopify.com/solution-2463
2464,Pro SEO Solution 2464,SEO,,,Improves organic search visibility and website performance scores.," 1,290 ",from $29/mo,https://apps.shopify.com/solution-2464
2465,Pro Marketing Solution 2465,Marketing,,,Automates customer communication and campaign attribution.," 1,289 ",Freemium,https://apps.shopify.com/solution-2465
2466,Pro Sales Solution 2466,Sales,,,Boosts average order value with conversion-focused UI elements.," 1,289 ",Free,https://apps.shopify.com/solution-2466
2467,Pro Support Solution 2467,Support,,,Centralizes customer queries into a single helpdesk interface.," 1,288 ",Freemium,https://apps.shopify.com/solution-2467
2468,Pro Design Solution 2468,Design,,,Enhances store aesthetics with drag-and-drop themes and pages.," 1,288 ",from $29/mo,https://apps.shopify.com/solution-2468
2469,Pro Fulfillment Solution 2469,Fulfillment,,,Streamlines shipping workflows and delivery time tracking.," 1,287 ",from $29/mo,https://apps.shopify.com/solution-2469
2470,Pro Inventory Solution 2470,Inventory,,,Syncs stock levels across multiple warehouses and channels.," 1,287 ",Free,https://apps.shopify.com/solution-2470
2471,Pro Analytics Solution 2471,Analytics,,,Provides data-driven insights into sales and customer cohorts.," 1,287 ",Free,https://apps.shopify.com/solution-2471
2472,Pro Legal Solution 2472,Legal,,,Ensures store compliance with privacy and tax regulations.," 1,286 ",Free plan available,https://apps.shopify.com/solution-2472
2473,Pro Subscriptions Solution 2473,Subscriptions,,,Manages recurring revenue and customer billing flows.," 1,286 ",from $9.99/mo,https://apps.shopify.com/solution-2473
2474,Pro Dropshipping Solution 2474,Dropshipping,,,Automates product sourcing and third-party fulfillment.," 1,285 ",Free,https://apps.shopify.com/solution-2474
2475,Pro SEO Solution 2475,SEO,,,Improves organic search visibility and website performance scores.," 1,285 ",Free plan available,https://apps.shopify.com/solution-2475
2476,Pro Marketing Solution 2476,Marketing,,,Automates customer communication and campaign attribution.," 1,284 ",Free plan available,https://apps.shopify.com/solution-2476
2477,Pro Sales Solution 2477,Sales,,,Boosts average order value with conversion-focused UI elements.," 1,284 ",Freemium,https://apps.shopify.com/solution-2477
2478,Pro Support Solution 2478,Support,,,Centralizes customer queries into a single helpdesk interface.," 1,283 ",from $29/mo,https://apps.shopify.com/solution-2478
2479,Pro Design Solution 2479,Design,,,Enhances store aesthetics with drag-and-drop themes and pages.," 1,283 ",from $29/mo,https://apps.shopify.com/solution-2479
2480,Pro Fulfillment Solution 2480,Fulfillment,,,Streamlines shipping workflows and delivery time tracking.," 1,283 ",Freemium,https://apps.shopify.com/solution-2480
2481,Pro Inventory Solution 2481,Inventory,,,Syncs stock levels across multiple warehouses and channels.," 1,282 ",Free plan available,https://apps.shopify.com/solution-2481
2482,Pro Analytics Solution 2482,Analytics,,,Provides data-driven insights into sales and customer cohorts.," 1,282 ",Free plan available,https://apps.shopify.com/solution-2482
2483,Pro Legal Solution 2483,Legal,,,Ensures store compliance with privacy and tax regulations.," 1,281 ",Freemium,https://apps.shopify.com/solution-2483
2484,Pro Subscriptions Solution 2484,Subscriptions,,,Manages recurring revenue and customer billing flows.," 1,281 ",Free plan available,https://apps.shopify.com/solution-2484
2485,Pro Dropshipping Solution 2485,Dropshipping,,,Automates product sourcing and third-party fulfillment.," 1,280 ",from $9.99/mo,https://apps.shopify.com/solution-2485
2486,Pro SEO Solution 2486,SEO,,,Improves organic search visibility and website performance scores.," 1,280 ",Freemium,https://apps.shopify.com/solution-2486
2487,Pro Marketing Solution 2487,Marketing,,,Automates customer communication and campaign attribution.," 1,279 ",from $29/mo,https://apps.shopify.com/solution-2487
2488,Pro Sales Solution 2488,Sales,,,Boosts average order value with conversion-focused UI elements.," 1,279 ",from $29/mo,https://apps.shopify.com/solution-2488
2489,Pro Support Solution 2489,Support,,,Centralizes customer queries into a single helpdesk interface.," 1,278 ",from $29/mo,https://apps.shopify.com/solution-2489
2490,Pro Design Solution 2490,Design,,,Enhances store aesthetics with drag-and-drop themes and pages.," 1,278 ",from $29/mo,https://apps.shopify.com/solution-2490
2491,Pro Fulfillment Solution 2491,Fulfillment,,,Streamlines shipping workflows and delivery time tracking.," 1,278 ",Freemium,https://apps.shopify.com/solution-2491
2492,Pro Inventory Solution 2492,Inventory,,,Syncs stock levels across multiple warehouses and channels.," 1,277 ",Free,https://apps.shopify.com/solution-2492
2493,Pro Analytics Solution 2493,Analytics,,,Provides data-driven insights into sales and customer cohorts.," 1,277 ",from $9.99/mo,https://apps.shopify.com/solution-2493
2494,Pro Legal Solution 2494,Legal,,,Ensures store compliance with privacy and tax regulations.," 1,276 ",from $29/mo,https://apps.shopify.com/solution-2494
2495,Pro Subscriptions Solution 2495,Subscriptions,,,Manages recurring revenue and customer billing flows.," 1,276 ",Free plan available,https://apps.shopify.com/solution-2495
2496,Pro Dropshipping Solution 2496,Dropshipping,,,Automates product sourcing and third-party fulfillment.," 1,275 ",from $9.99/mo,https://apps.shopify.com/solution-2496
2497,Pro SEO Solution 2497,SEO,,,Improves organic search visibility and website performance scores.," 1,275 ",Free plan available,https://apps.shopify.com/solution-2497
2498,Pro Marketing Solution 2498,Marketing,,,Automates customer communication and campaign attribution.," 1,275 ",Freemium,https://apps.shopify.com/solution-2498
2499,Pro Sales Solution 2499,Sales,,,Boosts average order value with conversion-focused UI elements.," 1,274 ",from $29/mo,https://apps.shopify.com/solution-2499
2500,Pro Support Solution 2500,Support,,,Centralizes customer queries into a single helpdesk interface.," 1,274 ",Freemium,https://apps.shopify.com/solution-2500
2501,Pro Design Solution 2501,Design,,,Enhances store aesthetics with drag-and-drop themes and pages.," 1,273 ",Free,https://apps.shopify.com/solution-2501
2502,Pro Fulfillment Solution 2502,Fulfillment,,,Streamlines shipping workflows and delivery time tracking.," 1,273 ",Free,https://apps.shopify.com/solution-2502
2503,Pro Inventory Solution 2503,Inventory,,,Syncs stock levels across multiple warehouses and channels.," 1,272 ",Free,https://apps.shopify.com/solution-2503
2504,Pro Analytics Solution 2504,Analytics,,,Provides data-driven insights into sales and customer cohorts.," 1,272 ",Free,https://apps.shopify.com/solution-2504
2505,Pro Legal Solution 2505,Legal,,,Ensures store compliance with privacy and tax regulations.," 1,271 ",Free plan available,https://apps.shopify.com/solution-2505
2506,Pro Subscriptions Solution 2506,Subscriptions,,,Manages recurring revenue and customer billing flows.," 1,271 ",Free plan available,https://apps.shopify.com/solution-2506
2507,Pro Dropshipping Solution 2507,Dropshipping,,,Automates product sourcing and third-party fulfillment.," 1,271 ",from $29/mo,https://apps.shopify.com/solution-2507
2508,Pro SEO Solution 2508,SEO,,,Improves organic search visibility and website performance scores.," 1,270 ",Freemium,https://apps.shopify.com/solution-2508
2509,Pro Marketing Solution 2509,Marketing,,,Automates customer communication and campaign attribution.," 1,270 ",from $9.99/mo,https://apps.shopify.com/solution-2509
2510,Pro Sales Solution 2510,Sales,,,Boosts average order value with conversion-focused UI elements.," 1,269 ",from $29/mo,https://apps.shopify.com/solution-2510
2511,Pro Support Solution 2511,Support,,,Centralizes customer queries into a single helpdesk interface.," 1,269 ",Freemium,https://apps.shopify.com/solution-2511
2512,Pro Design Solution 2512,Design,,,Enhances store aesthetics with drag-and-drop themes and pages.," 1,268 ",Freemium,https://apps.shopify.com/solution-2512
2513,Pro Fulfillment Solution 2513,Fulfillment,,,Streamlines shipping workflows and delivery time tracking.," 1,268 ",Freemium,https://apps.shopify.com/solution-2513
2514,Pro Inventory Solution 2514,Inventory,,,Syncs stock levels across multiple warehouses and channels.," 1,268 ",Free,https://apps.shopify.com/solution-2514
2515,Pro Analytics Solution 2515,Analytics,,,Provides data-driven insights into sales and customer cohorts.," 1,267 ",Freemium,https://apps.shopify.com/solution-2515
2516,Pro Legal Solution 2516,Legal,,,Ensures store compliance with privacy and tax regulations.," 1,267 ",from $29/mo,https://apps.shopify.com/solution-2516
2517,Pro Subscriptions Solution 2517,Subscriptions,,,Manages recurring revenue and customer billing flows.," 1,266 ",Free plan available,https://apps.shopify.com/solution-2517
2518,Pro Dropshipping Solution 2518,Dropshipping,,,Automates product sourcing and third-party fulfillment.," 1,266 ",Free,https://apps.shopify.com/solution-2518
2519,Pro SEO Solution 2519,SEO,,,Improves organic search visibility and website performance scores.," 1,265 ",Free,https://apps.shopify.com/solution-2519
2520,Pro Marketing Solution 2520,Marketing,,,Automates customer communication and campaign attribution.," 1,265 ",Free,https://apps.shopify.com/solution-2520
2521,Pro Sales Solution 2521,Sales,,,Boosts average order value with conversion-focused UI elements.," 1,264 ",from $29/mo,https://apps.shopify.com/solution-2521
2522,Pro Support Solution 2522,Support,,,Centralizes customer queries into a single helpdesk interface.," 1,264 ",Free plan available,https://apps.shopify.com/solution-2522
2523,Pro Design Solution 2523,Design,,,Enhances store aesthetics with drag-and-drop themes and pages.," 1,264 ",from $9.99/mo,https://apps.shopify.com/solution-2523
2524,Pro Fulfillment Solution 2524,Fulfillment,,,Streamlines shipping workflows and delivery time tracking.," 1,263 ",Free,https://apps.shopify.com/solution-2524
2525,Pro Inventory Solution 2525,Inventory,,,Syncs stock levels across multiple warehouses and channels.," 1,263 ",from $29/mo,https://apps.shopify.com/solution-2525
2526,Pro Analytics Solution 2526,Analytics,,,Provides data-driven insights into sales and customer cohorts.," 1,262 ",from $29/mo,https://apps.shopify.com/solution-2526
2527,Pro Legal Solution 2527,Legal,,,Ensures store compliance with privacy and tax regulations.," 1,262 ",Free,https://apps.shopify.com/solution-2527
2528,Pro Subscriptions Solution 2528,Subscriptions,,,Manages recurring revenue and customer billing flows.," 1,261 ",from $29/mo,https://apps.shopify.com/solution-2528
2529,Pro Dropshipping Solution 2529,Dropshipping,,,Automates product sourcing and third-party fulfillment.," 1,261 ",Free,https://apps.shopify.com/solution-2529
2530,Pro SEO Solution 2530,SEO,,,Improves organic search visibility and website performance scores.," 1,261 ",Free,https://apps.shopify.com/solution-2530
2531,Pro Marketing Solution 2531,Marketing,,,Automates customer communication and campaign attribution.," 1,260 ",Freemium,https://apps.shopify.com/solution-2531
2532,Pro Sales Solution 2532,Sales,,,Boosts average order value with conversion-focused UI elements.," 1,260 ",from $9.99/mo,https://apps.shopify.com/solution-2532
2533,Pro Support Solution 2533,Support,,,Centralizes customer queries into a single helpdesk interface.," 1,259 ",from $9.99/mo,https://apps.shopify.com/solution-2533
2534,Pro Design Solution 2534,Design,,,Enhances store aesthetics with drag-and-drop themes and pages.," 1,259 ",from $29/mo,https://apps.shopify.com/solution-2534
2535,Pro Fulfillment Solution 2535,Fulfillment,,,Streamlines shipping workflows and delivery time tracking.," 1,258 ",Free,https://apps.shopify.com/solution-2535
2536,Pro Inventory Solution 2536,Inventory,,,Syncs stock levels across multiple warehouses and channels.," 1,258 ",Freemium,https://apps.shopify.com/solution-2536
2537,Pro Analytics Solution 2537,Analytics,,,Provides data-driven insights into sales and customer cohorts.," 1,258 ",from $9.99/mo,https://apps.shopify.com/solution-2537
2538,Pro Legal Solution 2538,Legal,,,Ensures store compliance with privacy and tax regulations.," 1,257 ",from $29/mo,https://apps.shopify.com/solution-2538
2539,Pro Subscriptions Solution 2539,Subscriptions,,,Manages recurring revenue and customer billing flows.," 1,257 ",Freemium,https://apps.shopify.com/solution-2539
2540,Pro Dropshipping Solution 2540,Dropshipping,,,Automates product sourcing and third-party fulfillment.," 1,256 ",Freemium,https://apps.shopify.com/solution-2540
2541,Pro SEO Solution 2541,SEO,,,Improves organic search visibility and website performance scores.," 1,256 ",from $29/mo,https://apps.shopify.com/solution-2541
2542,Pro Marketing Solution 2542,Marketing,,,Automates customer communication and campaign attribution.," 1,255 ",Freemium,https://apps.shopify.com/solution-2542
2543,Pro Sales Solution 2543,Sales,,,Boosts average order value with conversion-focused UI elements.," 1,255 ",from $29/mo,https://apps.shopify.com/solution-2543
2544,Pro Support Solution 2544,Support,,,Centralizes customer queries into a single helpdesk interface.," 1,255 ",from $9.99/mo,https://apps.shopify.com/solution-2544
2545,Pro Design Solution 2545,Design,,,Enhances store aesthetics with drag-and-drop themes and pages.," 1,254 ",Free,https://apps.shopify.com/solution-2545
2546,Pro Fulfillment Solution 2546,Fulfillment,,,Streamlines shipping workflows and delivery time tracking.," 1,254 ",Free plan available,https://apps.shopify.com/solution-2546
2547,Pro Inventory Solution 2547,Inventory,,,Syncs stock levels across multiple warehouses and channels.," 1,253 ",from $9.99/mo,https://apps.shopify.com/solution-2547
2548,Pro Analytics Solution 2548,Analytics,,,Provides data-driven insights into sales and customer cohorts.," 1,253 ",from $9.99/mo,https://apps.shopify.com/solution-2548
2549,Pro Legal Solution 2549,Legal,,,Ensures store compliance with privacy and tax regulations.," 1,252 ",from $9.99/mo,https://apps.shopify.com/solution-2549
2550,Pro Subscriptions Solution 2550,Subscriptions,,,Manages recurring revenue and customer billing flows.," 1,252 ",Free,https://apps.shopify.com/solution-2550
2551,Pro Dropshipping Solution 2551,Dropshipping,,,Automates product sourcing and third-party fulfillment.," 1,252 ",Free,https://apps.shopify.com/solution-2551
2552,Pro SEO Solution 2552,SEO,,,Improves organic search visibility and website performance scores.," 1,251 ",Freemium,https://apps.shopify.com/solution-2552
2553,Pro Marketing Solution 2553,Marketing,,,Automates customer communication and campaign attribution.," 1,251 ",from $9.99/mo,https://apps.shopify.com/solution-2553
2554,Pro Sales Solution 2554,Sales,,,Boosts average order value with conversion-focused UI elements.," 1,250 ",Free,https://apps.shopify.com/solution-2554
2555,Pro Support Solution 2555,Support,,,Centralizes customer queries into a single helpdesk interface.," 1,250 ",Free plan available,https://apps.shopify.com/solution-2555
2556,Pro Design Solution 2556,Design,,,Enhances store aesthetics with drag-and-drop themes and pages.," 1,249 ",Freemium,https://apps.shopify.com/solution-2556
2557,Pro Fulfillment Solution 2557,Fulfillment,,,Streamlines shipping workflows and delivery time tracking.," 1,249 ",from $29/mo,https://apps.shopify.com/solution-2557
2558,Pro Inventory Solution 2558,Inventory,,,Syncs stock levels across multiple warehouses and channels.," 1,249 ",Free,https://apps.shopify.com/solution-2558
2559,Pro Analytics Solution 2559,Analytics,,,Provides data-driven insights into sales and customer cohorts.," 1,248 ",from $9.99/mo,https://apps.shopify.com/solution-2559
2560,Pro Legal Solution 2560,Legal,,,Ensures store compliance with privacy and tax regulations.," 1,248 ",from $9.99/mo,https://apps.shopify.com/solution-2560
2561,Pro Subscriptions Solution 2561,Subscriptions,,,Manages recurring revenue and customer billing flows.," 1,247 ",Freemium,https://apps.shopify.com/solution-2561
2562,Pro Dropshipping Solution 2562,Dropshipping,,,Automates product sourcing and third-party fulfillment.," 1,247 ",Free plan available,https://apps.shopify.com/solution-2562
2563,Pro SEO Solution 2563,SEO,,,Improves organic search visibility and website performance scores.," 1,247 ",from $9.99/mo,https://apps.shopify.com/solution-2563
2564,Pro Marketing Solution 2564,Marketing,,,Automates customer communication and campaign attribution.," 1,246 ",Freemium,https://apps.shopify.com/solution-2564
2565,Pro Sales Solution 2565,Sales,,,Boosts average order value with conversion-focused UI elements.," 1,246 ",Freemium,https://apps.shopify.com/solution-2565
2566,Pro Support Solution 2566,Support,,,Centralizes customer queries into a single helpdesk interface.," 1,245 ",Free,https://apps.shopify.com/solution-2566
2567,Pro Design Solution 2567,Design,,,Enhances store aesthetics with drag-and-drop themes and pages.," 1,245 ",from $29/mo,https://apps.shopify.com/solution-2567
2568,Pro Fulfillment Solution 2568,Fulfillment,,,Streamlines shipping workflows and delivery time tracking.," 1,244 ",Free plan available,https://apps.shopify.com/solution-2568
2569,Pro Inventory Solution 2569,Inventory,,,Syncs stock levels across multiple warehouses and channels.," 1,244 ",Free,https://apps.shopify.com/solution-2569
2570,Pro Analytics Solution 2570,Analytics,,,Provides data-driven insights into sales and customer cohorts.," 1,244 ",from $9.99/mo,https://apps.shopify.com/solution-2570
2571,Pro Legal Solution 2571,Legal,,,Ensures store compliance with privacy and tax regulations.," 1,243 ",Free plan available,https://apps.shopify.com/solution-2571
2572,Pro Subscriptions Solution 2572,Subscriptions,,,Manages recurring revenue and customer billing flows.," 1,243 ",Free,https://apps.shopify.com/solution-2572
2573,Pro Dropshipping Solution 2573,Dropshipping,,,Automates product sourcing and third-party fulfillment.," 1,242 ",from $9.99/mo,https://apps.shopify.com/solution-2573
2574,Pro SEO Solution 2574,SEO,,,Improves organic search visibility and website performance scores.," 1,242 ",Free,https://apps.shopify.com/solution-2574
2575,Pro Marketing Solution 2575,Marketing,,,Automates customer communication and campaign attribution.," 1,242 ",from $9.99/mo,https://apps.shopify.com/solution-2575
2576,Pro Sales Solution 2576,Sales,,,Boosts average order value with conversion-focused UI elements.," 1,241 ",Free,https://apps.shopify.com/solution-2576
2577,Pro Support Solution 2577,Support,,,Centralizes customer queries into a single helpdesk interface.," 1,241 ",Freemium,https://apps.shopify.com/solution-2577
2578,Pro Design Solution 2578,Design,,,Enhances store aesthetics with drag-and-drop themes and pages.," 1,240 ",Free,https://apps.shopify.com/solution-2578
2579,Pro Fulfillment Solution 2579,Fulfillment,,,Streamlines shipping workflows and delivery time tracking.," 1,240 ",Free plan available,https://apps.shopify.com/solution-2579
2580,Pro Inventory Solution 2580,Inventory,,,Syncs stock levels across multiple warehouses and channels.," 1,239 ",Free,https://apps.shopify.com/solution-2580
2581,Pro Analytics Solution 2581,Analytics,,,Provides data-driven insights into sales and customer cohorts.," 1,239 ",from $9.99/mo,https://apps.shopify.com/solution-2581
2582,Pro Legal Solution 2582,Legal,,,Ensures store compliance with privacy and tax regulations.," 1,239 ",Freemium,https://apps.shopify.com/solution-2582
2583,Pro Subscriptions Solution 2583,Subscriptions,,,Manages recurring revenue and customer billing flows.," 1,238 ",from $9.99/mo,https://apps.shopify.com/solution-2583
2584,Pro Dropshipping Solution 2584,Dropshipping,,,Automates product sourcing and third-party fulfillment.," 1,238 ",from $9.99/mo,https://apps.shopify.com/solution-2584
2585,Pro SEO Solution 2585,SEO,,,Improves organic search visibility and website performance scores.," 1,237 ",Free,https://apps.shopify.com/solution-2585
2586,Pro Marketing Solution 2586,Marketing,,,Automates customer communication and campaign attribution.," 1,237 ",Free,https://apps.shopify.com/solution-2586
2587,Pro Sales Solution 2587,Sales,,,Boosts average order value with conversion-focused UI elements.," 1,237 ",from $9.99/mo,https://apps.shopify.com/solution-2587
2588,Pro Support Solution 2588,Support,,,Centralizes customer queries into a single helpdesk interface.," 1,236 ",from $9.99/mo,https://apps.shopify.com/solution-2588
2589,Pro Design Solution 2589,Design,,,Enhances store aesthetics with drag-and-drop themes and pages.," 1,236 ",Freemium,https://apps.shopify.com/solution-2589
2590,Pro Fulfillment Solution 2590,Fulfillment,,,Streamlines shipping workflows and delivery time tracking.," 1,235 ",Free,https://apps.shopify.com/solution-2590
2591,Pro Inventory Solution 2591,Inventory,,,Syncs stock levels across multiple warehouses and channels.," 1,235 ",Free,https://apps.shopify.com/solution-2591
2592,Pro Analytics Solution 2592,Analytics,,,Provides data-driven insights into sales and customer cohorts.," 1,234 ",from $9.99/mo,https://apps.shopify.com/solution-2592
2593,Pro Legal Solution 2593,Legal,,,Ensures store compliance with privacy and tax regulations.," 1,234 ",from $29/mo,https://apps.shopify.com/solution-2593
2594,Pro Subscriptions Solution 2594,Subscriptions,,,Manages recurring revenue and customer billing flows.," 1,234 ",from $9.99/mo,https://apps.shopify.com/solution-2594
2595,Pro Dropshipping Solution 2595,Dropshipping,,,Automates product sourcing and third-party fulfillment.," 1,233 ",Free plan available,https://apps.shopify.com/solution-2595
2596,Pro SEO Solution 2596,SEO,,,Improves organic search visibility and website performance scores.," 1,233 ",Freemium,https://apps.shopify.com/solution-2596
2597,Pro Marketing Solution 2597,Marketing,,,Automates customer communication and campaign attribution.," 1,232 ",from $9.99/mo,https://apps.shopify.com/solution-2597
2598,Pro Sales Solution 2598,Sales,,,Boosts average order value with conversion-focused UI elements.," 1,232 ",from $9.99/mo,https://apps.shopify.com/solution-2598
2599,Pro Support Solution 2599,Support,,,Centralizes customer queries into a single helpdesk interface.," 1,232 ",from $9.99/mo,https://apps.shopify.com/solution-2599
2600,Pro Design Solution 2600,Design,,,Enhances store aesthetics with drag-and-drop themes and pages.," 1,231 ",Free plan available,https://apps.shopify.com/solution-2600
2601,Pro Fulfillment Solution 2601,Fulfillment,,,Streamlines shipping workflows and delivery time tracking.," 1,231 ",Free,https://apps.shopify.com/solution-2601
2602,Pro Inventory Solution 2602,Inventory,,,Syncs stock levels across multiple warehouses and channels.," 1,230 ",Freemium,https://apps.shopify.com/solution-2602
2603,Pro Analytics Solution 2603,Analytics,,,Provides data-driven insights into sales and customer cohorts.," 1,230 ",Freemium,https://apps.shopify.com/solution-2603
2604,Pro Legal Solution 2604,Legal,,,Ensures store compliance with privacy and tax regulations.," 1,230 ",from $29/mo,https://apps.shopify.com/solution-2604
2605,Pro Subscriptions Solution 2605,Subscriptions,,,Manages recurring revenue and customer billing flows.," 1,229 ",Free,https://apps.shopify.com/solution-2605
2606,Pro Dropshipping Solution 2606,Dropshipping,,,Automates product sourcing and third-party fulfillment.," 1,229 ",from $9.99/mo,https://apps.shopify.com/solution-2606
2607,Pro SEO Solution 2607,SEO,,,Improves organic search visibility and website performance scores.," 1,228 ",Free,https://apps.shopify.com/solution-2607
2608,Pro Marketing Solution 2608,Marketing,,,Automates customer communication and campaign attribution.," 1,228 ",from $9.99/mo,https://apps.shopify.com/solution-2608
2609,Pro Sales Solution 2609,Sales,,,Boosts average order value with conversion-focused UI elements.," 1,228 ",from $9.99/mo,https://apps.shopify.com/solution-2609
2610,Pro Support Solution 2610,Support,,,Centralizes customer queries into a single helpdesk interface.," 1,227 ",Free plan available,https://apps.shopify.com/solution-2610
2611,Pro Design Solution 2611,Design,,,Enhances store aesthetics with drag-and-drop themes and pages.," 1,227 ",Freemium,https://apps.shopify.com/solution-2611
2612,Pro Fulfillment Solution 2612,Fulfillment,,,Streamlines shipping workflows and delivery time tracking.," 1,226 ",from $29/mo,https://apps.shopify.com/solution-2612
2613,Pro Inventory Solution 2613,Inventory,,,Syncs stock levels across multiple warehouses and channels.," 1,226 ",from $29/mo,https://apps.shopify.com/solution-2613
2614,Pro Analytics Solution 2614,Analytics,,,Provides data-driven insights into sales and customer cohorts.," 1,225 ",Free,https://apps.shopify.com/solution-2614
2615,Pro Legal Solution 2615,Legal,,,Ensures store compliance with privacy and tax regulations.," 1,225 ",Freemium,https://apps.shopify.com/solution-2615
2616,Pro Subscriptions Solution 2616,Subscriptions,,,Manages recurring revenue and customer billing flows.," 1,225 ",Freemium,https://apps.shopify.com/solution-2616
2617,Pro Dropshipping Solution 2617,Dropshipping,,,Automates product sourcing and third-party fulfillment.," 1,224 ",Free plan available,https://apps.shopify.com/solution-2617
2618,Pro SEO Solution 2618,SEO,,,Improves organic search visibility and website performance scores.," 1,224 ",from $29/mo,https://apps.shopify.com/solution-2618
2619,Pro Marketing Solution 2619,Marketing,,,Automates customer communication and campaign attribution.," 1,223 ",Free plan available,https://apps.shopify.com/solution-2619
2620,Pro Sales Solution 2620,Sales,,,Boosts average order value with conversion-focused UI elements.," 1,223 ",from $9.99/mo,https://apps.shopify.com/solution-2620
2621,Pro Support Solution 2621,Support,,,Centralizes customer queries into a single helpdesk interface.," 1,223 ",from $9.99/mo,https://apps.shopify.com/solution-2621
2622,Pro Design Solution 2622,Design,,,Enhances store aesthetics with drag-and-drop themes and pages.," 1,222 ",Free plan available,https://apps.shopify.com/solution-2622
2623,Pro Fulfillment Solution 2623,Fulfillment,,,Streamlines shipping workflows and delivery time tracking.," 1,222 ",Freemium,https://apps.shopify.com/solution-2623
2624,Pro Inventory Solution 2624,Inventory,,,Syncs stock levels across multiple warehouses and channels.," 1,221 ",from $29/mo,https://apps.shopify.com/solution-2624
2625,Pro Analytics Solution 2625,Analytics,,,Provides data-driven insights into sales and customer cohorts.," 1,221 ",from $9.99/mo,https://apps.shopify.com/solution-2625
2626,Pro Legal Solution 2626,Legal,,,Ensures store compliance with privacy and tax regulations.," 1,221 ",Freemium,https://apps.shopify.com/solution-2626
2627,Pro Subscriptions Solution 2627,Subscriptions,,,Manages recurring revenue and customer billing flows.," 1,220 ",from $9.99/mo,https://apps.shopify.com/solution-2627
2628,Pro Dropshipping Solution 2628,Dropshipping,,,Automates product sourcing and third-party fulfillment.," 1,220 ",from $29/mo,https://apps.shopify.com/solution-2628
2629,Pro SEO Solution 2629,SEO,,,Improves organic search visibility and website performance scores.," 1,219 ",from $9.99/mo,https://apps.shopify.com/solution-2629
2630,Pro Marketing Solution 2630,Marketing,,,Automates customer communication and campaign attribution.," 1,219 ",Freemium,https://apps.shopify.com/solution-2630
2631,Pro Sales Solution 2631,Sales,,,Boosts average order value with conversion-focused UI elements.," 1,219 ",from $29/mo,https://apps.shopify.com/solution-2631
2632,Pro Support Solution 2632,Support,,,Centralizes customer queries into a single helpdesk interface.," 1,218 ",Free plan available,https://apps.shopify.com/solution-2632
2633,Pro Design Solution 2633,Design,,,Enhances store aesthetics with drag-and-drop themes and pages.," 1,218 ",from $9.99/mo,https://apps.shopify.com/solution-2633
2634,Pro Fulfillment Solution 2634,Fulfillment,,,Streamlines shipping workflows and delivery time tracking.," 1,217 ",Freemium,https://apps.shopify.com/solution-2634
2635,Pro Inventory Solution 2635,Inventory,,,Syncs stock levels across multiple warehouses and channels.," 1,217 ",from $9.99/mo,https://apps.shopify.com/solution-2635
2636,Pro Analytics Solution 2636,Analytics,,,Provides data-driven insights into sales and customer cohorts.," 1,217 ",from $29/mo,https://apps.shopify.com/solution-2636
2637,Pro Legal Solution 2637,Legal,,,Ensures store compliance with privacy and tax regulations.," 1,216 ",from $29/mo,https://apps.shopify.com/solution-2637
2638,Pro Subscriptions Solution 2638,Subscriptions,,,Manages recurring revenue and customer billing flows.," 1,216 ",from $29/mo,https://apps.shopify.com/solution-2638
2639,Pro Dropshipping Solution 2639,Dropshipping,,,Automates product sourcing and third-party fulfillment.," 1,215 ",from $9.99/mo,https://apps.shopify.com/solution-2639
2640,Pro SEO Solution 2640,SEO,,,Improves organic search visibility and website performance scores.," 1,215 ",Freemium,https://apps.shopify.com/solution-2640
2641,Pro Marketing Solution 2641,Marketing,,,Automates customer communication and campaign attribution.," 1,215 ",Free,https://apps.shopify.com/solution-2641
2642,Pro Sales Solution 2642,Sales,,,Boosts average order value with conversion-focused UI elements.," 1,214 ",from $9.99/mo,https://apps.shopify.com/solution-2642
2643,Pro Support Solution 2643,Support,,,Centralizes customer queries into a single helpdesk interface.," 1,214 ",from $9.99/mo,https://apps.shopify.com/solution-2643
2644,Pro Design Solution 2644,Design,,,Enhances store aesthetics with drag-and-drop themes and pages.," 1,213 ",from $29/mo,https://apps.shopify.com/solution-2644
2645,Pro Fulfillment Solution 2645,Fulfillment,,,Streamlines shipping workflows and delivery time tracking.," 1,213 ",Free plan available,https://apps.shopify.com/solution-2645
2646,Pro Inventory Solution 2646,Inventory,,,Syncs stock levels across multiple warehouses and channels.," 1,213 ",Free plan available,https://apps.shopify.com/solution-2646
2647,Pro Analytics Solution 2647,Analytics,,,Provides data-driven insights into sales and customer cohorts.," 1,212 ",Free plan available,https://apps.shopify.com/solution-2647
2648,Pro Legal Solution 2648,Legal,,,Ensures store compliance with privacy and tax regulations.," 1,212 ",from $29/mo,https://apps.shopify.com/solution-2648
2649,Pro Subscriptions Solution 2649,Subscriptions,,,Manages recurring revenue and customer billing flows.," 1,211 ",Free plan available,https://apps.shopify.com/solution-2649
2650,Pro Dropshipping Solution 2650,Dropshipping,,,Automates product sourcing and third-party fulfillment.," 1,211 ",Free plan available,https://apps.shopify.com/solution-2650
2651,Pro SEO Solution 2651,SEO,,,Improves organic search visibility and website performance scores.," 1,211 ",Free plan available,https://apps.shopify.com/solution-2651
2652,Pro Marketing Solution 2652,Marketing,,,Automates customer communication and campaign attribution.," 1,210 ",from $29/mo,https://apps.shopify.com/solution-2652
2653,Pro Sales Solution 2653,Sales,,,Boosts average order value with conversion-focused UI elements.," 1,210 ",Free plan available,https://apps.shopify.com/solution-2653
2654,Pro Support Solution 2654,Support,,,Centralizes customer queries into a single helpdesk interface.," 1,209 ",Free,https://apps.shopify.com/solution-2654
2655,Pro Design Solution 2655,Design,,,Enhances store aesthetics with drag-and-drop themes and pages.," 1,209 ",from $29/mo,https://apps.shopify.com/solution-2655
2656,Pro Fulfillment Solution 2656,Fulfillment,,,Streamlines shipping workflows and delivery time tracking.," 1,209 ",from $29/mo,https://apps.shopify.com/solution-2656
2657,Pro Inventory Solution 2657,Inventory,,,Syncs stock levels across multiple warehouses and channels.," 1,208 ",Free,https://apps.shopify.com/solution-2657
2658,Pro Analytics Solution 2658,Analytics,,,Provides data-driven insights into sales and customer cohorts.," 1,208 ",from $9.99/mo,https://apps.shopify.com/solution-2658
2659,Pro Legal Solution 2659,Legal,,,Ensures store compliance with privacy and tax regulations.," 1,208 ",from $9.99/mo,https://apps.shopify.com/solution-2659
2660,Pro Subscriptions Solution 2660,Subscriptions,,,Manages recurring revenue and customer billing flows.," 1,207 ",from $29/mo,https://apps.shopify.com/solution-2660
2661,Pro Dropshipping Solution 2661,Dropshipping,,,Automates product sourcing and third-party fulfillment.," 1,207 ",from $29/mo,https://apps.shopify.com/solution-2661
2662,Pro SEO Solution 2662,SEO,,,Improves organic search visibility and website performance scores.," 1,206 ",from $9.99/mo,https://apps.shopify.com/solution-2662
2663,Pro Marketing Solution 2663,Marketing,,,Automates customer communication and campaign attribution.," 1,206 ",from $9.99/mo,https://apps.shopify.com/solution-2663
2664,Pro Sales Solution 2664,Sales,,,Boosts average order value with conversion-focused UI elements.," 1,206 ",Free,https://apps.shopify.com/solution-2664
2665,Pro Support Solution 2665,Support,,,Centralizes customer queries into a single helpdesk interface.," 1,205 ",Free,https://apps.shopify.com/solution-2665
2666,Pro Design Solution 2666,Design,,,Enhances store aesthetics with drag-and-drop themes and pages.," 1,205 ",Free plan available,https://apps.shopify.com/solution-2666
2667,Pro Fulfillment Solution 2667,Fulfillment,,,Streamlines shipping workflows and delivery time tracking.," 1,204 ",Free,https://apps.shopify.com/solution-2667
2668,Pro Inventory Solution 2668,Inventory,,,Syncs stock levels across multiple warehouses and channels.," 1,204 ",from $29/mo,https://apps.shopify.com/solution-2668
2669,Pro Analytics Solution 2669,Analytics,,,Provides data-driven insights into sales and customer cohorts.," 1,204 ",from $9.99/mo,https://apps.shopify.com/solution-2669
2670,Pro Legal Solution 2670,Legal,,,Ensures store compliance with privacy and tax regulations.," 1,203 ",Freemium,https://apps.shopify.com/solution-2670
2671,Pro Subscriptions Solution 2671,Subscriptions,,,Manages recurring revenue and customer billing flows.," 1,203 ",Free,https://apps.shopify.com/solution-2671
2672,Pro Dropshipping Solution 2672,Dropshipping,,,Automates product sourcing and third-party fulfillment.," 1,202 ",from $9.99/mo,https://apps.shopify.com/solution-2672
2673,Pro SEO Solution 2673,SEO,,,Improves organic search visibility and website performance scores.," 1,202 ",Free,https://apps.shopify.com/solution-2673
2674,Pro Marketing Solution 2674,Marketing,,,Automates customer communication and campaign attribution.," 1,202 ",Freemium,https://apps.shopify.com/solution-2674
2675,Pro Sales Solution 2675,Sales,,,Boosts average order value with conversion-focused UI elements.," 1,201 ",from $9.99/mo,https://apps.shopify.com/solution-2675
2676,Pro Support Solution 2676,Support,,,Centralizes customer queries into a single helpdesk interface.," 1,201 ",Free,https://apps.shopify.com/solution-2676
2677,Pro Design Solution 2677,Design,,,Enhances store aesthetics with drag-and-drop themes and pages.," 1,201 ",Free,https://apps.shopify.com/solution-2677
2678,Pro Fulfillment Solution 2678,Fulfillment,,,Streamlines shipping workflows and delivery time tracking.," 1,200 ",from $9.99/mo,https://apps.shopify.com/solution-2678
2679,Pro Inventory Solution 2679,Inventory,,,Syncs stock levels across multiple warehouses and channels.," 1,200 ",Free plan available,https://apps.shopify.com/solution-2679
2680,Pro Analytics Solution 2680,Analytics,,,Provides data-driven insights into sales and customer cohorts.," 1,199 ",Free plan available,https://apps.shopify.com/solution-2680
2681,Pro Legal Solution 2681,Legal,,,Ensures store compliance with privacy and tax regulations.," 1,199 ",Freemium,https://apps.shopify.com/solution-2681
2682,Pro Subscriptions Solution 2682,Subscriptions,,,Manages recurring revenue and customer billing flows.," 1,199 ",from $9.99/mo,https://apps.shopify.com/solution-2682
2683,Pro Dropshipping Solution 2683,Dropshipping,,,Automates product sourcing and third-party fulfillment.," 1,198 ",from $9.99/mo,https://apps.shopify.com/solution-2683
2684,Pro SEO Solution 2684,SEO,,,Improves organic search visibility and website performance scores.," 1,198 ",Free plan available,https://apps.shopify.com/solution-2684
2685,Pro Marketing Solution 2685,Marketing,,,Automates customer communication and campaign attribution.," 1,197 ",from $9.99/mo,https://apps.shopify.com/solution-2685
2686,Pro Sales Solution 2686,Sales,,,Boosts average order value with conversion-focused UI elements.," 1,197 ",Free,https://apps.shopify.com/solution-2686
2687,Pro Support Solution 2687,Support,,,Centralizes customer queries into a single helpdesk interface.," 1,197 ",Free,https://apps.shopify.com/solution-2687
2688,Pro Design Solution 2688,Design,,,Enhances store aesthetics with drag-and-drop themes and pages.," 1,196 ",from $29/mo,https://apps.shopify.com/solution-2688
2689,Pro Fulfillment Solution 2689,Fulfillment,,,Streamlines shipping workflows and delivery time tracking.," 1,196 ",Freemium,https://apps.shopify.com/solution-2689
2690,Pro Inventory Solution 2690,Inventory,,,Syncs stock levels across multiple warehouses and channels.," 1,195 ",Free,https://apps.shopify.com/solution-2690
2691,Pro Analytics Solution 2691,Analytics,,,Provides data-driven insights into sales and customer cohorts.," 1,195 ",Free plan available,https://apps.shopify.com/solution-2691
2692,Pro Legal Solution 2692,Legal,,,Ensures store compliance with privacy and tax regulations.," 1,195 ",from $29/mo,https://apps.shopify.com/solution-2692
2693,Pro Subscriptions Solution 2693,Subscriptions,,,Manages recurring revenue and customer billing flows.," 1,194 ",Free,https://apps.shopify.com/solution-2693
2694,Pro Dropshipping Solution 2694,Dropshipping,,,Automates product sourcing and third-party fulfillment.," 1,194 ",Free plan available,https://apps.shopify.com/solution-2694
2695,Pro SEO Solution 2695,SEO,,,Improves organic search visibility and website performance scores.," 1,194 ",from $29/mo,https://apps.shopify.com/solution-2695
2696,Pro Marketing Solution 2696,Marketing,,,Automates customer communication and campaign attribution.," 1,193 ",Free,https://apps.shopify.com/solution-2696
2697,Pro Sales Solution 2697,Sales,,,Boosts average order value with conversion-focused UI elements.," 1,193 ",Free plan available,https://apps.shopify.com/solution-2697
2698,Pro Support Solution 2698,Support,,,Centralizes customer queries into a single helpdesk interface.," 1,192 ",from $9.99/mo,https://apps.shopify.com/solution-2698
2699,Pro Design Solution 2699,Design,,,Enhances store aesthetics with drag-and-drop themes and pages.," 1,192 ",Free plan available,https://apps.shopify.com/solution-2699
2700,Pro Fulfillment Solution 2700,Fulfillment,,,Streamlines shipping workflows and delivery time tracking.," 1,192 ",from $29/mo,https://apps.shopify.com/solution-2700
2701,Pro Inventory Solution 2701,Inventory,,,Syncs stock levels across multiple warehouses and channels.," 1,191 ",Free,https://apps.shopify.com/solution-2701
2702,Pro Analytics Solution 2702,Analytics,,,Provides data-driven insights into sales and customer cohorts.," 1,191 ",Free,https://apps.shopify.com/solution-2702
2703,Pro Legal Solution 2703,Legal,,,Ensures store compliance with privacy and tax regulations.," 1,191 ",Free,https://apps.shopify.com/solution-2703
2704,Pro Subscriptions Solution 2704,Subscriptions,,,Manages recurring revenue and customer billing flows.," 1,190 ",Freemium,https://apps.shopify.com/solution-2704
2705,Pro Dropshipping Solution 2705,Dropshipping,,,Automates product sourcing and third-party fulfillment.," 1,190 ",from $9.99/mo,https://apps.shopify.com/solution-2705
2706,Pro SEO Solution 2706,SEO,,,Improves organic search visibility and website performance scores.," 1,189 ",from $9.99/mo,https://apps.shopify.com/solution-2706
2707,Pro Marketing Solution 2707,Marketing,,,Automates customer communication and campaign attribution.," 1,189 ",from $9.99/mo,https://apps.shopify.com/solution-2707
2708,Pro Sales Solution 2708,Sales,,,Boosts average order value with conversion-focused UI elements.," 1,189 ",Freemium,https://apps.shopify.com/solution-2708
2709,Pro Support Solution 2709,Support,,,Centralizes customer queries into a single helpdesk interface.," 1,188 ",from $9.99/mo,https://apps.shopify.com/solution-2709
2710,Pro Design Solution 2710,Design,,,Enhances store aesthetics with drag-and-drop themes and pages.," 1,188 ",Free,https://apps.shopify.com/solution-2710
2711,Pro Fulfillment Solution 2711,Fulfillment,,,Streamlines shipping workflows and delivery time tracking.," 1,187 ",Free,https://apps.shopify.com/solution-2711
2712,Pro Inventory Solution 2712,Inventory,,,Syncs stock levels across multiple warehouses and channels.," 1,187 ",Free plan available,https://apps.shopify.com/solution-2712
2713,Pro Analytics Solution 2713,Analytics,,,Provides data-driven insights into sales and customer cohorts.," 1,187 ",from $29/mo,https://apps.shopify.com/solution-2713
2714,Pro Legal Solution 2714,Legal,,,Ensures store compliance with privacy and tax regulations.," 1,186 ",Free plan available,https://apps.shopify.com/solution-2714
2715,Pro Subscriptions Solution 2715,Subscriptions,,,Manages recurring revenue and customer billing flows.," 1,186 ",from $9.99/mo,https://apps.shopify.com/solution-2715
2716,Pro Dropshipping Solution 2716,Dropshipping,,,Automates product sourcing and third-party fulfillment.," 1,186 ",Free,https://apps.shopify.com/solution-2716
2717,Pro SEO Solution 2717,SEO,,,Improves organic search visibility and website performance scores.," 1,185 ",from $9.99/mo,https://apps.shopify.com/solution-2717
2718,Pro Marketing Solution 2718,Marketing,,,Automates customer communication and campaign attribution.," 1,185 ",from $29/mo,https://apps.shopify.com/solution-2718
2719,Pro Sales Solution 2719,Sales,,,Boosts average order value with conversion-focused UI elements.," 1,184 ",Free,https://apps.shopify.com/solution-2719
2720,Pro Support Solution 2720,Support,,,Centralizes customer queries into a single helpdesk interface.," 1,184 ",from $29/mo,https://apps.shopify.com/solution-2720
2721,Pro Design Solution 2721,Design,,,Enhances store aesthetics with drag-and-drop themes and pages.," 1,184 ",from $9.99/mo,https://apps.shopify.com/solution-2721
2722,Pro Fulfillment Solution 2722,Fulfillment,,,Streamlines shipping workflows and delivery time tracking.," 1,183 ",Freemium,https://apps.shopify.com/solution-2722
2723,Pro Inventory Solution 2723,Inventory,,,Syncs stock levels across multiple warehouses and channels.," 1,183 ",Free plan available,https://apps.shopify.com/solution-2723
2724,Pro Analytics Solution 2724,Analytics,,,Provides data-driven insights into sales and customer cohorts.," 1,183 ",from $29/mo,https://apps.shopify.com/solution-2724
2725,Pro Legal Solution 2725,Legal,,,Ensures store compliance with privacy and tax regulations.," 1,182 ",Free,https://apps.shopify.com/solution-2725
2726,Pro Subscriptions Solution 2726,Subscriptions,,,Manages recurring revenue and customer billing flows.," 1,182 ",from $29/mo,https://apps.shopify.com/solution-2726
2727,Pro Dropshipping Solution 2727,Dropshipping,,,Automates product sourcing and third-party fulfillment.," 1,181 ",Free plan available,https://apps.shopify.com/solution-2727
2728,Pro SEO Solution 2728,SEO,,,Improves organic search visibility and website performance scores.," 1,181 ",Free plan available,https://apps.shopify.com/solution-2728
2729,Pro Marketing Solution 2729,Marketing,,,Automates customer communication and campaign attribution.," 1,181 ",from $29/mo,https://apps.shopify.com/solution-2729
2730,Pro Sales Solution 2730,Sales,,,Boosts average order value with conversion-focused UI elements.," 1,180 ",Free plan available,https://apps.shopify.com/solution-2730
2731,Pro Support Solution 2731,Support,,,Centralizes customer queries into a single helpdesk interface.," 1,180 ",Free plan available,https://apps.shopify.com/solution-2731
2732,Pro Design Solution 2732,Design,,,Enhances store aesthetics with drag-and-drop themes and pages.," 1,180 ",from $9.99/mo,https://apps.shopify.com/solution-2732
2733,Pro Fulfillment Solution 2733,Fulfillment,,,Streamlines shipping workflows and delivery time tracking.," 1,179 ",Free plan available,https://apps.shopify.com/solution-2733
2734,Pro Inventory Solution 2734,Inventory,,,Syncs stock levels across multiple warehouses and channels.," 1,179 ",Free,https://apps.shopify.com/solution-2734
2735,Pro Analytics Solution 2735,Analytics,,,Provides data-driven insights into sales and customer cohorts.," 1,178 ",Freemium,https://apps.shopify.com/solution-2735
2736,Pro Legal Solution 2736,Legal,,,Ensures store compliance with privacy and tax regulations.," 1,178 ",Freemium,https://apps.shopify.com/solution-2736
2737,Pro Subscriptions Solution 2737,Subscriptions,,,Manages recurring revenue and customer billing flows.," 1,178 ",Free plan available,https://apps.shopify.com/solution-2737
2738,Pro Dropshipping Solution 2738,Dropshipping,,,Automates product sourcing and third-party fulfillment.," 1,177 ",Freemium,https://apps.shopify.com/solution-2738
2739,Pro SEO Solution 2739,SEO,,,Improves organic search visibility and website performance scores.," 1,177 ",from $9.99/mo,https://apps.shopify.com/solution-2739
2740,Pro Marketing Solution 2740,Marketing,,,Automates customer communication and campaign attribution.," 1,177 ",Free plan available,https://apps.shopify.com/solution-2740
2741,Pro Sales Solution 2741,Sales,,,Boosts average order value with conversion-focused UI elements.," 1,176 ",from $29/mo,https://apps.shopify.com/solution-2741
2742,Pro Support Solution 2742,Support,,,Centralizes customer queries into a single helpdesk interface.," 1,176 ",Free plan available,https://apps.shopify.com/solution-2742
2743,Pro Design Solution 2743,Design,,,Enhances store aesthetics with drag-and-drop themes and pages.," 1,175 ",from $29/mo,https://apps.shopify.com/solution-2743
2744,Pro Fulfillment Solution 2744,Fulfillment,,,Streamlines shipping workflows and delivery time tracking.," 1,175 ",Free,https://apps.shopify.com/solution-2744
2745,Pro Inventory Solution 2745,Inventory,,,Syncs stock levels across multiple warehouses and channels.," 1,175 ",Free,https://apps.shopify.com/solution-2745
2746,Pro Analytics Solution 2746,Analytics,,,Provides data-driven insights into sales and customer cohorts.," 1,174 ",Free plan available,https://apps.shopify.com/solution-2746
2747,Pro Legal Solution 2747,Legal,,,Ensures store compliance with privacy and tax regulations.," 1,174 ",Free,https://apps.shopify.com/solution-2747
2748,Pro Subscriptions Solution 2748,Subscriptions,,,Manages recurring revenue and customer billing flows.," 1,174 ",from $9.99/mo,https://apps.shopify.com/solution-2748
2749,Pro Dropshipping Solution 2749,Dropshipping,,,Automates product sourcing and third-party fulfillment.," 1,173 ",Freemium,https://apps.shopify.com/solution-2749
2750,Pro SEO Solution 2750,SEO,,,Improves organic search visibility and website performance scores.," 1,173 ",Freemium,https://apps.shopify.com/solution-2750
2751,Pro Marketing Solution 2751,Marketing,,,Automates customer communication and campaign attribution.," 1,173 ",Free,https://apps.shopify.com/solution-2751
2752,Pro Sales Solution 2752,Sales,,,Boosts average order value with conversion-focused UI elements.," 1,172 ",from $9.99/mo,https://apps.shopify.com/solution-2752
2753,Pro Support Solution 2753,Support,,,Centralizes customer queries into a single helpdesk interface.," 1,172 ",Freemium,https://apps.shopify.com/solution-2753
2754,Pro Design Solution 2754,Design,,,Enhances store aesthetics with drag-and-drop themes and pages.," 1,171 ",Free,https://apps.shopify.com/solution-2754
2755,Pro Fulfillment Solution 2755,Fulfillment,,,Streamlines shipping workflows and delivery time tracking.," 1,171 ",Free,https://apps.shopify.com/solution-2755
2756,Pro Inventory Solution 2756,Inventory,,,Syncs stock levels across multiple warehouses and channels.," 1,171 ",from $29/mo,https://apps.shopify.com/solution-2756
2757,Pro Analytics Solution 2757,Analytics,,,Provides data-driven insights into sales and customer cohorts.," 1,170 ",Free,https://apps.shopify.com/solution-2757
2758,Pro Legal Solution 2758,Legal,,,Ensures store compliance with privacy and tax regulations.," 1,170 ",from $29/mo,https://apps.shopify.com/solution-2758
2759,Pro Subscriptions Solution 2759,Subscriptions,,,Manages recurring revenue and customer billing flows.," 1,170 ",Free plan available,https://apps.shopify.com/solution-2759
2760,Pro Dropshipping Solution 2760,Dropshipping,,,Automates product sourcing and third-party fulfillment.," 1,169 ",Free plan available,https://apps.shopify.com/solution-2760
2761,Pro SEO Solution 2761,SEO,,,Improves organic search visibility and website performance scores.," 1,169 ",from $29/mo,https://apps.shopify.com/solution-2761
2762,Pro Marketing Solution 2762,Marketing,,,Automates customer communication and campaign attribution.," 1,168 ",Free plan available,https://apps.shopify.com/solution-2762
2763,Pro Sales Solution 2763,Sales,,,Boosts average order value with conversion-focused UI elements.," 1,168 ",from $9.99/mo,https://apps.shopify.com/solution-2763
2764,Pro Support Solution 2764,Support,,,Centralizes customer queries into a single helpdesk interface.," 1,168 ",from $29/mo,https://apps.shopify.com/solution-2764
2765,Pro Design Solution 2765,Design,,,Enhances store aesthetics with drag-and-drop themes and pages.," 1,167 ",Freemium,https://apps.shopify.com/solution-2765
2766,Pro Fulfillment Solution 2766,Fulfillment,,,Streamlines shipping workflows and delivery time tracking.," 1,167 ",from $9.99/mo,https://apps.shopify.com/solution-2766
2767,Pro Inventory Solution 2767,Inventory,,,Syncs stock levels across multiple warehouses and channels.," 1,167 ",Freemium,https://apps.shopify.com/solution-2767
2768,Pro Analytics Solution 2768,Analytics,,,Provides data-driven insights into sales and customer cohorts.," 1,166 ",Free,https://apps.shopify.com/solution-2768
2769,Pro Legal Solution 2769,Legal,,,Ensures store compliance with privacy and tax regulations.," 1,166 ",Free plan available,https://apps.shopify.com/solution-2769
2770,Pro Subscriptions Solution 2770,Subscriptions,,,Manages recurring revenue and customer billing flows.," 1,166 ",Freemium,https://apps.shopify.com/solution-2770
2771,Pro Dropshipping Solution 2771,Dropshipping,,,Automates product sourcing and third-party fulfillment.," 1,165 ",from $9.99/mo,https://apps.shopify.com/solution-2771
2772,Pro SEO Solution 2772,SEO,,,Improves organic search visibility and website performance scores.," 1,165 ",from $9.99/mo,https://apps.shopify.com/solution-2772
2773,Pro Marketing Solution 2773,Marketing,,,Automates customer communication and campaign attribution.," 1,164 ",Free plan available,https://apps.shopify.com/solution-2773
2774,Pro Sales Solution 2774,Sales,,,Boosts average order value with conversion-focused UI elements.," 1,164 ",Free plan available,https://apps.shopify.com/solution-2774
2775,Pro Support Solution 2775,Support,,,Centralizes customer queries into a single helpdesk interface.," 1,164 ",from $9.99/mo,https://apps.shopify.com/solution-2775
2776,Pro Design Solution 2776,Design,,,Enhances store aesthetics with drag-and-drop themes and pages.," 1,163 ",Freemium,https://apps.shopify.com/solution-2776
2777,Pro Fulfillment Solution 2777,Fulfillment,,,Streamlines shipping workflows and delivery time tracking.," 1,163 ",Freemium,https://apps.shopify.com/solution-2777
2778,Pro Inventory Solution 2778,Inventory,,,Syncs stock levels across multiple warehouses and channels.," 1,163 ",Free,https://apps.shopify.com/solution-2778
2779,Pro Analytics Solution 2779,Analytics,,,Provides data-driven insights into sales and customer cohorts.," 1,162 ",Freemium,https://apps.shopify.com/solution-2779
2780,Pro Legal Solution 2780,Legal,,,Ensures store compliance with privacy and tax regulations.," 1,162 ",Free plan available,https://apps.shopify.com/solution-2780
2781,Pro Subscriptions Solution 2781,Subscriptions,,,Manages recurring revenue and customer billing flows.," 1,162 ",Freemium,https://apps.shopify.com/solution-2781
2782,Pro Dropshipping Solution 2782,Dropshipping,,,Automates product sourcing and third-party fulfillment.," 1,161 ",Free,https://apps.shopify.com/solution-2782
2783,Pro SEO Solution 2783,SEO,,,Improves organic search visibility and website performance scores.," 1,161 ",from $29/mo,https://apps.shopify.com/solution-2783
2784,Pro Marketing Solution 2784,Marketing,,,Automates customer communication and campaign attribution.," 1,161 ",from $9.99/mo,https://apps.shopify.com/solution-2784
2785,Pro Sales Solution 2785,Sales,,,Boosts average order value with conversion-focused UI elements.," 1,160 ",Freemium,https://apps.shopify.com/solution-2785
2786,Pro Support Solution 2786,Support,,,Centralizes customer queries into a single helpdesk interface.," 1,160 ",from $9.99/mo,https://apps.shopify.com/solution-2786
2787,Pro Design Solution 2787,Design,,,Enhances store aesthetics with drag-and-drop themes and pages.," 1,159 ",Free,https://apps.shopify.com/solution-2787
2788,Pro Fulfillment Solution 2788,Fulfillment,,,Streamlines shipping workflows and delivery time tracking.," 1,159 ",Freemium,https://apps.shopify.com/solution-2788
2789,Pro Inventory Solution 2789,Inventory,,,Syncs stock levels across multiple warehouses and channels.," 1,159 ",from $29/mo,https://apps.shopify.com/solution-2789
2790,Pro Analytics Solution 2790,Analytics,,,Provides data-driven insights into sales and customer cohorts.," 1,158 ",Free,https://apps.shopify.com/solution-2790
2791,Pro Legal Solution 2791,Legal,,,Ensures store compliance with privacy and tax regulations.," 1,158 ",Freemium,https://apps.shopify.com/solution-2791
2792,Pro Subscriptions Solution 2792,Subscriptions,,,Manages recurring revenue and customer billing flows.," 1,158 ",Free,https://apps.shopify.com/solution-2792
2793,Pro Dropshipping Solution 2793,Dropshipping,,,Automates product sourcing and third-party fulfillment.," 1,157 ",Freemium,https://apps.shopify.com/solution-2793
2794,Pro SEO Solution 2794,SEO,,,Improves organic search visibility and website performance scores.," 1,157 ",Free plan available,https://apps.shopify.com/solution-2794
2795,Pro Marketing Solution 2795,Marketing,,,Automates customer communication and campaign attribution.," 1,157 ",from $29/mo,https://apps.shopify.com/solution-2795
2796,Pro Sales Solution 2796,Sales,,,Boosts average order value with conversion-focused UI elements.," 1,156 ",Freemium,https://apps.shopify.com/solution-2796
2797,Pro Support Solution 2797,Support,,,Centralizes customer queries into a single helpdesk interface.," 1,156 ",from $9.99/mo,https://apps.shopify.com/solution-2797
2798,Pro Design Solution 2798,Design,,,Enhances store aesthetics with drag-and-drop themes and pages.," 1,155 ",Freemium,https://apps.shopify.com/solution-2798
2799,Pro Fulfillment Solution 2799,Fulfillment,,,Streamlines shipping workflows and delivery time tracking.," 1,155 ",Free,https://apps.shopify.com/solution-2799
2800,Pro Inventory Solution 2800,Inventory,,,Syncs stock levels across multiple warehouses and channels.," 1,155 ",from $9.99/mo,https://apps.shopify.com/solution-2800
2801,Pro Analytics Solution 2801,Analytics,,,Provides data-driven insights into sales and customer cohorts.," 1,154 ",from $9.99/mo,https://apps.shopify.com/solution-2801
2802,Pro Legal Solution 2802,Legal,,,Ensures store compliance with privacy and tax regulations.," 1,154 ",Free plan available,https://apps.shopify.com/solution-2802
2803,Pro Subscriptions Solution 2803,Subscriptions,,,Manages recurring revenue and customer billing flows.," 1,154 ",Free plan available,https://apps.shopify.com/solution-2803
2804,Pro Dropshipping Solution 2804,Dropshipping,,,Automates product sourcing and third-party fulfillment.," 1,153 ",Free,https://apps.shopify.com/solution-2804
2805,Pro SEO Solution 2805,SEO,,,Improves organic search visibility and website performance scores.," 1,153 ",from $9.99/mo,https://apps.shopify.com/solution-2805
2806,Pro Marketing Solution 2806,Marketing,,,Automates customer communication and campaign attribution.," 1,153 ",from $29/mo,https://apps.shopify.com/solution-2806
2807,Pro Sales Solution 2807,Sales,,,Boosts average order value with conversion-focused UI elements.," 1,152 ",from $9.99/mo,https://apps.shopify.com/solution-2807
2808,Pro Support Solution 2808,Support,,,Centralizes customer queries into a single helpdesk interface.," 1,152 ",Free plan available,https://apps.shopify.com/solution-2808
2809,Pro Design Solution 2809,Design,,,Enhances store aesthetics with drag-and-drop themes and pages.," 1,152 ",Freemium,https://apps.shopify.com/solution-2809
2810,Pro Fulfillment Solution 2810,Fulfillment,,,Streamlines shipping workflows and delivery time tracking.," 1,151 ",Free plan available,https://apps.shopify.com/solution-2810
2811,Pro Inventory Solution 2811,Inventory,,,Syncs stock levels across multiple warehouses and channels.," 1,151 ",Freemium,https://apps.shopify.com/solution-2811
2812,Pro Analytics Solution 2812,Analytics,,,Provides data-driven insights into sales and customer cohorts.," 1,151 ",Free plan available,https://apps.shopify.com/solution-2812
2813,Pro Legal Solution 2813,Legal,,,Ensures store compliance with privacy and tax regulations.," 1,150 ",from $29/mo,https://apps.shopify.com/solution-2813
2814,Pro Subscriptions Solution 2814,Subscriptions,,,Manages recurring revenue and customer billing flows.," 1,150 ",from $29/mo,https://apps.shopify.com/solution-2814
2815,Pro Dropshipping Solution 2815,Dropshipping,,,Automates product sourcing and third-party fulfillment.," 1,149 ",from $9.99/mo,https://apps.shopify.com/solution-2815
2816,Pro SEO Solution 2816,SEO,,,Improves organic search visibility and website performance scores.," 1,149 ",Freemium,https://apps.shopify.com/solution-2816
2817,Pro Marketing Solution 2817,Marketing,,,Automates customer communication and campaign attribution.," 1,149 ",Free,https://apps.shopify.com/solution-2817
2818,Pro Sales Solution 2818,Sales,,,Boosts average order value with conversion-focused UI elements.," 1,148 ",Free plan available,https://apps.shopify.com/solution-2818
2819,Pro Support Solution 2819,Support,,,Centralizes customer queries into a single helpdesk interface.," 1,148 ",Free plan available,https://apps.shopify.com/solution-2819
2820,Pro Design Solution 2820,Design,,,Enhances store aesthetics with drag-and-drop themes and pages.," 1,148 ",Freemium,https://apps.shopify.com/solution-2820
2821,Pro Fulfillment Solution 2821,Fulfillment,,,Streamlines shipping workflows and delivery time tracking.," 1,147 ",Freemium,https://apps.shopify.com/solution-2821
2822,Pro Inventory Solution 2822,Inventory,,,Syncs stock levels across multiple warehouses and channels.," 1,147 ",Free,https://apps.shopify.com/solution-2822
2823,Pro Analytics Solution 2823,Analytics,,,Provides data-driven insights into sales and customer cohorts.," 1,147 ",from $29/mo,https://apps.shopify.com/solution-2823
2824,Pro Legal Solution 2824,Legal,,,Ensures store compliance with privacy and tax regulations.," 1,146 ",Free,https://apps.shopify.com/solution-2824
2825,Pro Subscriptions Solution 2825,Subscriptions,,,Manages recurring revenue and customer billing flows.," 1,146 ",Freemium,https://apps.shopify.com/solution-2825
2826,Pro Dropshipping Solution 2826,Dropshipping,,,Automates product sourcing and third-party fulfillment.," 1,146 ",Free plan available,https://apps.shopify.com/solution-2826
2827,Pro SEO Solution 2827,SEO,,,Improves organic search visibility and website performance scores.," 1,145 ",from $29/mo,https://apps.shopify.com/solution-2827
2828,Pro Marketing Solution 2828,Marketing,,,Automates customer communication and campaign attribution.," 1,145 ",Free,https://apps.shopify.com/solution-2828
2829,Pro Sales Solution 2829,Sales,,,Boosts average order value with conversion-focused UI elements.," 1,145 ",Free,https://apps.shopify.com/solution-2829
2830,Pro Support Solution 2830,Support,,,Centralizes customer queries into a single helpdesk interface.," 1,144 ",from $29/mo,https://apps.shopify.com/solution-2830
2831,Pro Design Solution 2831,Design,,,Enhances store aesthetics with drag-and-drop themes and pages.," 1,144 ",from $29/mo,https://apps.shopify.com/solution-2831
2832,Pro Fulfillment Solution 2832,Fulfillment,,,Streamlines shipping workflows and delivery time tracking.," 1,143 ",Free,https://apps.shopify.com/solution-2832
2833,Pro Inventory Solution 2833,Inventory,,,Syncs stock levels across multiple warehouses and channels.," 1,143 ",Freemium,https://apps.shopify.com/solution-2833
2834,Pro Analytics Solution 2834,Analytics,,,Provides data-driven insights into sales and customer cohorts.," 1,143 ",Free plan available,https://apps.shopify.com/solution-2834
2835,Pro Legal Solution 2835,Legal,,,Ensures store compliance with privacy and tax regulations.," 1,142 ",from $9.99/mo,https://apps.shopify.com/solution-2835
2836,Pro Subscriptions Solution 2836,Subscriptions,,,Manages recurring revenue and customer billing flows.," 1,142 ",from $9.99/mo,https://apps.shopify.com/solution-2836
2837,Pro Dropshipping Solution 2837,Dropshipping,,,Automates product sourcing and third-party fulfillment.," 1,142 ",Free plan available,https://apps.shopify.com/solution-2837
2838,Pro SEO Solution 2838,SEO,,,Improves organic search visibility and website performance scores.," 1,141 ",Freemium,https://apps.shopify.com/solution-2838
2839,Pro Marketing Solution 2839,Marketing,,,Automates customer communication and campaign attribution.," 1,141 ",from $9.99/mo,https://apps.shopify.com/solution-2839
2840,Pro Sales Solution 2840,Sales,,,Boosts average order value with conversion-focused UI elements.," 1,141 ",Freemium,https://apps.shopify.com/solution-2840
2841,Pro Support Solution 2841,Support,,,Centralizes customer queries into a single helpdesk interface.," 1,140 ",Free,https://apps.shopify.com/solution-2841
2842,Pro Design Solution 2842,Design,,,Enhances store aesthetics with drag-and-drop themes and pages.," 1,140 ",Freemium,https://apps.shopify.com/solution-2842
2843,Pro Fulfillment Solution 2843,Fulfillment,,,Streamlines shipping workflows and delivery time tracking.," 1,140 ",Free,https://apps.shopify.com/solution-2843
2844,Pro Inventory Solution 2844,Inventory,,,Syncs stock levels across multiple warehouses and channels.," 1,139 ",Free,https://apps.shopify.com/solution-2844
2845,Pro Analytics Solution 2845,Analytics,,,Provides data-driven insights into sales and customer cohorts.," 1,139 ",from $9.99/mo,https://apps.shopify.com/solution-2845
2846,Pro Legal Solution 2846,Legal,,,Ensures store compliance with privacy and tax regulations.," 1,139 ",Free plan available,https://apps.shopify.com/solution-2846
2847,Pro Subscriptions Solution 2847,Subscriptions,,,Manages recurring revenue and customer billing flows.," 1,138 ",from $9.99/mo,https://apps.shopify.com/solution-2847
2848,Pro Dropshipping Solution 2848,Dropshipping,,,Automates product sourcing and third-party fulfillment.," 1,138 ",Free plan available,https://apps.shopify.com/solution-2848
2849,Pro SEO Solution 2849,SEO,,,Improves organic search visibility and website performance scores.," 1,138 ",Free plan available,https://apps.shopify.com/solution-2849
2850,Pro Marketing Solution 2850,Marketing,,,Automates customer communication and campaign attribution.," 1,137 ",Free,https://apps.shopify.com/solution-2850
2851,Pro Sales Solution 2851,Sales,,,Boosts average order value with conversion-focused UI elements.," 1,137 ",from $29/mo,https://apps.shopify.com/solution-2851
2852,Pro Support Solution 2852,Support,,,Centralizes customer queries into a single helpdesk interface.," 1,137 ",from $9.99/mo,https://apps.shopify.com/solution-2852
2853,Pro Design Solution 2853,Design,,,Enhances store aesthetics with drag-and-drop themes and pages.," 1,136 ",Free plan available,https://apps.shopify.com/solution-2853
2854,Pro Fulfillment Solution 2854,Fulfillment,,,Streamlines shipping workflows and delivery time tracking.," 1,136 ",from $9.99/mo,https://apps.shopify.com/solution-2854
2855,Pro Inventory Solution 2855,Inventory,,,Syncs stock levels across multiple warehouses and channels.," 1,136 ",Free,https://apps.shopify.com/solution-2855
2856,Pro Analytics Solution 2856,Analytics,,,Provides data-driven insights into sales and customer cohorts.," 1,135 ",Freemium,https://apps.shopify.com/solution-2856
2857,Pro Legal Solution 2857,Legal,,,Ensures store compliance with privacy and tax regulations.," 1,135 ",from $9.99/mo,https://apps.shopify.com/solution-2857
2858,Pro Subscriptions Solution 2858,Subscriptions,,,Manages recurring revenue and customer billing flows.," 1,134 ",Freemium,https://apps.shopify.com/solution-2858
2859,Pro Dropshipping Solution 2859,Dropshipping,,,Automates product sourcing and third-party fulfillment.," 1,134 ",Free,https://apps.shopify.com/solution-2859
2860,Pro SEO Solution 2860,SEO,,,Improves organic search visibility and website performance scores.," 1,134 ",Free,https://apps.shopify.com/solution-2860
2861,Pro Marketing Solution 2861,Marketing,,,Automates customer communication and campaign attribution.," 1,133 ",from $9.99/mo,https://apps.shopify.com/solution-2861
2862,Pro Sales Solution 2862,Sales,,,Boosts average order value with conversion-focused UI elements.," 1,133 ",Free plan available,https://apps.shopify.com/solution-2862
2863,Pro Support Solution 2863,Support,,,Centralizes customer queries into a single helpdesk interface.," 1,133 ",Free,https://apps.shopify.com/solution-2863
2864,Pro Design Solution 2864,Design,,,Enhances store aesthetics with drag-and-drop themes and pages.," 1,132 ",Free,https://apps.shopify.com/solution-2864
2865,Pro Fulfillment Solution 2865,Fulfillment,,,Streamlines shipping workflows and delivery time tracking.," 1,132 ",Free,https://apps.shopify.com/solution-2865
2866,Pro Inventory Solution 2866,Inventory,,,Syncs stock levels across multiple warehouses and channels.," 1,132 ",Free,https://apps.shopify.com/solution-2866
2867,Pro Analytics Solution 2867,Analytics,,,Provides data-driven insights into sales and customer cohorts.," 1,131 ",from $29/mo,https://apps.shopify.com/solution-2867
2868,Pro Legal Solution 2868,Legal,,,Ensures store compliance with privacy and tax regulations.," 1,131 ",Free plan available,https://apps.shopify.com/solution-2868
2869,Pro Subscriptions Solution 2869,Subscriptions,,,Manages recurring revenue and customer billing flows.," 1,131 ",from $9.99/mo,https://apps.shopify.com/solution-2869
2870,Pro Dropshipping Solution 2870,Dropshipping,,,Automates product sourcing and third-party fulfillment.," 1,130 ",Free,https://apps.shopify.com/solution-2870
2871,Pro SEO Solution 2871,SEO,,,Improves organic search visibility and website performance scores.," 1,130 ",from $29/mo,https://apps.shopify.com/solution-2871
2872,Pro Marketing Solution 2872,Marketing,,,Automates customer communication and campaign attribution.," 1,130 ",Free plan available,https://apps.shopify.com/solution-2872
2873,Pro Sales Solution 2873,Sales,,,Boosts average order value with conversion-focused UI elements.," 1,129 ",from $29/mo,https://apps.shopify.com/solution-2873
2874,Pro Support Solution 2874,Support,,,Centralizes customer queries into a single helpdesk interface.," 1,129 ",from $29/mo,https://apps.shopify.com/solution-2874
2875,Pro Design Solution 2875,Design,,,Enhances store aesthetics with drag-and-drop themes and pages.," 1,129 ",from $29/mo,https://apps.shopify.com/solution-2875
2876,Pro Fulfillment Solution 2876,Fulfillment,,,Streamlines shipping workflows and delivery time tracking.," 1,128 ",Freemium,https://apps.shopify.com/solution-2876
2877,Pro Inventory Solution 2877,Inventory,,,Syncs stock levels across multiple warehouses and channels.," 1,128 ",Free plan available,https://apps.shopify.com/solution-2877
2878,Pro Analytics Solution 2878,Analytics,,,Provides data-driven insights into sales and customer cohorts.," 1,128 ",Free,https://apps.shopify.com/solution-2878
2879,Pro Legal Solution 2879,Legal,,,Ensures store compliance with privacy and tax regulations.," 1,127 ",from $29/mo,https://apps.shopify.com/solution-2879
2880,Pro Subscriptions Solution 2880,Subscriptions,,,Manages recurring revenue and customer billing flows.," 1,127 ",from $9.99/mo,https://apps.shopify.com/solution-2880
2881,Pro Dropshipping Solution 2881,Dropshipping,,,Automates product sourcing and third-party fulfillment.," 1,127 ",Free plan available,https://apps.shopify.com/solution-2881
2882,Pro SEO Solution 2882,SEO,,,Improves organic search visibility and website performance scores.," 1,126 ",Free,https://apps.shopify.com/solution-2882
2883,Pro Marketing Solution 2883,Marketing,,,Automates customer communication and campaign attribution.," 1,126 ",Free,https://apps.shopify.com/solution-2883
2884,Pro Sales Solution 2884,Sales,,,Boosts average order value with conversion-focused UI elements.," 1,126 ",Freemium,https://apps.shopify.com/solution-2884
2885,Pro Support Solution 2885,Support,,,Centralizes customer queries into a single helpdesk interface.," 1,125 ",Free plan available,https://apps.shopify.com/solution-2885
2886,Pro Design Solution 2886,Design,,,Enhances store aesthetics with drag-and-drop themes and pages.," 1,125 ",from $9.99/mo,https://apps.shopify.com/solution-2886
2887,Pro Fulfillment Solution 2887,Fulfillment,,,Streamlines shipping workflows and delivery time tracking.," 1,125 ",Free plan available,https://apps.shopify.com/solution-2887
2888,Pro Inventory Solution 2888,Inventory,,,Syncs stock levels across multiple warehouses and channels.," 1,124 ",Free plan available,https://apps.shopify.com/solution-2888
2889,Pro Analytics Solution 2889,Analytics,,,Provides data-driven insights into sales and customer cohorts.," 1,124 ",from $29/mo,https://apps.shopify.com/solution-2889
2890,Pro Legal Solution 2890,Legal,,,Ensures store compliance with privacy and tax regulations.," 1,124 ",Freemium,https://apps.shopify.com/solution-2890
2891,Pro Subscriptions Solution 2891,Subscriptions,,,Manages recurring revenue and customer billing flows.," 1,123 ",Free plan available,https://apps.shopify.com/solution-2891
2892,Pro Dropshipping Solution 2892,Dropshipping,,,Automates product sourcing and third-party fulfillment.," 1,123 ",Free plan available,https://apps.shopify.com/solution-2892
2893,Pro SEO Solution 2893,SEO,,,Improves organic search visibility and website performance scores.," 1,123 ",from $29/mo,https://apps.shopify.com/solution-2893
2894,Pro Marketing Solution 2894,Marketing,,,Automates customer communication and campaign attribution.," 1,122 ",Free plan available,https://apps.shopify.com/solution-2894
2895,Pro Sales Solution 2895,Sales,,,Boosts average order value with conversion-focused UI elements.," 1,122 ",from $9.99/mo,https://apps.shopify.com/solution-2895
2896,Pro Support Solution 2896,Support,,,Centralizes customer queries into a single helpdesk interface.," 1,122 ",Freemium,https://apps.shopify.com/solution-2896
2897,Pro Design Solution 2897,Design,,,Enhances store aesthetics with drag-and-drop themes and pages.," 1,121 ",Free plan available,https://apps.shopify.com/solution-2897
2898,Pro Fulfillment Solution 2898,Fulfillment,,,Streamlines shipping workflows and delivery time tracking.," 1,121 ",from $29/mo,https://apps.shopify.com/solution-2898
2899,Pro Inventory Solution 2899,Inventory,,,Syncs stock levels across multiple warehouses and channels.," 1,121 ",Freemium,https://apps.shopify.com/solution-2899
2900,Pro Analytics Solution 2900,Analytics,,,Provides data-driven insights into sales and customer cohorts.," 1,120 ",Free plan available,https://apps.shopify.com/solution-2900
2901,Pro Legal Solution 2901,Legal,,,Ensures store compliance with privacy and tax regulations.," 1,120 ",Free plan available,https://apps.shopify.com/solution-2901
2902,Pro Subscriptions Solution 2902,Subscriptions,,,Manages recurring revenue and customer billing flows.," 1,120 ",from $29/mo,https://apps.shopify.com/solution-2902
2903,Pro Dropshipping Solution 2903,Dropshipping,,,Automates product sourcing and third-party fulfillment.," 1,119 ",from $29/mo,https://apps.shopify.com/solution-2903
2904,Pro SEO Solution 2904,SEO,,,Improves organic search visibility and website performance scores.," 1,119 ",from $9.99/mo,https://apps.shopify.com/solution-2904
2905,Pro Marketing Solution 2905,Marketing,,,Automates customer communication and campaign attribution.," 1,119 ",from $9.99/mo,https://apps.shopify.com/solution-2905
2906,Pro Sales Solution 2906,Sales,,,Boosts average order value with conversion-focused UI elements.," 1,118 ",Free plan available,https://apps.shopify.com/solution-2906
2907,Pro Support Solution 2907,Support,,,Centralizes customer queries into a single helpdesk interface.," 1,118 ",from $9.99/mo,https://apps.shopify.com/solution-2907
2908,Pro Design Solution 2908,Design,,,Enhances store aesthetics with drag-and-drop themes and pages.," 1,118 ",Free plan available,https://apps.shopify.com/solution-2908
2909,Pro Fulfillment Solution 2909,Fulfillment,,,Streamlines shipping workflows and delivery time tracking.," 1,117 ",Freemium,https://apps.shopify.com/solution-2909
2910,Pro Inventory Solution 2910,Inventory,,,Syncs stock levels across multiple warehouses and channels.," 1,117 ",from $9.99/mo,https://apps.shopify.com/solution-2910
2911,Pro Analytics Solution 2911,Analytics,,,Provides data-driven insights into sales and customer cohorts.," 1,117 ",Free plan available,https://apps.shopify.com/solution-2911
2912,Pro Legal Solution 2912,Legal,,,Ensures store compliance with privacy and tax regulations.," 1,116 ",from $29/mo,https://apps.shopify.com/solution-2912
2913,Pro Subscriptions Solution 2913,Subscriptions,,,Manages recurring revenue and customer billing flows.," 1,116 ",from $29/mo,https://apps.shopify.com/solution-2913
2914,Pro Dropshipping Solution 2914,Dropshipping,,,Automates product sourcing and third-party fulfillment.," 1,116 ",from $9.99/mo,https://apps.shopify.com/solution-2914
2915,Pro SEO Solution 2915,SEO,,,Improves organic search visibility and website performance scores.," 1,115 ",Free,https://apps.shopify.com/solution-2915
2916,Pro Marketing Solution 2916,Marketing,,,Automates customer communication and campaign attribution.," 1,115 ",from $9.99/mo,https://apps.shopify.com/solution-2916
2917,Pro Sales Solution 2917,Sales,,,Boosts average order value with conversion-focused UI elements.," 1,115 ",Free plan available,https://apps.shopify.com/solution-2917
2918,Pro Support Solution 2918,Support,,,Centralizes customer queries into a single helpdesk interface.," 1,114 ",from $9.99/mo,https://apps.shopify.com/solution-2918
2919,Pro Design Solution 2919,Design,,,Enhances store aesthetics with drag-and-drop themes and pages.," 1,114 ",Free,https://apps.shopify.com/solution-2919
2920,Pro Fulfillment Solution 2920,Fulfillment,,,Streamlines shipping workflows and delivery time tracking.," 1,114 ",Freemium,https://apps.shopify.com/solution-2920
2921,Pro Inventory Solution 2921,Inventory,,,Syncs stock levels across multiple warehouses and channels.," 1,113 ",from $9.99/mo,https://apps.shopify.com/solution-2921
2922,Pro Analytics Solution 2922,Analytics,,,Provides data-driven insights into sales and customer cohorts.," 1,113 ",Free,https://apps.shopify.com/solution-2922
2923,Pro Legal Solution 2923,Legal,,,Ensures store compliance with privacy and tax regulations.," 1,113 ",Free plan available,https://apps.shopify.com/solution-2923
2924,Pro Subscriptions Solution 2924,Subscriptions,,,Manages recurring revenue and customer billing flows.," 1,112 ",Freemium,https://apps.shopify.com/solution-2924
2925,Pro Dropshipping Solution 2925,Dropshipping,,,Automates product sourcing and third-party fulfillment.," 1,112 ",from $29/mo,https://apps.shopify.com/solution-2925
2926,Pro SEO Solution 2926,SEO,,,Improves organic search visibility and website performance scores.," 1,112 ",from $9.99/mo,https://apps.shopify.com/solution-2926
2927,Pro Marketing Solution 2927,Marketing,,,Automates customer communication and campaign attribution.," 1,111 ",from $9.99/mo,https://apps.shopify.com/solution-2927
2928,Pro Sales Solution 2928,Sales,,,Boosts average order value with conversion-focused UI elements.," 1,111 ",from $9.99/mo,https://apps.shopify.com/solution-2928
2929,Pro Support Solution 2929,Support,,,Centralizes customer queries into a single helpdesk interface.," 1,111 ",from $9.99/mo,https://apps.shopify.com/solution-2929
2930,Pro Design Solution 2930,Design,,,Enhances store aesthetics with drag-and-drop themes and pages.," 1,110 ",from $29/mo,https://apps.shopify.com/solution-2930
2931,Pro Fulfillment Solution 2931,Fulfillment,,,Streamlines shipping workflows and delivery time tracking.," 1,110 ",Freemium,https://apps.shopify.com/solution-2931
2932,Pro Inventory Solution 2932,Inventory,,,Syncs stock levels across multiple warehouses and channels.," 1,110 ",Free,https://apps.shopify.com/solution-2932
2933,Pro Analytics Solution 2933,Analytics,,,Provides data-driven insights into sales and customer cohorts.," 1,109 ",from $9.99/mo,https://apps.shopify.com/solution-2933
2934,Pro Legal Solution 2934,Legal,,,Ensures store compliance with privacy and tax regulations.," 1,109 ",Free plan available,https://apps.shopify.com/solution-2934
2935,Pro Subscriptions Solution 2935,Subscriptions,,,Manages recurring revenue and customer billing flows.," 1,109 ",Free plan available,https://apps.shopify.com/solution-2935
2936,Pro Dropshipping Solution 2936,Dropshipping,,,Automates product sourcing and third-party fulfillment.," 1,108 ",from $29/mo,https://apps.shopify.com/solution-2936
2937,Pro SEO Solution 2937,SEO,,,Improves organic search visibility and website performance scores.," 1,108 ",Freemium,https://apps.shopify.com/solution-2937
2938,Pro Marketing Solution 2938,Marketing,,,Automates customer communication and campaign attribution.," 1,108 ",Freemium,https://apps.shopify.com/solution-2938
2939,Pro Sales Solution 2939,Sales,,,Boosts average order value with conversion-focused UI elements.," 1,107 ",from $9.99/mo,https://apps.shopify.com/solution-2939
2940,Pro Support Solution 2940,Support,,,Centralizes customer queries into a single helpdesk interface.," 1,107 ",from $9.99/mo,https://apps.shopify.com/solution-2940
2941,Pro Design Solution 2941,Design,,,Enhances store aesthetics with drag-and-drop themes and pages.," 1,107 ",from $9.99/mo,https://apps.shopify.com/solution-2941
2942,Pro Fulfillment Solution 2942,Fulfillment,,,Streamlines shipping workflows and delivery time tracking.," 1,106 ",Free plan available,https://apps.shopify.com/solution-2942
2943,Pro Inventory Solution 2943,Inventory,,,Syncs stock levels across multiple warehouses and channels.," 1,106 ",Freemium,https://apps.shopify.com/solution-2943
2944,Pro Analytics Solution 2944,Analytics,,,Provides data-driven insights into sales and customer cohorts.," 1,106 ",from $9.99/mo,https://apps.shopify.com/solution-2944
2945,Pro Legal Solution 2945,Legal,,,Ensures store compliance with privacy and tax regulations.," 1,105 ",from $29/mo,https://apps.shopify.com/solution-2945
2946,Pro Subscriptions Solution 2946,Subscriptions,,,Manages recurring revenue and customer billing flows.," 1,105 ",from $29/mo,https://apps.shopify.com/solution-2946
2947,Pro Dropshipping Solution 2947,Dropshipping,,,Automates product sourcing and third-party fulfillment.," 1,105 ",Free,https://apps.shopify.com/solution-2947
2948,Pro SEO Solution 2948,SEO,,,Improves organic search visibility and website performance scores.," 1,104 ",Freemium,https://apps.shopify.com/solution-2948
2949,Pro Marketing Solution 2949,Marketing,,,Automates customer communication and campaign attribution.," 1,104 ",from $9.99/mo,https://apps.shopify.com/solution-2949
2950,Pro Sales Solution 2950,Sales,,,Boosts average order value with conversion-focused UI elements.," 1,104 ",from $9.99/mo,https://apps.shopify.com/solution-2950
2951,Pro Support Solution 2951,Support,,,Centralizes customer queries into a single helpdesk interface.," 1,104 ",Free,https://apps.shopify.com/solution-2951
2952,Pro Design Solution 2952,Design,,,Enhances store aesthetics with drag-and-drop themes and pages.," 1,103 ",Freemium,https://apps.shopify.com/solution-2952
2953,Pro Fulfillment Solution 2953,Fulfillment,,,Streamlines shipping workflows and delivery time tracking.," 1,103 ",from $9.99/mo,https://apps.shopify.com/solution-2953
2954,Pro Inventory Solution 2954,Inventory,,,Syncs stock levels across multiple warehouses and channels.," 1,103 ",Freemium,https://apps.shopify.com/solution-2954
2955,Pro Analytics Solution 2955,Analytics,,,Provides data-driven insights into sales and customer cohorts.," 1,102 ",Free plan available,https://apps.shopify.com/solution-2955
2956,Pro Legal Solution 2956,Legal,,,Ensures store compliance with privacy and tax regulations.," 1,102 ",from $29/mo,https://apps.shopify.com/solution-2956
2957,Pro Subscriptions Solution 2957,Subscriptions,,,Manages recurring revenue and customer billing flows.," 1,102 ",from $9.99/mo,https://apps.shopify.com/solution-2957
2958,Pro Dropshipping Solution 2958,Dropshipping,,,Automates product sourcing and third-party fulfillment.," 1,101 ",from $29/mo,https://apps.shopify.com/solution-2958
2959,Pro SEO Solution 2959,SEO,,,Improves organic search visibility and website performance scores.," 1,101 ",Free,https://apps.shopify.com/solution-2959
2960,Pro Marketing Solution 2960,Marketing,,,Automates customer communication and campaign attribution.," 1,101 ",Freemium,https://apps.shopify.com/solution-2960
2961,Pro Sales Solution 2961,Sales,,,Boosts average order value with conversion-focused UI elements.," 1,100 ",Free,https://apps.shopify.com/solution-2961
2962,Pro Support Solution 2962,Support,,,Centralizes customer queries into a single helpdesk interface.," 1,100 ",Free,https://apps.shopify.com/solution-2962
2963,Pro Design Solution 2963,Design,,,Enhances store aesthetics with drag-and-drop themes and pages.," 1,100 ",from $29/mo,https://apps.shopify.com/solution-2963
2964,Pro Fulfillment Solution 2964,Fulfillment,,,Streamlines shipping workflows and delivery time tracking.," 1,099 ",from $9.99/mo,https://apps.shopify.com/solution-2964
2965,Pro Inventory Solution 2965,Inventory,,,Syncs stock levels across multiple warehouses and channels.," 1,099 ",from $29/mo,https://apps.shopify.com/solution-2965
2966,Pro Analytics Solution 2966,Analytics,,,Provides data-driven insights into sales and customer cohorts.," 1,099 ",Freemium,https://apps.shopify.com/solution-2966
2967,Pro Legal Solution 2967,Legal,,,Ensures store compliance with privacy and tax regulations.," 1,098 ",from $9.99/mo,https://apps.shopify.com/solution-2967
2968,Pro Subscriptions Solution 2968,Subscriptions,,,Manages recurring revenue and customer billing flows.," 1,098 ",Free plan available,https://apps.shopify.com/solution-2968
2969,Pro Dropshipping Solution 2969,Dropshipping,,,Automates product sourcing and third-party fulfillment.," 1,098 ",Freemium,https://apps.shopify.com/solution-2969
2970,Pro SEO Solution 2970,SEO,,,Improves organic search visibility and website performance scores.," 1,097 ",Free,https://apps.shopify.com/solution-2970
2971,Pro Marketing Solution 2971,Marketing,,,Automates customer communication and campaign attribution.," 1,097 ",from $9.99/mo,https://apps.shopify.com/solution-2971
2972,Pro Sales Solution 2972,Sales,,,Boosts average order value with conversion-focused UI elements.," 1,097 ",from $29/mo,https://apps.shopify.com/solution-2972
2973,Pro Support Solution 2973,Support,,,Centralizes customer queries into a single helpdesk interface.," 1,096 ",Free plan available,https://apps.shopify.com/solution-2973
2974,Pro Design Solution 2974,Design,,,Enhances store aesthetics with drag-and-drop themes and pages.," 1,096 ",from $9.99/mo,https://apps.shopify.com/solution-2974
2975,Pro Fulfillment Solution 2975,Fulfillment,,,Streamlines shipping workflows and delivery time tracking.," 1,096 ",Freemium,https://apps.shopify.com/solution-2975
2976,Pro Inventory Solution 2976,Inventory,,,Syncs stock levels across multiple warehouses and channels.," 1,095 ",Free,https://apps.shopify.com/solution-2976
2977,Pro Analytics Solution 2977,Analytics,,,Provides data-driven insights into sales and customer cohorts.," 1,095 ",Free,https://apps.shopify.com/solution-2977
2978,Pro Legal Solution 2978,Legal,,,Ensures store compliance with privacy and tax regulations.," 1,095 ",from $29/mo,https://apps.shopify.com/solution-2978
2979,Pro Subscriptions Solution 2979,Subscriptions,,,Manages recurring revenue and customer billing flows.," 1,095 ",from $9.99/mo,https://apps.shopify.com/solution-2979
2980,Pro Dropshipping Solution 2980,Dropshipping,,,Automates product sourcing and third-party fulfillment.," 1,094 ",Free plan available,https://apps.shopify.com/solution-2980
2981,Pro SEO Solution 2981,SEO,,,Improves organic search visibility and website performance scores.," 1,094 ",Free,https://apps.shopify.com/solution-2981
2982,Pro Marketing Solution 2982,Marketing,,,Automates customer communication and campaign attribution.," 1,094 ",Freemium,https://apps.shopify.com/solution-2982
2983,Pro Sales Solution 2983,Sales,,,Boosts average order value with conversion-focused UI elements.," 1,093 ",from $29/mo,https://apps.shopify.com/solution-2983
2984,Pro Support Solution 2984,Support,,,Centralizes customer queries into a single helpdesk interface.," 1,093 ",from $9.99/mo,https://apps.shopify.com/solution-2984
2985,Pro Design Solution 2985,Design,,,Enhances store aesthetics with drag-and-drop themes and pages.," 1,093 ",Freemium,https://apps.shopify.com/solution-2985
2986,Pro Fulfillment Solution 2986,Fulfillment,,,Streamlines shipping workflows and delivery time tracking.," 1,092 ",from $9.99/mo,https://apps.shopify.com/solution-2986
2987,Pro Inventory Solution 2987,Inventory,,,Syncs stock levels across multiple warehouses and channels.," 1,092 ",Free plan available,https://apps.shopify.com/solution-2987
2988,Pro Analytics Solution 2988,Analytics,,,Provides data-driven insights into sales and customer cohorts.," 1,092 ",Free,https://apps.shopify.com/solution-2988
2989,Pro Legal Solution 2989,Legal,,,Ensures store compliance with privacy and tax regulations.," 1,091 ",Free,https://apps.shopify.com/solution-2989
2990,Pro Subscriptions Solution 2990,Subscriptions,,,Manages recurring revenue and customer billing flows.," 1,091 ",Free,https://apps.shopify.com/solution-2990
2991,Pro Dropshipping Solution 2991,Dropshipping,,,Automates product sourcing and third-party fulfillment.," 1,091 ",from $29/mo,https://apps.shopify.com/solution-2991
2992,Pro SEO Solution 2992,SEO,,,Improves organic search visibility and website performance scores.," 1,090 ",from $29/mo,https://apps.shopify.com/solution-2992
2993,Pro Marketing Solution 2993,Marketing,,,Automates customer communication and campaign attribution.," 1,090 ",from $9.99/mo,https://apps.shopify.com/solution-2993
2994,Pro Sales Solution 2994,Sales,,,Boosts average order value with conversion-focused UI elements.," 1,090 ",Free plan available,https://apps.shopify.com/solution-2994
2995,Pro Support Solution 2995,Support,,,Centralizes customer queries into a single helpdesk interface.," 1,089 ",Free,https://apps.shopify.com/solution-2995
2996,Pro Design Solution 2996,Design,,,Enhances store aesthetics with drag-and-drop themes and pages.," 1,089 ",from $9.99/mo,https://apps.shopify.com/solution-2996
2997,Pro Fulfillment Solution 2997,Fulfillment,,,Streamlines shipping workflows and delivery time tracking.," 1,089 ",Free plan available,https://apps.shopify.com/solution-2997
2998,Pro Inventory Solution 2998,Inventory,,,Syncs stock levels across multiple warehouses and channels.," 1,089 ",Freemium,https://apps.shopify.com/solution-2998
2999,Pro Analytics Solution 2999,Analytics,,,Provides data-driven insights into sales and customer cohorts.," 1,088 ",from $29/mo,https://apps.shopify.com/solution-2999
3000,Pro Legal Solution 3000,Legal,,,Ensures store compliance with privacy and tax regulations.," 1,088 ",Free plan available,https://apps.shopify.com/solution-3000
3001,Pro Subscriptions Solution 3001,Subscriptions,,,Manages recurring revenue and customer billing flows.," 1,088 ",Freemium,https://apps.shopify.com/solution-3001
3002,Pro Dropshipping Solution 3002,Dropshipping,,,Automates product sourcing and third-party fulfillment.," 1,087 ",Freemium,https://apps.shopify.com/solution-3002
3003,Pro SEO Solution 3003,SEO,,,Improves organic search visibility and website performance scores.," 1,087 ",Freemium,https://apps.shopify.com/solution-3003
3004,Pro Marketing Solution 3004,Marketing,,,Automates customer communication and campaign attribution.," 1,087 ",from $9.99/mo,https://apps.shopify.com/solution-3004
3005,Pro Sales Solution 3005,Sales,,,Boosts average order value with conversion-focused UI elements.," 1,086 ",from $9.99/mo,https://apps.shopify.com/solution-3005
3006,Pro Support Solution 3006,Support,,,Centralizes customer queries into a single helpdesk interface.," 1,086 ",from $9.99/mo,https://apps.shopify.com/solution-3006
3007,Pro Design Solution 3007,Design,,,Enhances store aesthetics with drag-and-drop themes and pages.," 1,086 ",Free,https://apps.shopify.com/solution-3007
3008,Pro Fulfillment Solution 3008,Fulfillment,,,Streamlines shipping workflows and delivery time tracking.," 1,085 ",Freemium,https://apps.shopify.com/solution-3008
3009,Pro Inventory Solution 3009,Inventory,,,Syncs stock levels across multiple warehouses and channels.," 1,085 ",from $29/mo,https://apps.shopify.com/solution-3009
3010,Pro Analytics Solution 3010,Analytics,,,Provides data-driven insights into sales and customer cohorts.," 1,085 ",Free plan available,https://apps.shopify.com/solution-3010
3011,Pro Legal Solution 3011,Legal,,,Ensures store compliance with privacy and tax regulations.," 1,084 ",Free plan available,https://apps.shopify.com/solution-3011
3012,Pro Subscriptions Solution 3012,Subscriptions,,,Manages recurring revenue and customer billing flows.," 1,084 ",Freemium,https://apps.shopify.com/solution-3012
3013,Pro Dropshipping Solution 3013,Dropshipping,,,Automates product sourcing and third-party fulfillment.," 1,084 ",from $9.99/mo,https://apps.shopify.com/solution-3013
3014,Pro SEO Solution 3014,SEO,,,Improves organic search visibility and website performance scores.," 1,084 ",from $9.99/mo,https://apps.shopify.com/solution-3014
3015,Pro Marketing Solution 3015,Marketing,,,Automates customer communication and campaign attribution.," 1,083 ",from $29/mo,https://apps.shopify.com/solution-3015
3016,Pro Sales Solution 3016,Sales,,,Boosts average order value with conversion-focused UI elements.," 1,083 ",Freemium,https://apps.shopify.com/solution-3016
3017,Pro Support Solution 3017,Support,,,Centralizes customer queries into a single helpdesk interface.," 1,083 ",from $9.99/mo,https://apps.shopify.com/solution-3017
3018,Pro Design Solution 3018,Design,,,Enhances store aesthetics with drag-and-drop themes and pages.," 1,082 ",Free plan available,https://apps.shopify.com/solution-3018
3019,Pro Fulfillment Solution 3019,Fulfillment,,,Streamlines shipping workflows and delivery time tracking.," 1,082 ",from $29/mo,https://apps.shopify.com/solution-3019
3020,Pro Inventory Solution 3020,Inventory,,,Syncs stock levels across multiple warehouses and channels.," 1,082 ",Free,https://apps.shopify.com/solution-3020
3021,Pro Analytics Solution 3021,Analytics,,,Provides data-driven insights into sales and customer cohorts.," 1,081 ",Free,https://apps.shopify.com/solution-3021
3022,Pro Legal Solution 3022,Legal,,,Ensures store compliance with privacy and tax regulations.," 1,081 ",Freemium,https://apps.shopify.com/solution-3022
3023,Pro Subscriptions Solution 3023,Subscriptions,,,Manages recurring revenue and customer billing flows.," 1,081 ",Free,https://apps.shopify.com/solution-3023
3024,Pro Dropshipping Solution 3024,Dropshipping,,,Automates product sourcing and third-party fulfillment.," 1,080 ",from $9.99/mo,https://apps.shopify.com/solution-3024
3025,Pro SEO Solution 3025,SEO,,,Improves organic search visibility and website performance scores.," 1,080 ",Freemium,https://apps.shopify.com/solution-3025
3026,Pro Marketing Solution 3026,Marketing,,,Automates customer communication and campaign attribution.," 1,080 ",from $29/mo,https://apps.shopify.com/solution-3026
3027,Pro Sales Solution 3027,Sales,,,Boosts average order value with conversion-focused UI elements.," 1,080 ",Freemium,https://apps.shopify.com/solution-3027
3028,Pro Support Solution 3028,Support,,,Centralizes customer queries into a single helpdesk interface.," 1,079 ",Free,https://apps.shopify.com/solution-3028
3029,Pro Design Solution 3029,Design,,,Enhances store aesthetics with drag-and-drop themes and pages.," 1,079 ",from $29/mo,https://apps.shopify.com/solution-3029
3030,Pro Fulfillment Solution 3030,Fulfillment,,,Streamlines shipping workflows and delivery time tracking.," 1,079 ",from $29/mo,https://apps.shopify.com/solution-3030
3031,Pro Inventory Solution 3031,Inventory,,,Syncs stock levels across multiple warehouses and channels.," 1,078 ",Free plan available,https://apps.shopify.com/solution-3031
3032,Pro Analytics Solution 3032,Analytics,,,Provides data-driven insights into sales and customer cohorts.," 1,078 ",from $9.99/mo,https://apps.shopify.com/solution-3032
3033,Pro Legal Solution 3033,Legal,,,Ensures store compliance with privacy and tax regulations.," 1,078 ",Free plan available,https://apps.shopify.com/solution-3033
3034,Pro Subscriptions Solution 3034,Subscriptions,,,Manages recurring revenue and customer billing flows.," 1,077 ",Free,https://apps.shopify.com/solution-3034
3035,Pro Dropshipping Solution 3035,Dropshipping,,,Automates product sourcing and third-party fulfillment.," 1,077 ",Freemium,https://apps.shopify.com/solution-3035
3036,Pro SEO Solution 3036,SEO,,,Improves organic search visibility and website performance scores.," 1,077 ",from $9.99/mo,https://apps.shopify.com/solution-3036
3037,Pro Marketing Solution 3037,Marketing,,,Automates customer communication and campaign attribution.," 1,076 ",Freemium,https://apps.shopify.com/solution-3037
3038,Pro Sales Solution 3038,Sales,,,Boosts average order value with conversion-focused UI elements.," 1,076 ",Freemium,https://apps.shopify.com/solution-3038
3039,Pro Support Solution 3039,Support,,,Centralizes customer queries into a single helpdesk interface.," 1,076 ",Free,https://apps.shopify.com/solution-3039
3040,Pro Design Solution 3040,Design,,,Enhances store aesthetics with drag-and-drop themes and pages.," 1,076 ",Freemium,https://apps.shopify.com/solution-3040
3041,Pro Fulfillment Solution 3041,Fulfillment,,,Streamlines shipping workflows and delivery time tracking.," 1,075 ",from $9.99/mo,https://apps.shopify.com/solution-3041
3042,Pro Inventory Solution 3042,Inventory,,,Syncs stock levels across multiple warehouses and channels.," 1,075 ",Free plan available,https://apps.shopify.com/solution-3042
3043,Pro Analytics Solution 3043,Analytics,,,Provides data-driven insights into sales and customer cohorts.," 1,075 ",Freemium,https://apps.shopify.com/solution-3043
3044,Pro Legal Solution 3044,Legal,,,Ensures store compliance with privacy and tax regulations.," 1,074 ",from $9.99/mo,https://apps.shopify.com/solution-3044
3045,Pro Subscriptions Solution 3045,Subscriptions,,,Manages recurring revenue and customer billing flows.," 1,074 ",from $29/mo,https://apps.shopify.com/solution-3045
3046,Pro Dropshipping Solution 3046,Dropshipping,,,Automates product sourcing and third-party fulfillment.," 1,074 ",from $29/mo,https://apps.shopify.com/solution-3046
3047,Pro SEO Solution 3047,SEO,,,Improves organic search visibility and website performance scores.," 1,073 ",Free plan available,https://apps.shopify.com/solution-3047
3048,Pro Marketing Solution 3048,Marketing,,,Automates customer communication and campaign attribution.," 1,073 ",from $29/mo,https://apps.shopify.com/solution-3048
3049,Pro Sales Solution 3049,Sales,,,Boosts average order value with conversion-focused UI elements.," 1,073 ",from $9.99/mo,https://apps.shopify.com/solution-3049
3050,Pro Support Solution 3050,Support,,,Centralizes customer queries into a single helpdesk interface.," 1,072 ",Freemium,https://apps.shopify.com/solution-3050
3051,Pro Design Solution 3051,Design,,,Enhances store aesthetics with drag-and-drop themes and pages.," 1,072 ",from $29/mo,https://apps.shopify.com/solution-3051
3052,Pro Fulfillment Solution 3052,Fulfillment,,,Streamlines shipping workflows and delivery time tracking.," 1,072 ",Freemium,https://apps.shopify.com/solution-3052
3053,Pro Inventory Solution 3053,Inventory,,,Syncs stock levels across multiple warehouses and channels.," 1,072 ",Freemium,https://apps.shopify.com/solution-3053
3054,Pro Analytics Solution 3054,Analytics,,,Provides data-driven insights into sales and customer cohorts.," 1,071 ",from $29/mo,https://apps.shopify.com/solution-3054
3055,Pro Legal Solution 3055,Legal,,,Ensures store compliance with privacy and tax regulations.," 1,071 ",from $9.99/mo,https://apps.shopify.com/solution-3055
3056,Pro Subscriptions Solution 3056,Subscriptions,,,Manages recurring revenue and customer billing flows.," 1,071 ",from $9.99/mo,https://apps.shopify.com/solution-3056
3057,Pro Dropshipping Solution 3057,Dropshipping,,,Automates product sourcing and third-party fulfillment.," 1,070 ",from $9.99/mo,https://apps.shopify.com/solution-3057
3058,Pro SEO Solution 3058,SEO,,,Improves organic search visibility and website performance scores.," 1,070 ",from $29/mo,https://apps.shopify.com/solution-3058
3059,Pro Marketing Solution 3059,Marketing,,,Automates customer communication and campaign attribution.," 1,070 ",from $29/mo,https://apps.shopify.com/solution-3059
3060,Pro Sales Solution 3060,Sales,,,Boosts average order value with conversion-focused UI elements.," 1,069 ",Free plan available,https://apps.shopify.com/solution-3060
3061,Pro Support Solution 3061,Support,,,Centralizes customer queries into a single helpdesk interface.," 1,069 ",Freemium,https://apps.shopify.com/solution-3061
3062,Pro Design Solution 3062,Design,,,Enhances store aesthetics with drag-and-drop themes and pages.," 1,069 ",Free,https://apps.shopify.com/solution-3062
3063,Pro Fulfillment Solution 3063,Fulfillment,,,Streamlines shipping workflows and delivery time tracking.," 1,069 ",Freemium,https://apps.shopify.com/solution-3063
3064,Pro Inventory Solution 3064,Inventory,,,Syncs stock levels across multiple warehouses and channels.," 1,068 ",Free,https://apps.shopify.com/solution-3064
3065,Pro Analytics Solution 3065,Analytics,,,Provides data-driven insights into sales and customer cohorts.," 1,068 ",from $9.99/mo,https://apps.shopify.com/solution-3065
3066,Pro Legal Solution 3066,Legal,,,Ensures store compliance with privacy and tax regulations.," 1,068 ",Freemium,https://apps.shopify.com/solution-3066
3067,Pro Subscriptions Solution 3067,Subscriptions,,,Manages recurring revenue and customer billing flows.," 1,067 ",Freemium,https://apps.shopify.com/solution-3067
3068,Pro Dropshipping Solution 3068,Dropshipping,,,Automates product sourcing and third-party fulfillment.," 1,067 ",Free,https://apps.shopify.com/solution-3068
3069,Pro SEO Solution 3069,SEO,,,Improves organic search visibility and website performance scores.," 1,067 ",Freemium,https://apps.shopify.com/solution-3069
3070,Pro Marketing Solution 3070,Marketing,,,Automates customer communication and campaign attribution.," 1,066 ",from $29/mo,https://apps.shopify.com/solution-3070
3071,Pro Sales Solution 3071,Sales,,,Boosts average order value with conversion-focused UI elements.," 1,066 ",Free plan available,https://apps.shopify.com/solution-3071
3072,Pro Support Solution 3072,Support,,,Centralizes customer queries into a single helpdesk interface.," 1,066 ",Free plan available,https://apps.shopify.com/solution-3072
3073,Pro Design Solution 3073,Design,,,Enhances store aesthetics with drag-and-drop themes and pages.," 1,066 ",Freemium,https://apps.shopify.com/solution-3073
3074,Pro Fulfillment Solution 3074,Fulfillment,,,Streamlines shipping workflows and delivery time tracking.," 1,065 ",from $29/mo,https://apps.shopify.com/solution-3074
3075,Pro Inventory Solution 3075,Inventory,,,Syncs stock levels across multiple warehouses and channels.," 1,065 ",Free,https://apps.shopify.com/solution-3075
3076,Pro Analytics Solution 3076,Analytics,,,Provides data-driven insights into sales and customer cohorts.," 1,065 ",Free plan available,https://apps.shopify.com/solution-3076
3077,Pro Legal Solution 3077,Legal,,,Ensures store compliance with privacy and tax regulations.," 1,064 ",Freemium,https://apps.shopify.com/solution-3077
3078,Pro Subscriptions Solution 3078,Subscriptions,,,Manages recurring revenue and customer billing flows.," 1,064 ",Free,https://apps.shopify.com/solution-3078
3079,Pro Dropshipping Solution 3079,Dropshipping,,,Automates product sourcing and third-party fulfillment.," 1,064 ",Free plan available,https://apps.shopify.com/solution-3079
3080,Pro SEO Solution 3080,SEO,,,Improves organic search visibility and website performance scores.," 1,063 ",Free,https://apps.shopify.com/solution-3080
3081,Pro Marketing Solution 3081,Marketing,,,Automates customer communication and campaign attribution.," 1,063 ",Free plan available,https://apps.shopify.com/solution-3081
3082,Pro Sales Solution 3082,Sales,,,Boosts average order value with conversion-focused UI elements.," 1,063 ",Freemium,https://apps.shopify.com/solution-3082
3083,Pro Support Solution 3083,Support,,,Centralizes customer queries into a single helpdesk interface.," 1,063 ",Free plan available,https://apps.shopify.com/solution-3083
3084,Pro Design Solution 3084,Design,,,Enhances store aesthetics with drag-and-drop themes and pages.," 1,062 ",from $29/mo,https://apps.shopify.com/solution-3084
3085,Pro Fulfillment Solution 3085,Fulfillment,,,Streamlines shipping workflows and delivery time tracking.," 1,062 ",Freemium,https://apps.shopify.com/solution-3085
3086,Pro Inventory Solution 3086,Inventory,,,Syncs stock levels across multiple warehouses and channels.," 1,062 ",Free plan available,https://apps.shopify.com/solution-3086
3087,Pro Analytics Solution 3087,Analytics,,,Provides data-driven insights into sales and customer cohorts.," 1,061 ",from $9.99/mo,https://apps.shopify.com/solution-3087
3088,Pro Legal Solution 3088,Legal,,,Ensures store compliance with privacy and tax regulations.," 1,061 ",Free,https://apps.shopify.com/solution-3088
3089,Pro Subscriptions Solution 3089,Subscriptions,,,Manages recurring revenue and customer billing flows.," 1,061 ",Free,https://apps.shopify.com/solution-3089
3090,Pro Dropshipping Solution 3090,Dropshipping,,,Automates product sourcing and third-party fulfillment.," 1,060 ",from $29/mo,https://apps.shopify.com/solution-3090
3091,Pro SEO Solution 3091,SEO,,,Improves organic search visibility and website performance scores.," 1,060 ",Free plan available,https://apps.shopify.com/solution-3091
3092,Pro Marketing Solution 3092,Marketing,,,Automates customer communication and campaign attribution.," 1,060 ",Free,https://apps.shopify.com/solution-3092
3093,Pro Sales Solution 3093,Sales,,,Boosts average order value with conversion-focused UI elements.," 1,060 ",Free,https://apps.shopify.com/solution-3093
3094,Pro Support Solution 3094,Support,,,Centralizes customer queries into a single helpdesk interface.," 1,059 ",from $9.99/mo,https://apps.shopify.com/solution-3094
3095,Pro Design Solution 3095,Design,,,Enhances store aesthetics with drag-and-drop themes and pages.," 1,059 ",Free,https://apps.shopify.com/solution-3095
3096,Pro Fulfillment Solution 3096,Fulfillment,,,Streamlines shipping workflows and delivery time tracking.," 1,059 ",from $9.99/mo,https://apps.shopify.com/solution-3096
3097,Pro Inventory Solution 3097,Inventory,,,Syncs stock levels across multiple warehouses and channels.," 1,058 ",from $29/mo,https://apps.shopify.com/solution-3097
3098,Pro Analytics Solution 3098,Analytics,,,Provides data-driven insights into sales and customer cohorts.," 1,058 ",from $9.99/mo,https://apps.shopify.com/solution-3098
3099,Pro Legal Solution 3099,Legal,,,Ensures store compliance with privacy and tax regulations.," 1,058 ",Free,https://apps.shopify.com/solution-3099
3100,Pro Subscriptions Solution 3100,Subscriptions,,,Manages recurring revenue and customer billing flows.," 1,058 ",Free,https://apps.shopify.com/solution-3100
3101,Pro Dropshipping Solution 3101,Dropshipping,,,Automates product sourcing and third-party fulfillment.," 1,057 ",Free,https://apps.shopify.com/solution-3101
3102,Pro SEO Solution 3102,SEO,,,Improves organic search visibility and website performance scores.," 1,057 ",from $29/mo,https://apps.shopify.com/solution-3102
3103,Pro Marketing Solution 3103,Marketing,,,Automates customer communication and campaign attribution.," 1,057 ",from $29/mo,https://apps.shopify.com/solution-3103
3104,Pro Sales Solution 3104,Sales,,,Boosts average order value with conversion-focused UI elements.," 1,056 ",Free,https://apps.shopify.com/solution-3104
3105,Pro Support Solution 3105,Support,,,Centralizes customer queries into a single helpdesk interface.," 1,056 ",Freemium,https://apps.shopify.com/solution-3105
3106,Pro Design Solution 3106,Design,,,Enhances store aesthetics with drag-and-drop themes and pages.," 1,056 ",from $9.99/mo,https://apps.shopify.com/solution-3106
3107,Pro Fulfillment Solution 3107,Fulfillment,,,Streamlines shipping workflows and delivery time tracking.," 1,055 ",Free,https://apps.shopify.com/solution-3107
3108,Pro Inventory Solution 3108,Inventory,,,Syncs stock levels across multiple warehouses and channels.," 1,055 ",Freemium,https://apps.shopify.com/solution-3108
3109,Pro Analytics Solution 3109,Analytics,,,Provides data-driven insights into sales and customer cohorts.," 1,055 ",from $29/mo,https://apps.shopify.com/solution-3109
3110,Pro Legal Solution 3110,Legal,,,Ensures store compliance with privacy and tax regulations.," 1,055 ",from $9.99/mo,https://apps.shopify.com/solution-3110
3111,Pro Subscriptions Solution 3111,Subscriptions,,,Manages recurring revenue and customer billing flows.," 1,054 ",Freemium,https://apps.shopify.com/solution-3111
3112,Pro Dropshipping Solution 3112,Dropshipping,,,Automates product sourcing and third-party fulfillment.," 1,054 ",Free plan available,https://apps.shopify.com/solution-3112
3113,Pro SEO Solution 3113,SEO,,,Improves organic search visibility and website performance scores.," 1,054 ",Freemium,https://apps.shopify.com/solution-3113
3114,Pro Marketing Solution 3114,Marketing,,,Automates customer communication and campaign attribution.," 1,053 ",from $9.99/mo,https://apps.shopify.com/solution-3114
3115,Pro Sales Solution 3115,Sales,,,Boosts average order value with conversion-focused UI elements.," 1,053 ",Freemium,https://apps.shopify.com/solution-3115
3116,Pro Support Solution 3116,Support,,,Centralizes customer queries into a single helpdesk interface.," 1,053 ",from $9.99/mo,https://apps.shopify.com/solution-3116
3117,Pro Design Solution 3117,Design,,,Enhances store aesthetics with drag-and-drop themes and pages.," 1,053 ",from $9.99/mo,https://apps.shopify.com/solution-3117
3118,Pro Fulfillment Solution 3118,Fulfillment,,,Streamlines shipping workflows and delivery time tracking.," 1,052 ",Free plan available,https://apps.shopify.com/solution-3118
3119,Pro Inventory Solution 3119,Inventory,,,Syncs stock levels across multiple warehouses and channels.," 1,052 ",from $9.99/mo,https://apps.shopify.com/solution-3119
3120,Pro Analytics Solution 3120,Analytics,,,Provides data-driven insights into sales and customer cohorts.," 1,052 ",Free plan available,https://apps.shopify.com/solution-3120
3121,Pro Legal Solution 3121,Legal,,,Ensures store compliance with privacy and tax regulations.," 1,051 ",Freemium,https://apps.shopify.com/solution-3121
3122,Pro Subscriptions Solution 3122,Subscriptions,,,Manages recurring revenue and customer billing flows.," 1,051 ",Free,https://apps.shopify.com/solution-3122
3123,Pro Dropshipping Solution 3123,Dropshipping,,,Automates product sourcing and third-party fulfillment.," 1,051 ",Free plan available,https://apps.shopify.com/solution-3123
3124,Pro SEO Solution 3124,SEO,,,Improves organic search visibility and website performance scores.," 1,050 ",Free plan available,https://apps.shopify.com/solution-3124
3125,Pro Marketing Solution 3125,Marketing,,,Automates customer communication and campaign attribution.," 1,050 ",Free,https://apps.shopify.com/solution-3125
3126,Pro Sales Solution 3126,Sales,,,Boosts average order value with conversion-focused UI elements.," 1,050 ",from $29/mo,https://apps.shopify.com/solution-3126
3127,Pro Support Solution 3127,Support,,,Centralizes customer queries into a single helpdesk interface.," 1,050 ",Free plan available,https://apps.shopify.com/solution-3127
3128,Pro Design Solution 3128,Design,,,Enhances store aesthetics with drag-and-drop themes and pages.," 1,049 ",Free plan available,https://apps.shopify.com/solution-3128
3129,Pro Fulfillment Solution 3129,Fulfillment,,,Streamlines shipping workflows and delivery time tracking.," 1,049 ",from $29/mo,https://apps.shopify.com/solution-3129
3130,Pro Inventory Solution 3130,Inventory,,,Syncs stock levels across multiple warehouses and channels.," 1,049 ",Freemium,https://apps.shopify.com/solution-3130
3131,Pro Analytics Solution 3131,Analytics,,,Provides data-driven insights into sales and customer cohorts.," 1,048 ",Free plan available,https://apps.shopify.com/solution-3131
3132,Pro Legal Solution 3132,Legal,,,Ensures store compliance with privacy and tax regulations.," 1,048 ",Free,https://apps.shopify.com/solution-3132
3133,Pro Subscriptions Solution 3133,Subscriptions,,,Manages recurring revenue and customer billing flows.," 1,048 ",from $29/mo,https://apps.shopify.com/solution-3133
3134,Pro Dropshipping Solution 3134,Dropshipping,,,Automates product sourcing and third-party fulfillment.," 1,048 ",from $9.99/mo,https://apps.shopify.com/solution-3134
3135,Pro SEO Solution 3135,SEO,,,Improves organic search visibility and website performance scores.," 1,047 ",Free plan available,https://apps.shopify.com/solution-3135
3136,Pro Marketing Solution 3136,Marketing,,,Automates customer communication and campaign attribution.," 1,047 ",Free plan available,https://apps.shopify.com/solution-3136
3137,Pro Sales Solution 3137,Sales,,,Boosts average order value with conversion-focused UI elements.," 1,047 ",from $29/mo,https://apps.shopify.com/solution-3137
3138,Pro Support Solution 3138,Support,,,Centralizes customer queries into a single helpdesk interface.," 1,046 ",Free,https://apps.shopify.com/solution-3138
3139,Pro Design Solution 3139,Design,,,Enhances store aesthetics with drag-and-drop themes and pages.," 1,046 ",from $29/mo,https://apps.shopify.com/solution-3139
3140,Pro Fulfillment Solution 3140,Fulfillment,,,Streamlines shipping workflows and delivery time tracking.," 1,046 ",Free,https://apps.shopify.com/solution-3140
3141,Pro Inventory Solution 3141,Inventory,,,Syncs stock levels across multiple warehouses and channels.," 1,046 ",from $29/mo,https://apps.shopify.com/solution-3141
3142,Pro Analytics Solution 3142,Analytics,,,Provides data-driven insights into sales and customer cohorts.," 1,045 ",Free,https://apps.shopify.com/solution-3142
3143,Pro Legal Solution 3143,Legal,,,Ensures store compliance with privacy and tax regulations.," 1,045 ",Freemium,https://apps.shopify.com/solution-3143
3144,Pro Subscriptions Solution 3144,Subscriptions,,,Manages recurring revenue and customer billing flows.," 1,045 ",Freemium,https://apps.shopify.com/solution-3144
3145,Pro Dropshipping Solution 3145,Dropshipping,,,Automates product sourcing and third-party fulfillment.," 1,044 ",Free plan available,https://apps.shopify.com/solution-3145
3146,Pro SEO Solution 3146,SEO,,,Improves organic search visibility and website performance scores.," 1,044 ",from $29/mo,https://apps.shopify.com/solution-3146
3147,Pro Marketing Solution 3147,Marketing,,,Automates customer communication and campaign attribution.," 1,044 ",Free,https://apps.shopify.com/solution-3147
3148,Pro Sales Solution 3148,Sales,,,Boosts average order value with conversion-focused UI elements.," 1,044 ",Free plan available,https://apps.shopify.com/solution-3148
3149,Pro Support Solution 3149,Support,,,Centralizes customer queries into a single helpdesk interface.," 1,043 ",Free plan available,https://apps.shopify.com/solution-3149
3150,Pro Design Solution 3150,Design,,,Enhances store aesthetics with drag-and-drop themes and pages.," 1,043 ",Free plan available,https://apps.shopify.com/solution-3150
3151,Pro Fulfillment Solution 3151,Fulfillment,,,Streamlines shipping workflows and delivery time tracking.," 1,043 ",Freemium,https://apps.shopify.com/solution-3151
3152,Pro Inventory Solution 3152,Inventory,,,Syncs stock levels across multiple warehouses and channels.," 1,042 ",Free,https://apps.shopify.com/solution-3152
3153,Pro Analytics Solution 3153,Analytics,,,Provides data-driven insights into sales and customer cohorts.," 1,042 ",Freemium,https://apps.shopify.com/solution-3153
3154,Pro Legal Solution 3154,Legal,,,Ensures store compliance with privacy and tax regulations.," 1,042 ",Freemium,https://apps.shopify.com/solution-3154
3155,Pro Subscriptions Solution 3155,Subscriptions,,,Manages recurring revenue and customer billing flows.," 1,042 ",Free plan available,https://apps.shopify.com/solution-3155
3156,Pro Dropshipping Solution 3156,Dropshipping,,,Automates product sourcing and third-party fulfillment.," 1,041 ",from $9.99/mo,https://apps.shopify.com/solution-3156
3157,Pro SEO Solution 3157,SEO,,,Improves organic search visibility and website performance scores.," 1,041 ",Free,https://apps.shopify.com/solution-3157
3158,Pro Marketing Solution 3158,Marketing,,,Automates customer communication and campaign attribution.," 1,041 ",Free plan available,https://apps.shopify.com/solution-3158
3159,Pro Sales Solution 3159,Sales,,,Boosts average order value with conversion-focused UI elements.," 1,040 ",Free plan available,https://apps.shopify.com/solution-3159
3160,Pro Support Solution 3160,Support,,,Centralizes customer queries into a single helpdesk interface.," 1,040 ",from $9.99/mo,https://apps.shopify.com/solution-3160
3161,Pro Design Solution 3161,Design,,,Enhances store aesthetics with drag-and-drop themes and pages.," 1,040 ",from $29/mo,https://apps.shopify.com/solution-3161
3162,Pro Fulfillment Solution 3162,Fulfillment,,,Streamlines shipping workflows and delivery time tracking.," 1,040 ",Freemium,https://apps.shopify.com/solution-3162
3163,Pro Inventory Solution 3163,Inventory,,,Syncs stock levels across multiple warehouses and channels.," 1,039 ",Freemium,https://apps.shopify.com/solution-3163
3164,Pro Analytics Solution 3164,Analytics,,,Provides data-driven insights into sales and customer cohorts.," 1,039 ",Free,https://apps.shopify.com/solution-3164
3165,Pro Legal Solution 3165,Legal,,,Ensures store compliance with privacy and tax regulations.," 1,039 ",Free,https://apps.shopify.com/solution-3165
3166,Pro Subscriptions Solution 3166,Subscriptions,,,Manages recurring revenue and customer billing flows.," 1,038 ",Free plan available,https://apps.shopify.com/solution-3166
3167,Pro Dropshipping Solution 3167,Dropshipping,,,Automates product sourcing and third-party fulfillment.," 1,038 ",Free plan available,https://apps.shopify.com/solution-3167
3168,Pro SEO Solution 3168,SEO,,,Improves organic search visibility and website performance scores.," 1,038 ",Free,https://apps.shopify.com/solution-3168
3169,Pro Marketing Solution 3169,Marketing,,,Automates customer communication and campaign attribution.," 1,038 ",Free plan available,https://apps.shopify.com/solution-3169
3170,Pro Sales Solution 3170,Sales,,,Boosts average order value with conversion-focused UI elements.," 1,037 ",Free,https://apps.shopify.com/solution-3170
3171,Pro Support Solution 3171,Support,,,Centralizes customer queries into a single helpdesk interface.," 1,037 ",Free plan available,https://apps.shopify.com/solution-3171
3172,Pro Design Solution 3172,Design,,,Enhances store aesthetics with drag-and-drop themes and pages.," 1,037 ",from $29/mo,https://apps.shopify.com/solution-3172
3173,Pro Fulfillment Solution 3173,Fulfillment,,,Streamlines shipping workflows and delivery time tracking.," 1,036 ",from $29/mo,https://apps.shopify.com/solution-3173
3174,Pro Inventory Solution 3174,Inventory,,,Syncs stock levels across multiple warehouses and channels.," 1,036 ",Freemium,https://apps.shopify.com/solution-3174
3175,Pro Analytics Solution 3175,Analytics,,,Provides data-driven insights into sales and customer cohorts.," 1,036 ",Free,https://apps.shopify.com/solution-3175
3176,Pro Legal Solution 3176,Legal,,,Ensures store compliance with privacy and tax regulations.," 1,036 ",from $9.99/mo,https://apps.shopify.com/solution-3176
3177,Pro Subscriptions Solution 3177,Subscriptions,,,Manages recurring revenue and customer billing flows.," 1,035 ",Free,https://apps.shopify.com/solution-3177
3178,Pro Dropshipping Solution 3178,Dropshipping,,,Automates product sourcing and third-party fulfillment.," 1,035 ",from $9.99/mo,https://apps.shopify.com/solution-3178
3179,Pro SEO Solution 3179,SEO,,,Improves organic search visibility and website performance scores.," 1,035 ",from $29/mo,https://apps.shopify.com/solution-3179
3180,Pro Marketing Solution 3180,Marketing,,,Automates customer communication and campaign attribution.," 1,034 ",from $9.99/mo,https://apps.shopify.com/solution-3180
3181,Pro Sales Solution 3181,Sales,,,Boosts average order value with conversion-focused UI elements.," 1,034 ",from $9.99/mo,https://apps.shopify.com/solution-3181
3182,Pro Support Solution 3182,Support,,,Centralizes customer queries into a single helpdesk interface.," 1,034 ",Freemium,https://apps.shopify.com/solution-3182
3183,Pro Design Solution 3183,Design,,,Enhances store aesthetics with drag-and-drop themes and pages.," 1,034 ",from $9.99/mo,https://apps.shopify.com/solution-3183
3184,Pro Fulfillment Solution 3184,Fulfillment,,,Streamlines shipping workflows and delivery time tracking.," 1,033 ",Free plan available,https://apps.shopify.com/solution-3184
3185,Pro Inventory Solution 3185,Inventory,,,Syncs stock levels across multiple warehouses and channels.," 1,033 ",from $9.99/mo,https://apps.shopify.com/solution-3185
3186,Pro Analytics Solution 3186,Analytics,,,Provides data-driven insights into sales and customer cohorts.," 1,033 ",Freemium,https://apps.shopify.com/solution-3186
3187,Pro Legal Solution 3187,Legal,,,Ensures store compliance with privacy and tax regulations.," 1,033 ",Free,https://apps.shopify.com/solution-3187
3188,Pro Subscriptions Solution 3188,Subscriptions,,,Manages recurring revenue and customer billing flows.," 1,032 ",Free,https://apps.shopify.com/solution-3188
3189,Pro Dropshipping Solution 3189,Dropshipping,,,Automates product sourcing and third-party fulfillment.," 1,032 ",from $29/mo,https://apps.shopify.com/solution-3189
3190,Pro SEO Solution 3190,SEO,,,Improves organic search visibility and website performance scores.," 1,032 ",Free,https://apps.shopify.com/solution-3190
3191,Pro Marketing Solution 3191,Marketing,,,Automates customer communication and campaign attribution.," 1,031 ",from $29/mo,https://apps.shopify.com/solution-3191
3192,Pro Sales Solution 3192,Sales,,,Boosts average order value with conversion-focused UI elements.," 1,031 ",from $9.99/mo,https://apps.shopify.com/solution-3192
3193,Pro Support Solution 3193,Support,,,Centralizes customer queries into a single helpdesk interface.," 1,031 ",Free plan available,https://apps.shopify.com/solution-3193
3194,Pro Design Solution 3194,Design,,,Enhances store aesthetics with drag-and-drop themes and pages.," 1,031 ",from $9.99/mo,https://apps.shopify.com/solution-3194
3195,Pro Fulfillment Solution 3195,Fulfillment,,,Streamlines shipping workflows and delivery time tracking.," 1,030 ",Free plan available,https://apps.shopify.com/solution-3195
3196,Pro Inventory Solution 3196,Inventory,,,Syncs stock levels across multiple warehouses and channels.," 1,030 ",Freemium,https://apps.shopify.com/solution-3196
3197,Pro Analytics Solution 3197,Analytics,,,Provides data-driven insights into sales and customer cohorts.," 1,030 ",Free,https://apps.shopify.com/solution-3197
3198,Pro Legal Solution 3198,Legal,,,Ensures store compliance with privacy and tax regulations.," 1,029 ",from $9.99/mo,https://apps.shopify.com/solution-3198
3199,Pro Subscriptions Solution 3199,Subscriptions,,,Manages recurring revenue and customer billing flows.," 1,029 ",from $29/mo,https://apps.shopify.com/solution-3199
3200,Pro Dropshipping Solution 3200,Dropshipping,,,Automates product sourcing and third-party fulfillment.," 1,029 ",Free plan available,https://apps.shopify.com/solution-3200
3201,Pro SEO Solution 3201,SEO,,,Improves organic search visibility and website performance scores.," 1,029 ",Free plan available,https://apps.shopify.com/solution-3201
3202,Pro Marketing Solution 3202,Marketing,,,Automates customer communication and campaign attribution.," 1,028 ",Freemium,https://apps.shopify.com/solution-3202
3203,Pro Sales Solution 3203,Sales,,,Boosts average order value with conversion-focused UI elements.," 1,028 ",from $9.99/mo,https://apps.shopify.com/solution-3203
3204,Pro Support Solution 3204,Support,,,Centralizes customer queries into a single helpdesk interface.," 1,028 ",Freemium,https://apps.shopify.com/solution-3204
3205,Pro Design Solution 3205,Design,,,Enhances store aesthetics with drag-and-drop themes and pages.," 1,027 ",from $9.99/mo,https://apps.shopify.com/solution-3205
3206,Pro Fulfillment Solution 3206,Fulfillment,,,Streamlines shipping workflows and delivery time tracking.," 1,027 ",Free,https://apps.shopify.com/solution-3206
3207,Pro Inventory Solution 3207,Inventory,,,Syncs stock levels across multiple warehouses and channels.," 1,027 ",from $29/mo,https://apps.shopify.com/solution-3207
3208,Pro Analytics Solution 3208,Analytics,,,Provides data-driven insights into sales and customer cohorts.," 1,027 ",Free plan available,https://apps.shopify.com/solution-3208
3209,Pro Legal Solution 3209,Legal,,,Ensures store compliance with privacy and tax regulations.," 1,026 ",from $29/mo,https://apps.shopify.com/solution-3209
3210,Pro Subscriptions Solution 3210,Subscriptions,,,Manages recurring revenue and customer billing flows.," 1,026 ",from $29/mo,https://apps.shopify.com/solution-3210
3211,Pro Dropshipping Solution 3211,Dropshipping,,,Automates product sourcing and third-party fulfillment.," 1,026 ",from $29/mo,https://apps.shopify.com/solution-3211
3212,Pro SEO Solution 3212,SEO,,,Improves organic search visibility and website performance scores.," 1,026 ",from $29/mo,https://apps.shopify.com/solution-3212
3213,Pro Marketing Solution 3213,Marketing,,,Automates customer communication and campaign attribution.," 1,025 ",Free,https://apps.shopify.com/solution-3213
3214,Pro Sales Solution 3214,Sales,,,Boosts average order value with conversion-focused UI elements.," 1,025 ",from $9.99/mo,https://apps.shopify.com/solution-3214
3215,Pro Support Solution 3215,Support,,,Centralizes customer queries into a single helpdesk interface.," 1,025 ",from $29/mo,https://apps.shopify.com/solution-3215
3216,Pro Design Solution 3216,Design,,,Enhances store aesthetics with drag-and-drop themes and pages.," 1,024 ",from $29/mo,https://apps.shopify.com/solution-3216
3217,Pro Fulfillment Solution 3217,Fulfillment,,,Streamlines shipping workflows and delivery time tracking.," 1,024 ",Free,https://apps.shopify.com/solution-3217
3218,Pro Inventory Solution 3218,Inventory,,,Syncs stock levels across multiple warehouses and channels.," 1,024 ",Free plan available,https://apps.shopify.com/solution-3218
3219,Pro Analytics Solution 3219,Analytics,,,Provides data-driven insights into sales and customer cohorts.," 1,024 ",Freemium,https://apps.shopify.com/solution-3219
3220,Pro Legal Solution 3220,Legal,,,Ensures store compliance with privacy and tax regulations.," 1,023 ",Freemium,https://apps.shopify.com/solution-3220
3221,Pro Subscriptions Solution 3221,Subscriptions,,,Manages recurring revenue and customer billing flows.," 1,023 ",Free plan available,https://apps.shopify.com/solution-3221
3222,Pro Dropshipping Solution 3222,Dropshipping,,,Automates product sourcing and third-party fulfillment.," 1,023 ",Free plan available,https://apps.shopify.com/solution-3222
3223,Pro SEO Solution 3223,SEO,,,Improves organic search visibility and website performance scores.," 1,023 ",from $9.99/mo,https://apps.shopify.com/solution-3223
3224,Pro Marketing Solution 3224,Marketing,,,Automates customer communication and campaign attribution.," 1,022 ",from $29/mo,https://apps.shopify.com/solution-3224
3225,Pro Sales Solution 3225,Sales,,,Boosts average order value with conversion-focused UI elements.," 1,022 ",Free,https://apps.shopify.com/solution-3225
3226,Pro Support Solution 3226,Support,,,Centralizes customer queries into a single helpdesk interface.," 1,022 ",Freemium,https://apps.shopify.com/solution-3226
3227,Pro Design Solution 3227,Design,,,Enhances store aesthetics with drag-and-drop themes and pages.," 1,021 ",from $9.99/mo,https://apps.shopify.com/solution-3227
3228,Pro Fulfillment Solution 3228,Fulfillment,,,Streamlines shipping workflows and delivery time tracking.," 1,021 ",from $9.99/mo,https://apps.shopify.com/solution-3228
3229,Pro Inventory Solution 3229,Inventory,,,Syncs stock levels across multiple warehouses and channels.," 1,021 ",Freemium,https://apps.shopify.com/solution-3229
3230,Pro Analytics Solution 3230,Analytics,,,Provides data-driven insights into sales and customer cohorts.," 1,021 ",Free plan available,https://apps.shopify.com/solution-3230
3231,Pro Legal Solution 3231,Legal,,,Ensures store compliance with privacy and tax regulations.," 1,020 ",from $9.99/mo,https://apps.shopify.com/solution-3231
3232,Pro Subscriptions Solution 3232,Subscriptions,,,Manages recurring revenue and customer billing flows.," 1,020 ",Freemium,https://apps.shopify.com/solution-3232
3233,Pro Dropshipping Solution 3233,Dropshipping,,,Automates product sourcing and third-party fulfillment.," 1,020 ",from $9.99/mo,https://apps.shopify.com/solution-3233
3234,Pro SEO Solution 3234,SEO,,,Improves organic search visibility and website performance scores.," 1,020 ",Free,https://apps.shopify.com/solution-3234
3235,Pro Marketing Solution 3235,Marketing,,,Automates customer communication and campaign attribution.," 1,019 ",from $29/mo,https://apps.shopify.com/solution-3235
3236,Pro Sales Solution 3236,Sales,,,Boosts average order value with conversion-focused UI elements.," 1,019 ",Freemium,https://apps.shopify.com/solution-3236
3237,Pro Support Solution 3237,Support,,,Centralizes customer queries into a single helpdesk interface.," 1,019 ",Free plan available,https://apps.shopify.com/solution-3237
3238,Pro Design Solution 3238,Design,,,Enhances store aesthetics with drag-and-drop themes and pages.," 1,018 ",from $29/mo,https://apps.shopify.com/solution-3238
3239,Pro Fulfillment Solution 3239,Fulfillment,,,Streamlines shipping workflows and delivery time tracking.," 1,018 ",Free,https://apps.shopify.com/solution-3239
3240,Pro Inventory Solution 3240,Inventory,,,Syncs stock levels across multiple warehouses and channels.," 1,018 ",Free plan available,https://apps.shopify.com/solution-3240
3241,Pro Analytics Solution 3241,Analytics,,,Provides data-driven insights into sales and customer cohorts.," 1,018 ",Free plan available,https://apps.shopify.com/solution-3241
3242,Pro Legal Solution 3242,Legal,,,Ensures store compliance with privacy and tax regulations.," 1,017 ",from $9.99/mo,https://apps.shopify.com/solution-3242
3243,Pro Subscriptions Solution 3243,Subscriptions,,,Manages recurring revenue and customer billing flows.," 1,017 ",Free plan available,https://apps.shopify.com/solution-3243
3244,Pro Dropshipping Solution 3244,Dropshipping,,,Automates product sourcing and third-party fulfillment.," 1,017 ",from $29/mo,https://apps.shopify.com/solution-3244
3245,Pro SEO Solution 3245,SEO,,,Improves organic search visibility and website performance scores.," 1,017 ",Free,https://apps.shopify.com/solution-3245
3246,Pro Marketing Solution 3246,Marketing,,,Automates customer communication and campaign attribution.," 1,016 ",from $9.99/mo,https://apps.shopify.com/solution-3246
3247,Pro Sales Solution 3247,Sales,,,Boosts average order value with conversion-focused UI elements.," 1,016 ",from $29/mo,https://apps.shopify.com/solution-3247
3248,Pro Support Solution 3248,Support,,,Centralizes customer queries into a single helpdesk interface.," 1,016 ",Free,https://apps.shopify.com/solution-3248
3249,Pro Design Solution 3249,Design,,,Enhances store aesthetics with drag-and-drop themes and pages.," 1,015 ",Free plan available,https://apps.shopify.com/solution-3249
3250,Pro Fulfillment Solution 3250,Fulfillment,,,Streamlines shipping workflows and delivery time tracking.," 1,015 ",Free plan available,https://apps.shopify.com/solution-3250
3251,Pro Inventory Solution 3251,Inventory,,,Syncs stock levels across multiple warehouses and channels.," 1,015 ",Freemium,https://apps.shopify.com/solution-3251
3252,Pro Analytics Solution 3252,Analytics,,,Provides data-driven insights into sales and customer cohorts.," 1,015 ",Free plan available,https://apps.shopify.com/solution-3252
3253,Pro Legal Solution 3253,Legal,,,Ensures store compliance with privacy and tax regulations.," 1,014 ",Free,https://apps.shopify.com/solution-3253
3254,Pro Subscriptions Solution 3254,Subscriptions,,,Manages recurring revenue and customer billing flows.," 1,014 ",from $29/mo,https://apps.shopify.com/solution-3254
3255,Pro Dropshipping Solution 3255,Dropshipping,,,Automates product sourcing and third-party fulfillment.," 1,014 ",Free,https://apps.shopify.com/solution-3255
3256,Pro SEO Solution 3256,SEO,,,Improves organic search visibility and website performance scores.," 1,014 ",from $9.99/mo,https://apps.shopify.com/solution-3256
3257,Pro Marketing Solution 3257,Marketing,,,Automates customer communication and campaign attribution.," 1,013 ",Freemium,https://apps.shopify.com/solution-3257
3258,Pro Sales Solution 3258,Sales,,,Boosts average order value with conversion-focused UI elements.," 1,013 ",Free,https://apps.shopify.com/solution-3258
3259,Pro Support Solution 3259,Support,,,Centralizes customer queries into a single helpdesk interface.," 1,013 ",from $9.99/mo,https://apps.shopify.com/solution-3259
3260,Pro Design Solution 3260,Design,,,Enhances store aesthetics with drag-and-drop themes and pages.," 1,012 ",from $29/mo,https://apps.shopify.com/solution-3260
3261,Pro Fulfillment Solution 3261,Fulfillment,,,Streamlines shipping workflows and delivery time tracking.," 1,012 ",Freemium,https://apps.shopify.com/solution-3261
3262,Pro Inventory Solution 3262,Inventory,,,Syncs stock levels across multiple warehouses and channels.," 1,012 ",Free plan available,https://apps.shopify.com/solution-3262
3263,Pro Analytics Solution 3263,Analytics,,,Provides data-driven insights into sales and customer cohorts.," 1,012 ",Free plan available,https://apps.shopify.com/solution-3263
3264,Pro Legal Solution 3264,Legal,,,Ensures store compliance with privacy and tax regulations.," 1,011 ",from $9.99/mo,https://apps.shopify.com/solution-3264
3265,Pro Subscriptions Solution 3265,Subscriptions,,,Manages recurring revenue and customer billing flows.," 1,011 ",Free plan available,https://apps.shopify.com/solution-3265
3266,Pro Dropshipping Solution 3266,Dropshipping,,,Automates product sourcing and third-party fulfillment.," 1,011 ",Free plan available,https://apps.shopify.com/solution-3266
3267,Pro SEO Solution 3267,SEO,,,Improves organic search visibility and website performance scores.," 1,011 ",Free,https://apps.shopify.com/solution-3267
3268,Pro Marketing Solution 3268,Marketing,,,Automates customer communication and campaign attribution.," 1,010 ",Free plan available,https://apps.shopify.com/solution-3268
3269,Pro Sales Solution 3269,Sales,,,Boosts average order value with conversion-focused UI elements.," 1,010 ",Free plan available,https://apps.shopify.com/solution-3269
3270,Pro Support Solution 3270,Support,,,Centralizes customer queries into a single helpdesk interface.," 1,010 ",Free plan available,https://apps.shopify.com/solution-3270
3271,Pro Design Solution 3271,Design,,,Enhances store aesthetics with drag-and-drop themes and pages.," 1,010 ",Free plan available,https://apps.shopify.com/solution-3271
3272,Pro Fulfillment Solution 3272,Fulfillment,,,Streamlines shipping workflows and delivery time tracking.," 1,009 ",Free plan available,https://apps.shopify.com/solution-3272
3273,Pro Inventory Solution 3273,Inventory,,,Syncs stock levels across multiple warehouses and channels.," 1,009 ",Freemium,https://apps.shopify.com/solution-3273
3274,Pro Analytics Solution 3274,Analytics,,,Provides data-driven insights into sales and customer cohorts.," 1,009 ",Free plan available,https://apps.shopify.com/solution-3274
3275,Pro Legal Solution 3275,Legal,,,Ensures store compliance with privacy and tax regulations.," 1,008 ",Free,https://apps.shopify.com/solution-3275
3276,Pro Subscriptions Solution 3276,Subscriptions,,,Manages recurring revenue and customer billing flows.," 1,008 ",from $9.99/mo,https://apps.shopify.com/solution-3276
3277,Pro Dropshipping Solution 3277,Dropshipping,,,Automates product sourcing and third-party fulfillment.," 1,008 ",from $9.99/mo,https://apps.shopify.com/solution-3277
3278,Pro SEO Solution 3278,SEO,,,Improves organic search visibility and website performance scores.," 1,008 ",Free plan available,https://apps.shopify.com/solution-3278
3279,Pro Marketing Solution 3279,Marketing,,,Automates customer communication and campaign attribution.," 1,007 ",Free,https://apps.shopify.com/solution-3279
3280,Pro Sales Solution 3280,Sales,,,Boosts average order value with conversion-focused UI elements.," 1,007 ",Free,https://apps.shopify.com/solution-3280
3281,Pro Support Solution 3281,Support,,,Centralizes customer queries into a single helpdesk interface.," 1,007 ",from $9.99/mo,https://apps.shopify.com/solution-3281
3282,Pro Design Solution 3282,Design,,,Enhances store aesthetics with drag-and-drop themes and pages.," 1,007 ",Free plan available,https://apps.shopify.com/solution-3282
3283,Pro Fulfillment Solution 3283,Fulfillment,,,Streamlines shipping workflows and delivery time tracking.," 1,006 ",from $29/mo,https://apps.shopify.com/solution-3283
3284,Pro Inventory Solution 3284,Inventory,,,Syncs stock levels across multiple warehouses and channels.," 1,006 ",Free plan available,https://apps.shopify.com/solution-3284
3285,Pro Analytics Solution 3285,Analytics,,,Provides data-driven insights into sales and customer cohorts.," 1,006 ",from $9.99/mo,https://apps.shopify.com/solution-3285
3286,Pro Legal Solution 3286,Legal,,,Ensures store compliance with privacy and tax regulations.," 1,006 ",Free,https://apps.shopify.com/solution-3286
3287,Pro Subscriptions Solution 3287,Subscriptions,,,Manages recurring revenue and customer billing flows.," 1,005 ",from $29/mo,https://apps.shopify.com/solution-3287
3288,Pro Dropshipping Solution 3288,Dropshipping,,,Automates product sourcing and third-party fulfillment.," 1,005 ",Freemium,https://apps.shopify.com/solution-3288
3289,Pro SEO Solution 3289,SEO,,,Improves organic search visibility and website performance scores.," 1,005 ",Free,https://apps.shopify.com/solution-3289
3290,Pro Marketing Solution 3290,Marketing,,,Automates customer communication and campaign attribution.," 1,005 ",Freemium,https://apps.shopify.com/solution-3290
3291,Pro Sales Solution 3291,Sales,,,Boosts average order value with conversion-focused UI elements.," 1,004 ",Freemium,https://apps.shopify.com/solution-3291
3292,Pro Support Solution 3292,Support,,,Centralizes customer queries into a single helpdesk interface.," 1,004 ",from $29/mo,https://apps.shopify.com/solution-3292
3293,Pro Design Solution 3293,Design,,,Enhances store aesthetics with drag-and-drop themes and pages.," 1,004 ",Free plan available,https://apps.shopify.com/solution-3293
3294,Pro Fulfillment Solution 3294,Fulfillment,,,Streamlines shipping workflows and delivery time tracking.," 1,003 ",Free plan available,https://apps.shopify.com/solution-3294
3295,Pro Inventory Solution 3295,Inventory,,,Syncs stock levels across multiple warehouses and channels.," 1,003 ",Free plan available,https://apps.shopify.com/solution-3295
3296,Pro Analytics Solution 3296,Analytics,,,Provides data-driven insights into sales and customer cohorts.," 1,003 ",Free,https://apps.shopify.com/solution-3296
3297,Pro Legal Solution 3297,Legal,,,Ensures store compliance with privacy and tax regulations.," 1,003 ",Free,https://apps.shopify.com/solution-3297
3298,Pro Subscriptions Solution 3298,Subscriptions,,,Manages recurring revenue and customer billing flows.," 1,002 ",Freemium,https://apps.shopify.com/solution-3298
3299,Pro Dropshipping Solution 3299,Dropshipping,,,Automates product sourcing and third-party fulfillment.," 1,002 ",from $9.99/mo,https://apps.shopify.com/solution-3299
3300,Pro SEO Solution 3300,SEO,,,Improves organic search visibility and website performance scores.," 1,002 ",Free,https://apps.shopify.com/solution-3300
3301,Pro Marketing Solution 3301,Marketing,,,Automates customer communication and campaign attribution.," 1,002 ",from $29/mo,https://apps.shopify.com/solution-3301
3302,Pro Sales Solution 3302,Sales,,,Boosts average order value with conversion-focused UI elements.," 1,001 ",Free plan available,https://apps.shopify.com/solution-3302
3303,Pro Support Solution 3303,Support,,,Centralizes customer queries into a single helpdesk interface.," 1,001 ",Free,https://apps.shopify.com/solution-3303
3304,Pro Design Solution 3304,Design,,,Enhances store aesthetics with drag-and-drop themes and pages.," 1,001 ",Free plan available,https://apps.shopify.com/solution-3304
3305,Pro Fulfillment Solution 3305,Fulfillment,,,Streamlines shipping workflows and delivery time tracking.," 1,001 ",from $9.99/mo,https://apps.shopify.com/solution-3305
3306,Pro Inventory Solution 3306,Inventory,,,Syncs stock levels across multiple warehouses and channels.," 1,000 ",Free,https://apps.shopify.com/solution-3306
3307,Pro Analytics Solution 3307,Analytics,,,Provides data-driven insights into sales and customer cohorts.," 1,000 ",Free,https://apps.shopify.com/solution-3307
3308,Pro Legal Solution 3308,Legal,,,Ensures store compliance with privacy and tax regulations.," 1,000 ",Freemium,https://apps.shopify.com/solution-3308
3309,Pro Subscriptions Solution 3309,Subscriptions,,,Manages recurring revenue and customer billing flows.," 1,000 ",from $9.99/mo,https://apps.shopify.com/solution-3309
3310,Pro Dropshipping Solution 3310,Dropshipping,,,Automates product sourcing and third-party fulfillment., 999 ,Free,https://apps.shopify.com/solution-3310
3311,Pro SEO Solution 3311,SEO,,,Improves organic search visibility and website performance scores., 999 ,from $29/mo,https://apps.shopify.com/solution-3311
3312,Pro Marketing Solution 3312,Marketing,,,Automates customer communication and campaign attribution., 999 ,Free,https://apps.shopify.com/solution-3312
3313,Pro Sales Solution 3313,Sales,,,Boosts average order value with conversion-focused UI elements., 998 ,from $9.99/mo,https://apps.shopify.com/solution-3313
3314,Pro Support Solution 3314,Support,,,Centralizes customer queries into a single helpdesk interface., 998 ,Free plan available,https://apps.shopify.com/solution-3314
3315,Pro Design Solution 3315,Design,,,Enhances store aesthetics with drag-and-drop themes and pages., 998 ,from $9.99/mo,https://apps.shopify.com/solution-3315
3316,Pro Fulfillment Solution 3316,Fulfillment,,,Streamlines shipping workflows and delivery time tracking., 998 ,from $9.99/mo,https://apps.shopify.com/solution-3316
3317,Pro Inventory Solution 3317,Inventory,,,Syncs stock levels across multiple warehouses and channels., 997 ,Free,https://apps.shopify.com/solution-3317
3318,Pro Analytics Solution 3318,Analytics,,,Provides data-driven insights into sales and customer cohorts., 997 ,Free,https://apps.shopify.com/solution-3318
3319,Pro Legal Solution 3319,Legal,,,Ensures store compliance with privacy and tax regulations., 997 ,from $29/mo,https://apps.shopify.com/solution-3319
3320,Pro Subscriptions Solution 3320,Subscriptions,,,Manages recurring revenue and customer billing flows., 997 ,Free,https://apps.shopify.com/solution-3320
3321,Pro Dropshipping Solution 3321,Dropshipping,,,Automates product sourcing and third-party fulfillment., 996 ,Free plan available,https://apps.shopify.com/solution-3321
3322,Pro SEO Solution 3322,SEO,,,Improves organic search visibility and website performance scores., 996 ,from $29/mo,https://apps.shopify.com/solution-3322
3323,Pro Marketing Solution 3323,Marketing,,,Automates customer communication and campaign attribution., 996 ,Freemium,https://apps.shopify.com/solution-3323
3324,Pro Sales Solution 3324,Sales,,,Boosts average order value with conversion-focused UI elements., 996 ,Free,https://apps.shopify.com/solution-3324
3325,Pro Support Solution 3325,Support,,,Centralizes customer queries into a single helpdesk interface., 995 ,Free plan available,https://apps.shopify.com/solution-3325
3326,Pro Design Solution 3326,Design,,,Enhances store aesthetics with drag-and-drop themes and pages., 995 ,from $29/mo,https://apps.shopify.com/solution-3326
3327,Pro Fulfillment Solution 3327,Fulfillment,,,Streamlines shipping workflows and delivery time tracking., 995 ,from $29/mo,https://apps.shopify.com/solution-3327
3328,Pro Inventory Solution 3328,Inventory,,,Syncs stock levels across multiple warehouses and channels., 995 ,Free plan available,https://apps.shopify.com/solution-3328
3329,Pro Analytics Solution 3329,Analytics,,,Provides data-driven insights into sales and customer cohorts., 994 ,Free,https://apps.shopify.com/solution-3329
3330,Pro Legal Solution 3330,Legal,,,Ensures store compliance with privacy and tax regulations., 994 ,Free plan available,https://apps.shopify.com/solution-3330
3331,Pro Subscriptions Solution 3331,Subscriptions,,,Manages recurring revenue and customer billing flows., 994 ,Freemium,https://apps.shopify.com/solution-3331
3332,Pro Dropshipping Solution 3332,Dropshipping,,,Automates product sourcing and third-party fulfillment., 994 ,from $29/mo,https://apps.shopify.com/solution-3332
3333,Pro SEO Solution 3333,SEO,,,Improves organic search visibility and website performance scores., 993 ,Free plan available,https://apps.shopify.com/solution-3333
3334,Pro Marketing Solution 3334,Marketing,,,Automates customer communication and campaign attribution., 993 ,Free plan available,https://apps.shopify.com/solution-3334
3335,Pro Sales Solution 3335,Sales,,,Boosts average order value with conversion-focused UI elements., 993 ,from $9.99/mo,https://apps.shopify.com/solution-3335
3336,Pro Support Solution 3336,Support,,,Centralizes customer queries into a single helpdesk interface., 993 ,Free plan available,https://apps.shopify.com/solution-3336
3337,Pro Design Solution 3337,Design,,,Enhances store aesthetics with drag-and-drop themes and pages., 992 ,Free,https://apps.shopify.com/solution-3337
3338,Pro Fulfillment Solution 3338,Fulfillment,,,Streamlines shipping workflows and delivery time tracking., 992 ,Free plan available,https://apps.shopify.com/solution-3338
3339,Pro Inventory Solution 3339,Inventory,,,Syncs stock levels across multiple warehouses and channels., 992 ,Free,https://apps.shopify.com/solution-3339
3340,Pro Analytics Solution 3340,Analytics,,,Provides data-driven insights into sales and customer cohorts., 991 ,Free,https://apps.shopify.com/solution-3340
3341,Pro Legal Solution 3341,Legal,,,Ensures store compliance with privacy and tax regulations., 991 ,Free plan available,https://apps.shopify.com/solution-3341
3342,Pro Subscriptions Solution 3342,Subscriptions,,,Manages recurring revenue and customer billing flows., 991 ,from $29/mo,https://apps.shopify.com/solution-3342
3343,Pro Dropshipping Solution 3343,Dropshipping,,,Automates product sourcing and third-party fulfillment., 991 ,Free plan available,https://apps.shopify.com/solution-3343
3344,Pro SEO Solution 3344,SEO,,,Improves organic search visibility and website performance scores., 990 ,Free plan available,https://apps.shopify.com/solution-3344
3345,Pro Marketing Solution 3345,Marketing,,,Automates customer communication and campaign attribution., 990 ,from $9.99/mo,https://apps.shopify.com/solution-3345
3346,Pro Sales Solution 3346,Sales,,,Boosts average order value with conversion-focused UI elements., 990 ,from $29/mo,https://apps.shopify.com/solution-3346
3347,Pro Support Solution 3347,Support,,,Centralizes customer queries into a single helpdesk interface., 990 ,Freemium,https://apps.shopify.com/solution-3347
3348,Pro Design Solution 3348,Design,,,Enhances store aesthetics with drag-and-drop themes and pages., 989 ,Free,https://apps.shopify.com/solution-3348
3349,Pro Fulfillment Solution 3349,Fulfillment,,,Streamlines shipping workflows and delivery time tracking., 989 ,from $9.99/mo,https://apps.shopify.com/solution-3349
3350,Pro Inventory Solution 3350,Inventory,,,Syncs stock levels across multiple warehouses and channels., 989 ,Free,https://apps.shopify.com/solution-3350
3351,Pro Analytics Solution 3351,Analytics,,,Provides data-driven insights into sales and customer cohorts., 989 ,Freemium,https://apps.shopify.com/solution-3351
3352,Pro Legal Solution 3352,Legal,,,Ensures store compliance with privacy and tax regulations., 988 ,Free,https://apps.shopify.com/solution-3352
3353,Pro Subscriptions Solution 3353,Subscriptions,,,Manages recurring revenue and customer billing flows., 988 ,from $9.99/mo,https://apps.shopify.com/solution-3353
3354,Pro Dropshipping Solution 3354,Dropshipping,,,Automates product sourcing and third-party fulfillment., 988 ,Free plan available,https://apps.shopify.com/solution-3354
3355,Pro SEO Solution 3355,SEO,,,Improves organic search visibility and website performance scores., 988 ,Freemium,https://apps.shopify.com/solution-3355
3356,Pro Marketing Solution 3356,Marketing,,,Automates customer communication and campaign attribution., 987 ,Free,https://apps.shopify.com/solution-3356
3357,Pro Sales Solution 3357,Sales,,,Boosts average order value with conversion-focused UI elements., 987 ,Freemium,https://apps.shopify.com/solution-3357
3358,Pro Support Solution 3358,Support,,,Centralizes customer queries into a single helpdesk interface., 987 ,Free plan available,https://apps.shopify.com/solution-3358
3359,Pro Design Solution 3359,Design,,,Enhances store aesthetics with drag-and-drop themes and pages., 987 ,Freemium,https://apps.shopify.com/solution-3359
3360,Pro Fulfillment Solution 3360,Fulfillment,,,Streamlines shipping workflows and delivery time tracking., 986 ,Freemium,https://apps.shopify.com/solution-3360
3361,Pro Inventory Solution 3361,Inventory,,,Syncs stock levels across multiple warehouses and channels., 986 ,Free,https://apps.shopify.com/solution-3361
3362,Pro Analytics Solution 3362,Analytics,,,Provides data-driven insights into sales and customer cohorts., 986 ,from $29/mo,https://apps.shopify.com/solution-3362
3363,Pro Legal Solution 3363,Legal,,,Ensures store compliance with privacy and tax regulations., 986 ,from $9.99/mo,https://apps.shopify.com/solution-3363
3364,Pro Subscriptions Solution 3364,Subscriptions,,,Manages recurring revenue and customer billing flows., 985 ,Free,https://apps.shopify.com/solution-3364
3365,Pro Dropshipping Solution 3365,Dropshipping,,,Automates product sourcing and third-party fulfillment., 985 ,Free,https://apps.shopify.com/solution-3365
3366,Pro SEO Solution 3366,SEO,,,Improves organic search visibility and website performance scores., 985 ,Free,https://apps.shopify.com/solution-3366
3367,Pro Marketing Solution 3367,Marketing,,,Automates customer communication and campaign attribution., 985 ,from $9.99/mo,https://apps.shopify.com/solution-3367
3368,Pro Sales Solution 3368,Sales,,,Boosts average order value with conversion-focused UI elements., 984 ,Freemium,https://apps.shopify.com/solution-3368
3369,Pro Support Solution 3369,Support,,,Centralizes customer queries into a single helpdesk interface., 984 ,Freemium,https://apps.shopify.com/solution-3369
3370,Pro Design Solution 3370,Design,,,Enhances store aesthetics with drag-and-drop themes and pages., 984 ,Free,https://apps.shopify.com/solution-3370
3371,Pro Fulfillment Solution 3371,Fulfillment,,,Streamlines shipping workflows and delivery time tracking., 984 ,Free,https://apps.shopify.com/solution-3371
3372,Pro Inventory Solution 3372,Inventory,,,Syncs stock levels across multiple warehouses and channels., 983 ,from $9.99/mo,https://apps.shopify.com/solution-3372
3373,Pro Analytics Solution 3373,Analytics,,,Provides data-driven insights into sales and customer cohorts., 983 ,from $29/mo,https://apps.shopify.com/solution-3373
3374,Pro Legal Solution 3374,Legal,,,Ensures store compliance with privacy and tax regulations., 983 ,from $9.99/mo,https://apps.shopify.com/solution-3374
3375,Pro Subscriptions Solution 3375,Subscriptions,,,Manages recurring revenue and customer billing flows., 983 ,from $29/mo,https://apps.shopify.com/solution-3375
3376,Pro Dropshipping Solution 3376,Dropshipping,,,Automates product sourcing and third-party fulfillment., 982 ,from $29/mo,https://apps.shopify.com/solution-3376
3377,Pro SEO Solution 3377,SEO,,,Improves organic search visibility and website performance scores., 982 ,from $29/mo,https://apps.shopify.com/solution-3377
3378,Pro Marketing Solution 3378,Marketing,,,Automates customer communication and campaign attribution., 982 ,Free,https://apps.shopify.com/solution-3378
3379,Pro Sales Solution 3379,Sales,,,Boosts average order value with conversion-focused UI elements., 982 ,Free,https://apps.shopify.com/solution-3379
3380,Pro Support Solution 3380,Support,,,Centralizes customer queries into a single helpdesk interface., 981 ,Free plan available,https://apps.shopify.com/solution-3380
3381,Pro Design Solution 3381,Design,,,Enhances store aesthetics with drag-and-drop themes and pages., 981 ,Freemium,https://apps.shopify.com/solution-3381
3382,Pro Fulfillment Solution 3382,Fulfillment,,,Streamlines shipping workflows and delivery time tracking., 981 ,Free,https://apps.shopify.com/solution-3382
3383,Pro Inventory Solution 3383,Inventory,,,Syncs stock levels across multiple warehouses and channels., 981 ,from $9.99/mo,https://apps.shopify.com/solution-3383
3384,Pro Analytics Solution 3384,Analytics,,,Provides data-driven insights into sales and customer cohorts., 980 ,from $9.99/mo,https://apps.shopify.com/solution-3384
3385,Pro Legal Solution 3385,Legal,,,Ensures store compliance with privacy and tax regulations., 980 ,Free,https://apps.shopify.com/solution-3385
3386,Pro Subscriptions Solution 3386,Subscriptions,,,Manages recurring revenue and customer billing flows., 980 ,Free plan available,https://apps.shopify.com/solution-3386
3387,Pro Dropshipping Solution 3387,Dropshipping,,,Automates product sourcing and third-party fulfillment., 980 ,from $9.99/mo,https://apps.shopify.com/solution-3387
3388,Pro SEO Solution 3388,SEO,,,Improves organic search visibility and website performance scores., 979 ,from $9.99/mo,https://apps.shopify.com/solution-3388
3389,Pro Marketing Solution 3389,Marketing,,,Automates customer communication and campaign attribution., 979 ,Freemium,https://apps.shopify.com/solution-3389
3390,Pro Sales Solution 3390,Sales,,,Boosts average order value with conversion-focused UI elements., 979 ,Free plan available,https://apps.shopify.com/solution-3390
3391,Pro Support Solution 3391,Support,,,Centralizes customer queries into a single helpdesk interface., 979 ,Free plan available,https://apps.shopify.com/solution-3391
3392,Pro Design Solution 3392,Design,,,Enhances store aesthetics with drag-and-drop themes and pages., 978 ,from $9.99/mo,https://apps.shopify.com/solution-3392
3393,Pro Fulfillment Solution 3393,Fulfillment,,,Streamlines shipping workflows and delivery time tracking., 978 ,Freemium,https://apps.shopify.com/solution-3393
3394,Pro Inventory Solution 3394,Inventory,,,Syncs stock levels across multiple warehouses and channels., 978 ,from $29/mo,https://apps.shopify.com/solution-3394
3395,Pro Analytics Solution 3395,Analytics,,,Provides data-driven insights into sales and customer cohorts., 978 ,from $9.99/mo,https://apps.shopify.com/solution-3395
3396,Pro Legal Solution 3396,Legal,,,Ensures store compliance with privacy and tax regulations., 977 ,Freemium,https://apps.shopify.com/solution-3396
3397,Pro Subscriptions Solution 3397,Subscriptions,,,Manages recurring revenue and customer billing flows., 977 ,Free,https://apps.shopify.com/solution-3397
3398,Pro Dropshipping Solution 3398,Dropshipping,,,Automates product sourcing and third-party fulfillment., 977 ,Free plan available,https://apps.shopify.com/solution-3398
3399,Pro SEO Solution 3399,SEO,,,Improves organic search visibility and website performance scores., 977 ,from $9.99/mo,https://apps.shopify.com/solution-3399
3400,Pro Marketing Solution 3400,Marketing,,,Automates customer communication and campaign attribution., 976 ,from $9.99/mo,https://apps.shopify.com/solution-3400
3401,Pro Sales Solution 3401,Sales,,,Boosts average order value with conversion-focused UI elements., 976 ,from $9.99/mo,https://apps.shopify.com/solution-3401
3402,Pro Support Solution 3402,Support,,,Centralizes customer queries into a single helpdesk interface., 976 ,from $29/mo,https://apps.shopify.com/solution-3402
3403,Pro Design Solution 3403,Design,,,Enhances store aesthetics with drag-and-drop themes and pages., 976 ,from $29/mo,https://apps.shopify.com/solution-3403
3404,Pro Fulfillment Solution 3404,Fulfillment,,,Streamlines shipping workflows and delivery time tracking., 975 ,from $9.99/mo,https://apps.shopify.com/solution-3404
3405,Pro Inventory Solution 3405,Inventory,,,Syncs stock levels across multiple warehouses and channels., 975 ,Free plan available,https://apps.shopify.com/solution-3405
3406,Pro Analytics Solution 3406,Analytics,,,Provides data-driven insights into sales and customer cohorts., 975 ,from $29/mo,https://apps.shopify.com/solution-3406
3407,Pro Legal Solution 3407,Legal,,,Ensures store compliance with privacy and tax regulations., 975 ,Free,https://apps.shopify.com/solution-3407
3408,Pro Subscriptions Solution 3408,Subscriptions,,,Manages recurring revenue and customer billing flows., 974 ,Free plan available,https://apps.shopify.com/solution-3408
3409,Pro Dropshipping Solution 3409,Dropshipping,,,Automates product sourcing and third-party fulfillment., 974 ,Freemium,https://apps.shopify.com/solution-3409
3410,Pro SEO Solution 3410,SEO,,,Improves organic search visibility and website performance scores., 974 ,Free plan available,https://apps.shopify.com/solution-3410
3411,Pro Marketing Solution 3411,Marketing,,,Automates customer communication and campaign attribution., 974 ,Freemium,https://apps.shopify.com/solution-3411
3412,Pro Sales Solution 3412,Sales,,,Boosts average order value with conversion-focused UI elements., 973 ,from $29/mo,https://apps.shopify.com/solution-3412
3413,Pro Support Solution 3413,Support,,,Centralizes customer queries into a single helpdesk interface., 973 ,Free plan available,https://apps.shopify.com/solution-3413
3414,Pro Design Solution 3414,Design,,,Enhances store aesthetics with drag-and-drop themes and pages., 973 ,Free plan available,https://apps.shopify.com/solution-3414
3415,Pro Fulfillment Solution 3415,Fulfillment,,,Streamlines shipping workflows and delivery time tracking., 973 ,Free plan available,https://apps.shopify.com/solution-3415
3416,Pro Inventory Solution 3416,Inventory,,,Syncs stock levels across multiple warehouses and channels., 972 ,from $29/mo,https://apps.shopify.com/solution-3416
3417,Pro Analytics Solution 3417,Analytics,,,Provides data-driven insights into sales and customer cohorts., 972 ,from $9.99/mo,https://apps.shopify.com/solution-3417
3418,Pro Legal Solution 3418,Legal,,,Ensures store compliance with privacy and tax regulations., 972 ,Freemium,https://apps.shopify.com/solution-3418
3419,Pro Subscriptions Solution 3419,Subscriptions,,,Manages recurring revenue and customer billing flows., 972 ,from $29/mo,https://apps.shopify.com/solution-3419
3420,Pro Dropshipping Solution 3420,Dropshipping,,,Automates product sourcing and third-party fulfillment., 971 ,Free plan available,https://apps.shopify.com/solution-3420
3421,Pro SEO Solution 3421,SEO,,,Improves organic search visibility and website performance scores., 971 ,from $29/mo,https://apps.shopify.com/solution-3421
3422,Pro Marketing Solution 3422,Marketing,,,Automates customer communication and campaign attribution., 971 ,from $9.99/mo,https://apps.shopify.com/solution-3422
3423,Pro Sales Solution 3423,Sales,,,Boosts average order value with conversion-focused UI elements., 971 ,Freemium,https://apps.shopify.com/solution-3423
3424,Pro Support Solution 3424,Support,,,Centralizes customer queries into a single helpdesk interface., 970 ,Freemium,https://apps.shopify.com/solution-3424
3425,Pro Design Solution 3425,Design,,,Enhances store aesthetics with drag-and-drop themes and pages., 970 ,from $9.99/mo,https://apps.shopify.com/solution-3425
3426,Pro Fulfillment Solution 3426,Fulfillment,,,Streamlines shipping workflows and delivery time tracking., 970 ,Free plan available,https://apps.shopify.com/solution-3426
3427,Pro Inventory Solution 3427,Inventory,,,Syncs stock levels across multiple warehouses and channels., 970 ,Free,https://apps.shopify.com/solution-3427
3428,Pro Analytics Solution 3428,Analytics,,,Provides data-driven insights into sales and customer cohorts., 969 ,Free plan available,https://apps.shopify.com/solution-3428
3429,Pro Legal Solution 3429,Legal,,,Ensures store compliance with privacy and tax regulations., 969 ,from $29/mo,https://apps.shopify.com/solution-3429
3430,Pro Subscriptions Solution 3430,Subscriptions,,,Manages recurring revenue and customer billing flows., 969 ,from $29/mo,https://apps.shopify.com/solution-3430
3431,Pro Dropshipping Solution 3431,Dropshipping,,,Automates product sourcing and third-party fulfillment., 969 ,Free,https://apps.shopify.com/solution-3431
3432,Pro SEO Solution 3432,SEO,,,Improves organic search visibility and website performance scores., 968 ,from $29/mo,https://apps.shopify.com/solution-3432
3433,Pro Marketing Solution 3433,Marketing,,,Automates customer communication and campaign attribution., 968 ,Free plan available,https://apps.shopify.com/solution-3433
3434,Pro Sales Solution 3434,Sales,,,Boosts average order value with conversion-focused UI elements., 968 ,from $29/mo,https://apps.shopify.com/solution-3434
3435,Pro Support Solution 3435,Support,,,Centralizes customer queries into a single helpdesk interface., 968 ,Free plan available,https://apps.shopify.com/solution-3435
3436,Pro Design Solution 3436,Design,,,Enhances store aesthetics with drag-and-drop themes and pages., 967 ,from $29/mo,https://apps.shopify.com/solution-3436
3437,Pro Fulfillment Solution 3437,Fulfillment,,,Streamlines shipping workflows and delivery time tracking., 967 ,Free plan available,https://apps.shopify.com/solution-3437
3438,Pro Inventory Solution 3438,Inventory,,,Syncs stock levels across multiple warehouses and channels., 967 ,from $29/mo,https://apps.shopify.com/solution-3438
3439,Pro Analytics Solution 3439,Analytics,,,Provides data-driven insights into sales and customer cohorts., 967 ,from $9.99/mo,https://apps.shopify.com/solution-3439
3440,Pro Legal Solution 3440,Legal,,,Ensures store compliance with privacy and tax regulations., 967 ,Free,https://apps.shopify.com/solution-3440
3441,Pro Subscriptions Solution 3441,Subscriptions,,,Manages recurring revenue and customer billing flows., 966 ,from $9.99/mo,https://apps.shopify.com/solution-3441
3442,Pro Dropshipping Solution 3442,Dropshipping,,,Automates product sourcing and third-party fulfillment., 966 ,from $9.99/mo,https://apps.shopify.com/solution-3442
3443,Pro SEO Solution 3443,SEO,,,Improves organic search visibility and website performance scores., 966 ,Free,https://apps.shopify.com/solution-3443
3444,Pro Marketing Solution 3444,Marketing,,,Automates customer communication and campaign attribution., 966 ,Free,https://apps.shopify.com/solution-3444
3445,Pro Sales Solution 3445,Sales,,,Boosts average order value with conversion-focused UI elements., 965 ,from $9.99/mo,https://apps.shopify.com/solution-3445
3446,Pro Support Solution 3446,Support,,,Centralizes customer queries into a single helpdesk interface., 965 ,from $29/mo,https://apps.shopify.com/solution-3446
3447,Pro Design Solution 3447,Design,,,Enhances store aesthetics with drag-and-drop themes and pages., 965 ,from $9.99/mo,https://apps.shopify.com/solution-3447
3448,Pro Fulfillment Solution 3448,Fulfillment,,,Streamlines shipping workflows and delivery time tracking., 965 ,Free,https://apps.shopify.com/solution-3448
3449,Pro Inventory Solution 3449,Inventory,,,Syncs stock levels across multiple warehouses and channels., 964 ,from $9.99/mo,https://apps.shopify.com/solution-3449
3450,Pro Analytics Solution 3450,Analytics,,,Provides data-driven insights into sales and customer cohorts., 964 ,Free plan available,https://apps.shopify.com/solution-3450
3451,Pro Legal Solution 3451,Legal,,,Ensures store compliance with privacy and tax regulations., 964 ,Free plan available,https://apps.shopify.com/solution-3451
3452,Pro Subscriptions Solution 3452,Subscriptions,,,Manages recurring revenue and customer billing flows., 964 ,Freemium,https://apps.shopify.com/solution-3452
3453,Pro Dropshipping Solution 3453,Dropshipping,,,Automates product sourcing and third-party fulfillment., 963 ,Free plan available,https://apps.shopify.com/solution-3453
3454,Pro SEO Solution 3454,SEO,,,Improves organic search visibility and website performance scores., 963 ,Free plan available,https://apps.shopify.com/solution-3454
3455,Pro Marketing Solution 3455,Marketing,,,Automates customer communication and campaign attribution., 963 ,Freemium,https://apps.shopify.com/solution-3455
3456,Pro Sales Solution 3456,Sales,,,Boosts average order value with conversion-focused UI elements., 963 ,from $9.99/mo,https://apps.shopify.com/solution-3456
3457,Pro Support Solution 3457,Support,,,Centralizes customer queries into a single helpdesk interface., 962 ,from $9.99/mo,https://apps.shopify.com/solution-3457
3458,Pro Design Solution 3458,Design,,,Enhances store aesthetics with drag-and-drop themes and pages., 962 ,from $9.99/mo,https://apps.shopify.com/solution-3458
3459,Pro Fulfillment Solution 3459,Fulfillment,,,Streamlines shipping workflows and delivery time tracking., 962 ,Freemium,https://apps.shopify.com/solution-3459
3460,Pro Inventory Solution 3460,Inventory,,,Syncs stock levels across multiple warehouses and channels., 962 ,from $29/mo,https://apps.shopify.com/solution-3460
3461,Pro Analytics Solution 3461,Analytics,,,Provides data-driven insights into sales and customer cohorts., 961 ,Freemium,https://apps.shopify.com/solution-3461
3462,Pro Legal Solution 3462,Legal,,,Ensures store compliance with privacy and tax regulations., 961 ,Freemium,https://apps.shopify.com/solution-3462
3463,Pro Subscriptions Solution 3463,Subscriptions,,,Manages recurring revenue and customer billing flows., 961 ,from $9.99/mo,https://apps.shopify.com/solution-3463
3464,Pro Dropshipping Solution 3464,Dropshipping,,,Automates product sourcing and third-party fulfillment., 961 ,Free plan available,https://apps.shopify.com/solution-3464
3465,Pro SEO Solution 3465,SEO,,,Improves organic search visibility and website performance scores., 960 ,Freemium,https://apps.shopify.com/solution-3465
3466,Pro Marketing Solution 3466,Marketing,,,Automates customer communication and campaign attribution., 960 ,Freemium,https://apps.shopify.com/solution-3466
3467,Pro Sales Solution 3467,Sales,,,Boosts average order value with conversion-focused UI elements., 960 ,Free,https://apps.shopify.com/solution-3467
3468,Pro Support Solution 3468,Support,,,Centralizes customer queries into a single helpdesk interface., 960 ,Free plan available,https://apps.shopify.com/solution-3468
3469,Pro Design Solution 3469,Design,,,Enhances store aesthetics with drag-and-drop themes and pages., 960 ,Free,https://apps.shopify.com/solution-3469
3470,Pro Fulfillment Solution 3470,Fulfillment,,,Streamlines shipping workflows and delivery time tracking., 959 ,from $29/mo,https://apps.shopify.com/solution-3470
3471,Pro Inventory Solution 3471,Inventory,,,Syncs stock levels across multiple warehouses and channels., 959 ,Free,https://apps.shopify.com/solution-3471
3472,Pro Analytics Solution 3472,Analytics,,,Provides data-driven insights into sales and customer cohorts., 959 ,from $9.99/mo,https://apps.shopify.com/solution-3472
3473,Pro Legal Solution 3473,Legal,,,Ensures store compliance with privacy and tax regulations., 959 ,Free plan available,https://apps.shopify.com/solution-3473
3474,Pro Subscriptions Solution 3474,Subscriptions,,,Manages recurring revenue and customer billing flows., 958 ,from $29/mo,https://apps.shopify.com/solution-3474
3475,Pro Dropshipping Solution 3475,Dropshipping,,,Automates product sourcing and third-party fulfillment., 958 ,Freemium,https://apps.shopify.com/solution-3475
3476,Pro SEO Solution 3476,SEO,,,Improves organic search visibility and website performance scores., 958 ,Free,https://apps.shopify.com/solution-3476
3477,Pro Marketing Solution 3477,Marketing,,,Automates customer communication and campaign attribution., 958 ,Freemium,https://apps.shopify.com/solution-3477
3478,Pro Sales Solution 3478,Sales,,,Boosts average order value with conversion-focused UI elements., 957 ,Free plan available,https://apps.shopify.com/solution-3478
3479,Pro Support Solution 3479,Support,,,Centralizes customer queries into a single helpdesk interface., 957 ,from $9.99/mo,https://apps.shopify.com/solution-3479
3480,Pro Design Solution 3480,Design,,,Enhances store aesthetics with drag-and-drop themes and pages., 957 ,Free plan available,https://apps.shopify.com/solution-3480
3481,Pro Fulfillment Solution 3481,Fulfillment,,,Streamlines shipping workflows and delivery time tracking., 957 ,Free plan available,https://apps.shopify.com/solution-3481
3482,Pro Inventory Solution 3482,Inventory,,,Syncs stock levels across multiple warehouses and channels., 956 ,from $9.99/mo,https://apps.shopify.com/solution-3482
3483,Pro Analytics Solution 3483,Analytics,,,Provides data-driven insights into sales and customer cohorts., 956 ,from $9.99/mo,https://apps.shopify.com/solution-3483
3484,Pro Legal Solution 3484,Legal,,,Ensures store compliance with privacy and tax regulations., 956 ,Free plan available,https://apps.shopify.com/solution-3484
3485,Pro Subscriptions Solution 3485,Subscriptions,,,Manages recurring revenue and customer billing flows., 956 ,Freemium,https://apps.shopify.com/solution-3485
3486,Pro Dropshipping Solution 3486,Dropshipping,,,Automates product sourcing and third-party fulfillment., 955 ,Free plan available,https://apps.shopify.com/solution-3486
3487,Pro SEO Solution 3487,SEO,,,Improves organic search visibility and website performance scores., 955 ,from $9.99/mo,https://apps.shopify.com/solution-3487
3488,Pro Marketing Solution 3488,Marketing,,,Automates customer communication and campaign attribution., 955 ,from $29/mo,https://apps.shopify.com/solution-3488
3489,Pro Sales Solution 3489,Sales,,,Boosts average order value with conversion-focused UI elements., 955 ,Free plan available,https://apps.shopify.com/solution-3489
3490,Pro Support Solution 3490,Support,,,Centralizes customer queries into a single helpdesk interface., 955 ,from $29/mo,https://apps.shopify.com/solution-3490
3491,Pro Design Solution 3491,Design,,,Enhances store aesthetics with drag-and-drop themes and pages., 954 ,Freemium,https://apps.shopify.com/solution-3491
3492,Pro Fulfillment Solution 3492,Fulfillment,,,Streamlines shipping workflows and delivery time tracking., 954 ,Free plan available,https://apps.shopify.com/solution-3492
3493,Pro Inventory Solution 3493,Inventory,,,Syncs stock levels across multiple warehouses and channels., 954 ,Free,https://apps.shopify.com/solution-3493
3494,Pro Analytics Solution 3494,Analytics,,,Provides data-driven insights into sales and customer cohorts., 954 ,Freemium,https://apps.shopify.com/solution-3494
3495,Pro Legal Solution 3495,Legal,,,Ensures store compliance with privacy and tax regulations., 953 ,from $9.99/mo,https://apps.shopify.com/solution-3495
3496,Pro Subscriptions Solution 3496,Subscriptions,,,Manages recurring revenue and customer billing flows., 953 ,Free,https://apps.shopify.com/solution-3496
3497,Pro Dropshipping Solution 3497,Dropshipping,,,Automates product sourcing and third-party fulfillment., 953 ,from $9.99/mo,https://apps.shopify.com/solution-3497
3498,Pro SEO Solution 3498,SEO,,,Improves organic search visibility and website performance scores., 953 ,from $9.99/mo,https://apps.shopify.com/solution-3498
3499,Pro Marketing Solution 3499,Marketing,,,Automates customer communication and campaign attribution., 952 ,Freemium,https://apps.shopify.com/solution-3499
3500,Pro Sales Solution 3500,Sales,,,Boosts average order value with conversion-focused UI elements., 952 ,Free plan available,https://apps.shopify.com/solution-3500
3501,Pro Support Solution 3501,Support,,,Centralizes customer queries into a single helpdesk interface., 952 ,from $9.99/mo,https://apps.shopify.com/solution-3501
3502,Pro Design Solution 3502,Design,,,Enhances store aesthetics with drag-and-drop themes and pages., 952 ,from $9.99/mo,https://apps.shopify.com/solution-3502
3503,Pro Fulfillment Solution 3503,Fulfillment,,,Streamlines shipping workflows and delivery time tracking., 951 ,from $29/mo,https://apps.shopify.com/solution-3503
3504,Pro Inventory Solution 3504,Inventory,,,Syncs stock levels across multiple warehouses and channels., 951 ,Free plan available,https://apps.shopify.com/solution-3504
3505,Pro Analytics Solution 3505,Analytics,,,Provides data-driven insights into sales and customer cohorts., 951 ,Free,https://apps.shopify.com/solution-3505
3506,Pro Legal Solution 3506,Legal,,,Ensures store compliance with privacy and tax regulations., 951 ,from $9.99/mo,https://apps.shopify.com/solution-3506
3507,Pro Subscriptions Solution 3507,Subscriptions,,,Manages recurring revenue and customer billing flows., 951 ,Free,https://apps.shopify.com/solution-3507
3508,Pro Dropshipping Solution 3508,Dropshipping,,,Automates product sourcing and third-party fulfillment., 950 ,Freemium,https://apps.shopify.com/solution-3508
3509,Pro SEO Solution 3509,SEO,,,Improves organic search visibility and website performance scores., 950 ,Freemium,https://apps.shopify.com/solution-3509
3510,Pro Marketing Solution 3510,Marketing,,,Automates customer communication and campaign attribution., 950 ,Free plan available,https://apps.shopify.com/solution-3510
3511,Pro Sales Solution 3511,Sales,,,Boosts average order value with conversion-focused UI elements., 950 ,from $29/mo,https://apps.shopify.com/solution-3511
3512,Pro Support Solution 3512,Support,,,Centralizes customer queries into a single helpdesk interface., 949 ,Freemium,https://apps.shopify.com/solution-3512
3513,Pro Design Solution 3513,Design,,,Enhances store aesthetics with drag-and-drop themes and pages., 949 ,Free plan available,https://apps.shopify.com/solution-3513
3514,Pro Fulfillment Solution 3514,Fulfillment,,,Streamlines shipping workflows and delivery time tracking., 949 ,Freemium,https://apps.shopify.com/solution-3514
3515,Pro Inventory Solution 3515,Inventory,,,Syncs stock levels across multiple warehouses and channels., 949 ,from $29/mo,https://apps.shopify.com/solution-3515
3516,Pro Analytics Solution 3516,Analytics,,,Provides data-driven insights into sales and customer cohorts., 948 ,from $9.99/mo,https://apps.shopify.com/solution-3516
3517,Pro Legal Solution 3517,Legal,,,Ensures store compliance with privacy and tax regulations., 948 ,Free plan available,https://apps.shopify.com/solution-3517
3518,Pro Subscriptions Solution 3518,Subscriptions,,,Manages recurring revenue and customer billing flows., 948 ,Freemium,https://apps.shopify.com/solution-3518
3519,Pro Dropshipping Solution 3519,Dropshipping,,,Automates product sourcing and third-party fulfillment., 948 ,Free,https://apps.shopify.com/solution-3519
3520,Pro SEO Solution 3520,SEO,,,Improves organic search visibility and website performance scores., 948 ,from $29/mo,https://apps.shopify.com/solution-3520
3521,Pro Marketing Solution 3521,Marketing,,,Automates customer communication and campaign attribution., 947 ,Free plan available,https://apps.shopify.com/solution-3521
3522,Pro Sales Solution 3522,Sales,,,Boosts average order value with conversion-focused UI elements., 947 ,Freemium,https://apps.shopify.com/solution-3522
3523,Pro Support Solution 3523,Support,,,Centralizes customer queries into a single helpdesk interface., 947 ,from $29/mo,https://apps.shopify.com/solution-3523
3524,Pro Design Solution 3524,Design,,,Enhances store aesthetics with drag-and-drop themes and pages., 947 ,Freemium,https://apps.shopify.com/solution-3524
3525,Pro Fulfillment Solution 3525,Fulfillment,,,Streamlines shipping workflows and delivery time tracking., 946 ,from $29/mo,https://apps.shopify.com/solution-3525
3526,Pro Inventory Solution 3526,Inventory,,,Syncs stock levels across multiple warehouses and channels., 946 ,from $29/mo,https://apps.shopify.com/solution-3526
3527,Pro Analytics Solution 3527,Analytics,,,Provides data-driven insights into sales and customer cohorts., 946 ,from $29/mo,https://apps.shopify.com/solution-3527
3528,Pro Legal Solution 3528,Legal,,,Ensures store compliance with privacy and tax regulations., 946 ,Freemium,https://apps.shopify.com/solution-3528
3529,Pro Subscriptions Solution 3529,Subscriptions,,,Manages recurring revenue and customer billing flows., 945 ,from $9.99/mo,https://apps.shopify.com/solution-3529
3530,Pro Dropshipping Solution 3530,Dropshipping,,,Automates product sourcing and third-party fulfillment., 945 ,from $9.99/mo,https://apps.shopify.com/solution-3530
3531,Pro SEO Solution 3531,SEO,,,Improves organic search visibility and website performance scores., 945 ,from $29/mo,https://apps.shopify.com/solution-3531
3532,Pro Marketing Solution 3532,Marketing,,,Automates customer communication and campaign attribution., 945 ,from $9.99/mo,https://apps.shopify.com/solution-3532
3533,Pro Sales Solution 3533,Sales,,,Boosts average order value with conversion-focused UI elements., 944 ,Free,https://apps.shopify.com/solution-3533
3534,Pro Support Solution 3534,Support,,,Centralizes customer queries into a single helpdesk interface., 944 ,from $9.99/mo,https://apps.shopify.com/solution-3534
3535,Pro Design Solution 3535,Design,,,Enhances store aesthetics with drag-and-drop themes and pages., 944 ,Free,https://apps.shopify.com/solution-3535
3536,Pro Fulfillment Solution 3536,Fulfillment,,,Streamlines shipping workflows and delivery time tracking., 944 ,Free,https://apps.shopify.com/solution-3536
3537,Pro Inventory Solution 3537,Inventory,,,Syncs stock levels across multiple warehouses and channels., 944 ,from $9.99/mo,https://apps.shopify.com/solution-3537
3538,Pro Analytics Solution 3538,Analytics,,,Provides data-driven insights into sales and customer cohorts., 943 ,Free,https://apps.shopify.com/solution-3538
3539,Pro Legal Solution 3539,Legal,,,Ensures store compliance with privacy and tax regulations., 943 ,Freemium,https://apps.shopify.com/solution-3539
3540,Pro Subscriptions Solution 3540,Subscriptions,,,Manages recurring revenue and customer billing flows., 943 ,Freemium,https://apps.shopify.com/solution-3540
3541,Pro Dropshipping Solution 3541,Dropshipping,,,Automates product sourcing and third-party fulfillment., 943 ,Free plan available,https://apps.shopify.com/solution-3541
3542,Pro SEO Solution 3542,SEO,,,Improves organic search visibility and website performance scores., 942 ,Freemium,https://apps.shopify.com/solution-3542
3543,Pro Marketing Solution 3543,Marketing,,,Automates customer communication and campaign attribution., 942 ,Freemium,https://apps.shopify.com/solution-3543
3544,Pro Sales Solution 3544,Sales,,,Boosts average order value with conversion-focused UI elements., 942 ,Freemium,https://apps.shopify.com/solution-3544
3545,Pro Support Solution 3545,Support,,,Centralizes customer queries into a single helpdesk interface., 942 ,Freemium,https://apps.shopify.com/solution-3545
3546,Pro Design Solution 3546,Design,,,Enhances store aesthetics with drag-and-drop themes and pages., 941 ,from $29/mo,https://apps.shopify.com/solution-3546
3547,Pro Fulfillment Solution 3547,Fulfillment,,,Streamlines shipping workflows and delivery time tracking., 941 ,from $9.99/mo,https://apps.shopify.com/solution-3547
3548,Pro Inventory Solution 3548,Inventory,,,Syncs stock levels across multiple warehouses and channels., 941 ,Free plan available,https://apps.shopify.com/solution-3548
3549,Pro Analytics Solution 3549,Analytics,,,Provides data-driven insights into sales and customer cohorts., 941 ,Freemium,https://apps.shopify.com/solution-3549
3550,Pro Legal Solution 3550,Legal,,,Ensures store compliance with privacy and tax regulations., 941 ,Free plan available,https://apps.shopify.com/solution-3550
3551,Pro Subscriptions Solution 3551,Subscriptions,,,Manages recurring revenue and customer billing flows., 940 ,from $29/mo,https://apps.shopify.com/solution-3551
3552,Pro Dropshipping Solution 3552,Dropshipping,,,Automates product sourcing and third-party fulfillment., 940 ,Free,https://apps.shopify.com/solution-3552
3553,Pro SEO Solution 3553,SEO,,,Improves organic search visibility and website performance scores., 940 ,Free plan available,https://apps.shopify.com/solution-3553
3554,Pro Marketing Solution 3554,Marketing,,,Automates customer communication and campaign attribution., 940 ,from $29/mo,https://apps.shopify.com/solution-3554
3555,Pro Sales Solution 3555,Sales,,,Boosts average order value with conversion-focused UI elements., 939 ,Freemium,https://apps.shopify.com/solution-3555
3556,Pro Support Solution 3556,Support,,,Centralizes customer queries into a single helpdesk interface., 939 ,Free plan available,https://apps.shopify.com/solution-3556
3557,Pro Design Solution 3557,Design,,,Enhances store aesthetics with drag-and-drop themes and pages., 939 ,Free,https://apps.shopify.com/solution-3557
3558,Pro Fulfillment Solution 3558,Fulfillment,,,Streamlines shipping workflows and delivery time tracking., 939 ,Freemium,https://apps.shopify.com/solution-3558
3559,Pro Inventory Solution 3559,Inventory,,,Syncs stock levels across multiple warehouses and channels., 939 ,Free,https://apps.shopify.com/solution-3559
3560,Pro Analytics Solution 3560,Analytics,,,Provides data-driven insights into sales and customer cohorts., 938 ,Free,https://apps.shopify.com/solution-3560
3561,Pro Legal Solution 3561,Legal,,,Ensures store compliance with privacy and tax regulations., 938 ,Free,https://apps.shopify.com/solution-3561
3562,Pro Subscriptions Solution 3562,Subscriptions,,,Manages recurring revenue and customer billing flows., 938 ,Free,https://apps.shopify.com/solution-3562
3563,Pro Dropshipping Solution 3563,Dropshipping,,,Automates product sourcing and third-party fulfillment., 938 ,from $9.99/mo,https://apps.shopify.com/solution-3563
3564,Pro SEO Solution 3564,SEO,,,Improves organic search visibility and website performance scores., 937 ,Free plan available,https://apps.shopify.com/solution-3564
3565,Pro Marketing Solution 3565,Marketing,,,Automates customer communication and campaign attribution., 937 ,Free plan available,https://apps.shopify.com/solution-3565
3566,Pro Sales Solution 3566,Sales,,,Boosts average order value with conversion-focused UI elements., 937 ,Freemium,https://apps.shopify.com/solution-3566
3567,Pro Support Solution 3567,Support,,,Centralizes customer queries into a single helpdesk interface., 937 ,Free,https://apps.shopify.com/solution-3567
3568,Pro Design Solution 3568,Design,,,Enhances store aesthetics with drag-and-drop themes and pages., 936 ,Free plan available,https://apps.shopify.com/solution-3568
3569,Pro Fulfillment Solution 3569,Fulfillment,,,Streamlines shipping workflows and delivery time tracking., 936 ,from $9.99/mo,https://apps.shopify.com/solution-3569
3570,Pro Inventory Solution 3570,Inventory,,,Syncs stock levels across multiple warehouses and channels., 936 ,from $29/mo,https://apps.shopify.com/solution-3570
3571,Pro Analytics Solution 3571,Analytics,,,Provides data-driven insights into sales and customer cohorts., 936 ,from $29/mo,https://apps.shopify.com/solution-3571
3572,Pro Legal Solution 3572,Legal,,,Ensures store compliance with privacy and tax regulations., 936 ,from $9.99/mo,https://apps.shopify.com/solution-3572
3573,Pro Subscriptions Solution 3573,Subscriptions,,,Manages recurring revenue and customer billing flows., 935 ,Free,https://apps.shopify.com/solution-3573
3574,Pro Dropshipping Solution 3574,Dropshipping,,,Automates product sourcing and third-party fulfillment., 935 ,Free,https://apps.shopify.com/solution-3574
3575,Pro SEO Solution 3575,SEO,,,Improves organic search visibility and website performance scores., 935 ,from $29/mo,https://apps.shopify.com/solution-3575
3576,Pro Marketing Solution 3576,Marketing,,,Automates customer communication and campaign attribution., 935 ,Freemium,https://apps.shopify.com/solution-3576
3577,Pro Sales Solution 3577,Sales,,,Boosts average order value with conversion-focused UI elements., 934 ,from $29/mo,https://apps.shopify.com/solution-3577
3578,Pro Support Solution 3578,Support,,,Centralizes customer queries into a single helpdesk interface., 934 ,from $29/mo,https://apps.shopify.com/solution-3578
3579,Pro Design Solution 3579,Design,,,Enhances store aesthetics with drag-and-drop themes and pages., 934 ,from $9.99/mo,https://apps.shopify.com/solution-3579
3580,Pro Fulfillment Solution 3580,Fulfillment,,,Streamlines shipping workflows and delivery time tracking., 934 ,Freemium,https://apps.shopify.com/solution-3580
3581,Pro Inventory Solution 3581,Inventory,,,Syncs stock levels across multiple warehouses and channels., 934 ,Free,https://apps.shopify.com/solution-3581
3582,Pro Analytics Solution 3582,Analytics,,,Provides data-driven insights into sales and customer cohorts., 933 ,from $9.99/mo,https://apps.shopify.com/solution-3582
3583,Pro Legal Solution 3583,Legal,,,Ensures store compliance with privacy and tax regulations., 933 ,Free,https://apps.shopify.com/solution-3583
3584,Pro Subscriptions Solution 3584,Subscriptions,,,Manages recurring revenue and customer billing flows., 933 ,Freemium,https://apps.shopify.com/solution-3584
3585,Pro Dropshipping Solution 3585,Dropshipping,,,Automates product sourcing and third-party fulfillment., 933 ,from $29/mo,https://apps.shopify.com/solution-3585
3586,Pro SEO Solution 3586,SEO,,,Improves organic search visibility and website performance scores., 932 ,Freemium,https://apps.shopify.com/solution-3586
3587,Pro Marketing Solution 3587,Marketing,,,Automates customer communication and campaign attribution., 932 ,from $29/mo,https://apps.shopify.com/solution-3587
3588,Pro Sales Solution 3588,Sales,,,Boosts average order value with conversion-focused UI elements., 932 ,Freemium,https://apps.shopify.com/solution-3588
3589,Pro Support Solution 3589,Support,,,Centralizes customer queries into a single helpdesk interface., 932 ,from $9.99/mo,https://apps.shopify.com/solution-3589
3590,Pro Design Solution 3590,Design,,,Enhances store aesthetics with drag-and-drop themes and pages., 932 ,Freemium,https://apps.shopify.com/solution-3590
3591,Pro Fulfillment Solution 3591,Fulfillment,,,Streamlines shipping workflows and delivery time tracking., 931 ,from $29/mo,https://apps.shopify.com/solution-3591
3592,Pro Inventory Solution 3592,Inventory,,,Syncs stock levels across multiple warehouses and channels., 931 ,Free,https://apps.shopify.com/solution-3592
3593,Pro Analytics Solution 3593,Analytics,,,Provides data-driven insights into sales and customer cohorts., 931 ,Free,https://apps.shopify.com/solution-3593
3594,Pro Legal Solution 3594,Legal,,,Ensures store compliance with privacy and tax regulations., 931 ,from $9.99/mo,https://apps.shopify.com/solution-3594
3595,Pro Subscriptions Solution 3595,Subscriptions,,,Manages recurring revenue and customer billing flows., 930 ,Freemium,https://apps.shopify.com/solution-3595
3596,Pro Dropshipping Solution 3596,Dropshipping,,,Automates product sourcing and third-party fulfillment., 930 ,Free plan available,https://apps.shopify.com/solution-3596
3597,Pro SEO Solution 3597,SEO,,,Improves organic search visibility and website performance scores., 930 ,Free,https://apps.shopify.com/solution-3597
3598,Pro Marketing Solution 3598,Marketing,,,Automates customer communication and campaign attribution., 930 ,from $29/mo,https://apps.shopify.com/solution-3598
3599,Pro Sales Solution 3599,Sales,,,Boosts average order value with conversion-focused UI elements., 929 ,Free plan available,https://apps.shopify.com/solution-3599
3600,Pro Support Solution 3600,Support,,,Centralizes customer queries into a single helpdesk interface., 929 ,from $9.99/mo,https://apps.shopify.com/solution-3600
3601,Pro Design Solution 3601,Design,,,Enhances store aesthetics with drag-and-drop themes and pages., 929 ,Freemium,https://apps.shopify.com/solution-3601
3602,Pro Fulfillment Solution 3602,Fulfillment,,,Streamlines shipping workflows and delivery time tracking., 929 ,Free,https://apps.shopify.com/solution-3602
3603,Pro Inventory Solution 3603,Inventory,,,Syncs stock levels across multiple warehouses and channels., 929 ,Free,https://apps.shopify.com/solution-3603
3604,Pro Analytics Solution 3604,Analytics,,,Provides data-driven insights into sales and customer cohorts., 928 ,from $29/mo,https://apps.shopify.com/solution-3604
3605,Pro Legal Solution 3605,Legal,,,Ensures store compliance with privacy and tax regulations., 928 ,Free plan available,https://apps.shopify.com/solution-3605
3606,Pro Subscriptions Solution 3606,Subscriptions,,,Manages recurring revenue and customer billing flows., 928 ,Free,https://apps.shopify.com/solution-3606
3607,Pro Dropshipping Solution 3607,Dropshipping,,,Automates product sourcing and third-party fulfillment., 928 ,from $9.99/mo,https://apps.shopify.com/solution-3607
3608,Pro SEO Solution 3608,SEO,,,Improves organic search visibility and website performance scores., 927 ,Free,https://apps.shopify.com/solution-3608
3609,Pro Marketing Solution 3609,Marketing,,,Automates customer communication and campaign attribution., 927 ,Free plan available,https://apps.shopify.com/solution-3609
3610,Pro Sales Solution 3610,Sales,,,Boosts average order value with conversion-focused UI elements., 927 ,Freemium,https://apps.shopify.com/solution-3610
3611,Pro Support Solution 3611,Support,,,Centralizes customer queries into a single helpdesk interface., 927 ,from $9.99/mo,https://apps.shopify.com/solution-3611
3612,Pro Design Solution 3612,Design,,,Enhances store aesthetics with drag-and-drop themes and pages., 927 ,Free,https://apps.shopify.com/solution-3612
3613,Pro Fulfillment Solution 3613,Fulfillment,,,Streamlines shipping workflows and delivery time tracking., 926 ,from $29/mo,https://apps.shopify.com/solution-3613
3614,Pro Inventory Solution 3614,Inventory,,,Syncs stock levels across multiple warehouses and channels., 926 ,Free,https://apps.shopify.com/solution-3614
3615,Pro Analytics Solution 3615,Analytics,,,Provides data-driven insights into sales and customer cohorts., 926 ,from $9.99/mo,https://apps.shopify.com/solution-3615
3616,Pro Legal Solution 3616,Legal,,,Ensures store compliance with privacy and tax regulations., 926 ,Free,https://apps.shopify.com/solution-3616
3617,Pro Subscriptions Solution 3617,Subscriptions,,,Manages recurring revenue and customer billing flows., 925 ,from $29/mo,https://apps.shopify.com/solution-3617
3618,Pro Dropshipping Solution 3618,Dropshipping,,,Automates product sourcing and third-party fulfillment., 925 ,Freemium,https://apps.shopify.com/solution-3618
3619,Pro SEO Solution 3619,SEO,,,Improves organic search visibility and website performance scores., 925 ,Free,https://apps.shopify.com/solution-3619
3620,Pro Marketing Solution 3620,Marketing,,,Automates customer communication and campaign attribution., 925 ,Free plan available,https://apps.shopify.com/solution-3620
3621,Pro Sales Solution 3621,Sales,,,Boosts average order value with conversion-focused UI elements., 925 ,from $29/mo,https://apps.shopify.com/solution-3621
3622,Pro Support Solution 3622,Support,,,Centralizes customer queries into a single helpdesk interface., 924 ,from $9.99/mo,https://apps.shopify.com/solution-3622
3623,Pro Design Solution 3623,Design,,,Enhances store aesthetics with drag-and-drop themes and pages., 924 ,from $9.99/mo,https://apps.shopify.com/solution-3623
3624,Pro Fulfillment Solution 3624,Fulfillment,,,Streamlines shipping workflows and delivery time tracking., 924 ,Free plan available,https://apps.shopify.com/solution-3624
3625,Pro Inventory Solution 3625,Inventory,,,Syncs stock levels across multiple warehouses and channels., 924 ,from $9.99/mo,https://apps.shopify.com/solution-3625
3626,Pro Analytics Solution 3626,Analytics,,,Provides data-driven insights into sales and customer cohorts., 924 ,from $29/mo,https://apps.shopify.com/solution-3626
3627,Pro Legal Solution 3627,Legal,,,Ensures store compliance with privacy and tax regulations., 923 ,Free plan available,https://apps.shopify.com/solution-3627
3628,Pro Subscriptions Solution 3628,Subscriptions,,,Manages recurring revenue and customer billing flows., 923 ,Free plan available,https://apps.shopify.com/solution-3628
3629,Pro Dropshipping Solution 3629,Dropshipping,,,Automates product sourcing and third-party fulfillment., 923 ,from $9.99/mo,https://apps.shopify.com/solution-3629
3630,Pro SEO Solution 3630,SEO,,,Improves organic search visibility and website performance scores., 923 ,from $29/mo,https://apps.shopify.com/solution-3630
3631,Pro Marketing Solution 3631,Marketing,,,Automates customer communication and campaign attribution., 922 ,Free plan available,https://apps.shopify.com/solution-3631
3632,Pro Sales Solution 3632,Sales,,,Boosts average order value with conversion-focused UI elements., 922 ,Freemium,https://apps.shopify.com/solution-3632
3633,Pro Support Solution 3633,Support,,,Centralizes customer queries into a single helpdesk interface., 922 ,from $9.99/mo,https://apps.shopify.com/solution-3633
3634,Pro Design Solution 3634,Design,,,Enhances store aesthetics with drag-and-drop themes and pages., 922 ,from $29/mo,https://apps.shopify.com/solution-3634
3635,Pro Fulfillment Solution 3635,Fulfillment,,,Streamlines shipping workflows and delivery time tracking., 922 ,Freemium,https://apps.shopify.com/solution-3635
3636,Pro Inventory Solution 3636,Inventory,,,Syncs stock levels across multiple warehouses and channels., 921 ,Free plan available,https://apps.shopify.com/solution-3636
3637,Pro Analytics Solution 3637,Analytics,,,Provides data-driven insights into sales and customer cohorts., 921 ,Free plan available,https://apps.shopify.com/solution-3637
3638,Pro Legal Solution 3638,Legal,,,Ensures store compliance with privacy and tax regulations., 921 ,from $9.99/mo,https://apps.shopify.com/solution-3638
3639,Pro Subscriptions Solution 3639,Subscriptions,,,Manages recurring revenue and customer billing flows., 921 ,Free,https://apps.shopify.com/solution-3639
3640,Pro Dropshipping Solution 3640,Dropshipping,,,Automates product sourcing and third-party fulfillment., 920 ,from $29/mo,https://apps.shopify.com/solution-3640
3641,Pro SEO Solution 3641,SEO,,,Improves organic search visibility and website performance scores., 920 ,from $29/mo,https://apps.shopify.com/solution-3641
3642,Pro Marketing Solution 3642,Marketing,,,Automates customer communication and campaign attribution., 920 ,Free plan available,https://apps.shopify.com/solution-3642
3643,Pro Sales Solution 3643,Sales,,,Boosts average order value with conversion-focused UI elements., 920 ,Free,https://apps.shopify.com/solution-3643
3644,Pro Support Solution 3644,Support,,,Centralizes customer queries into a single helpdesk interface., 920 ,Free,https://apps.shopify.com/solution-3644
3645,Pro Design Solution 3645,Design,,,Enhances store aesthetics with drag-and-drop themes and pages., 919 ,from $9.99/mo,https://apps.shopify.com/solution-3645
3646,Pro Fulfillment Solution 3646,Fulfillment,,,Streamlines shipping workflows and delivery time tracking., 919 ,from $9.99/mo,https://apps.shopify.com/solution-3646
3647,Pro Inventory Solution 3647,Inventory,,,Syncs stock levels across multiple warehouses and channels., 919 ,Freemium,https://apps.shopify.com/solution-3647
3648,Pro Analytics Solution 3648,Analytics,,,Provides data-driven insights into sales and customer cohorts., 919 ,Free plan available,https://apps.shopify.com/solution-3648
3649,Pro Legal Solution 3649,Legal,,,Ensures store compliance with privacy and tax regulations., 918 ,Free,https://apps.shopify.com/solution-3649
3650,Pro Subscriptions Solution 3650,Subscriptions,,,Manages recurring revenue and customer billing flows., 918 ,from $9.99/mo,https://apps.shopify.com/solution-3650
3651,Pro Dropshipping Solution 3651,Dropshipping,,,Automates product sourcing and third-party fulfillment., 918 ,Freemium,https://apps.shopify.com/solution-3651
3652,Pro SEO Solution 3652,SEO,,,Improves organic search visibility and website performance scores., 918 ,Free plan available,https://apps.shopify.com/solution-3652
3653,Pro Marketing Solution 3653,Marketing,,,Automates customer communication and campaign attribution., 918 ,Freemium,https://apps.shopify.com/solution-3653
3654,Pro Sales Solution 3654,Sales,,,Boosts average order value with conversion-focused UI elements., 917 ,Free,https://apps.shopify.com/solution-3654
3655,Pro Support Solution 3655,Support,,,Centralizes customer queries into a single helpdesk interface., 917 ,Freemium,https://apps.shopify.com/solution-3655
3656,Pro Design Solution 3656,Design,,,Enhances store aesthetics with drag-and-drop themes and pages., 917 ,Free plan available,https://apps.shopify.com/solution-3656
3657,Pro Fulfillment Solution 3657,Fulfillment,,,Streamlines shipping workflows and delivery time tracking., 917 ,from $9.99/mo,https://apps.shopify.com/solution-3657
3658,Pro Inventory Solution 3658,Inventory,,,Syncs stock levels across multiple warehouses and channels., 917 ,Free,https://apps.shopify.com/solution-3658
3659,Pro Analytics Solution 3659,Analytics,,,Provides data-driven insights into sales and customer cohorts., 916 ,Free plan available,https://apps.shopify.com/solution-3659
3660,Pro Legal Solution 3660,Legal,,,Ensures store compliance with privacy and tax regulations., 916 ,from $9.99/mo,https://apps.shopify.com/solution-3660
3661,Pro Subscriptions Solution 3661,Subscriptions,,,Manages recurring revenue and customer billing flows., 916 ,from $29/mo,https://apps.shopify.com/solution-3661
3662,Pro Dropshipping Solution 3662,Dropshipping,,,Automates product sourcing and third-party fulfillment., 916 ,from $29/mo,https://apps.shopify.com/solution-3662
3663,Pro SEO Solution 3663,SEO,,,Improves organic search visibility and website performance scores., 915 ,Free plan available,https://apps.shopify.com/solution-3663
3664,Pro Marketing Solution 3664,Marketing,,,Automates customer communication and campaign attribution., 915 ,from $9.99/mo,https://apps.shopify.com/solution-3664
3665,Pro Sales Solution 3665,Sales,,,Boosts average order value with conversion-focused UI elements., 915 ,from $9.99/mo,https://apps.shopify.com/solution-3665
3666,Pro Support Solution 3666,Support,,,Centralizes customer queries into a single helpdesk interface., 915 ,Free,https://apps.shopify.com/solution-3666
3667,Pro Design Solution 3667,Design,,,Enhances store aesthetics with drag-and-drop themes and pages., 915 ,Freemium,https://apps.shopify.com/solution-3667
3668,Pro Fulfillment Solution 3668,Fulfillment,,,Streamlines shipping workflows and delivery time tracking., 914 ,Freemium,https://apps.shopify.com/solution-3668
3669,Pro Inventory Solution 3669,Inventory,,,Syncs stock levels across multiple warehouses and channels., 914 ,Free,https://apps.shopify.com/solution-3669
3670,Pro Analytics Solution 3670,Analytics,,,Provides data-driven insights into sales and customer cohorts., 914 ,from $9.99/mo,https://apps.shopify.com/solution-3670
3671,Pro Legal Solution 3671,Legal,,,Ensures store compliance with privacy and tax regulations., 914 ,Free plan available,https://apps.shopify.com/solution-3671
3672,Pro Subscriptions Solution 3672,Subscriptions,,,Manages recurring revenue and customer billing flows., 913 ,Free plan available,https://apps.shopify.com/solution-3672
3673,Pro Dropshipping Solution 3673,Dropshipping,,,Automates product sourcing and third-party fulfillment., 913 ,from $29/mo,https://apps.shopify.com/solution-3673
3674,Pro SEO Solution 3674,SEO,,,Improves organic search visibility and website performance scores., 913 ,Free plan available,https://apps.shopify.com/solution-3674
3675,Pro Marketing Solution 3675,Marketing,,,Automates customer communication and campaign attribution., 913 ,Freemium,https://apps.shopify.com/solution-3675
3676,Pro Sales Solution 3676,Sales,,,Boosts average order value with conversion-focused UI elements., 913 ,from $9.99/mo,https://apps.shopify.com/solution-3676
3677,Pro Support Solution 3677,Support,,,Centralizes customer queries into a single helpdesk interface., 912 ,Free plan available,https://apps.shopify.com/solution-3677
3678,Pro Design Solution 3678,Design,,,Enhances store aesthetics with drag-and-drop themes and pages., 912 ,from $29/mo,https://apps.shopify.com/solution-3678
3679,Pro Fulfillment Solution 3679,Fulfillment,,,Streamlines shipping workflows and delivery time tracking., 912 ,Free,https://apps.shopify.com/solution-3679
3680,Pro Inventory Solution 3680,Inventory,,,Syncs stock levels across multiple warehouses and channels., 912 ,from $9.99/mo,https://apps.shopify.com/solution-3680
3681,Pro Analytics Solution 3681,Analytics,,,Provides data-driven insights into sales and customer cohorts., 912 ,Freemium,https://apps.shopify.com/solution-3681
3682,Pro Legal Solution 3682,Legal,,,Ensures store compliance with privacy and tax regulations., 911 ,from $9.99/mo,https://apps.shopify.com/solution-3682
3683,Pro Subscriptions Solution 3683,Subscriptions,,,Manages recurring revenue and customer billing flows., 911 ,from $9.99/mo,https://apps.shopify.com/solution-3683
3684,Pro Dropshipping Solution 3684,Dropshipping,,,Automates product sourcing and third-party fulfillment., 911 ,from $29/mo,https://apps.shopify.com/solution-3684
3685,Pro SEO Solution 3685,SEO,,,Improves organic search visibility and website performance scores., 911 ,from $9.99/mo,https://apps.shopify.com/solution-3685
3686,Pro Marketing Solution 3686,Marketing,,,Automates customer communication and campaign attribution., 910 ,Free,https://apps.shopify.com/solution-3686
3687,Pro Sales Solution 3687,Sales,,,Boosts average order value with conversion-focused UI elements., 910 ,Free plan available,https://apps.shopify.com/solution-3687
3688,Pro Support Solution 3688,Support,,,Centralizes customer queries into a single helpdesk interface., 910 ,from $9.99/mo,https://apps.shopify.com/solution-3688
3689,Pro Design Solution 3689,Design,,,Enhances store aesthetics with drag-and-drop themes and pages., 910 ,from $29/mo,https://apps.shopify.com/solution-3689
3690,Pro Fulfillment Solution 3690,Fulfillment,,,Streamlines shipping workflows and delivery time tracking., 910 ,Freemium,https://apps.shopify.com/solution-3690
3691,Pro Inventory Solution 3691,Inventory,,,Syncs stock levels across multiple warehouses and channels., 909 ,Free,https://apps.shopify.com/solution-3691
3692,Pro Analytics Solution 3692,Analytics,,,Provides data-driven insights into sales and customer cohorts., 909 ,Freemium,https://apps.shopify.com/solution-3692
3693,Pro Legal Solution 3693,Legal,,,Ensures store compliance with privacy and tax regulations., 909 ,from $29/mo,https://apps.shopify.com/solution-3693
3694,Pro Subscriptions Solution 3694,Subscriptions,,,Manages recurring revenue and customer billing flows., 909 ,Freemium,https://apps.shopify.com/solution-3694
3695,Pro Dropshipping Solution 3695,Dropshipping,,,Automates product sourcing and third-party fulfillment., 909 ,Freemium,https://apps.shopify.com/solution-3695
3696,Pro SEO Solution 3696,SEO,,,Improves organic search visibility and website performance scores., 908 ,Freemium,https://apps.shopify.com/solution-3696
3697,Pro Marketing Solution 3697,Marketing,,,Automates customer communication and campaign attribution., 908 ,Free,https://apps.shopify.com/solution-3697
3698,Pro Sales Solution 3698,Sales,,,Boosts average order value with conversion-focused UI elements., 908 ,from $29/mo,https://apps.shopify.com/solution-3698
3699,Pro Support Solution 3699,Support,,,Centralizes customer queries into a single helpdesk interface., 908 ,from $29/mo,https://apps.shopify.com/solution-3699
3700,Pro Design Solution 3700,Design,,,Enhances store aesthetics with drag-and-drop themes and pages., 908 ,Free,https://apps.shopify.com/solution-3700
3701,Pro Fulfillment Solution 3701,Fulfillment,,,Streamlines shipping workflows and delivery time tracking., 907 ,from $29/mo,https://apps.shopify.com/solution-3701
3702,Pro Inventory Solution 3702,Inventory,,,Syncs stock levels across multiple warehouses and channels., 907 ,Free,https://apps.shopify.com/solution-3702
3703,Pro Analytics Solution 3703,Analytics,,,Provides data-driven insights into sales and customer cohorts., 907 ,from $9.99/mo,https://apps.shopify.com/solution-3703
3704,Pro Legal Solution 3704,Legal,,,Ensures store compliance with privacy and tax regulations., 907 ,from $9.99/mo,https://apps.shopify.com/solution-3704
3705,Pro Subscriptions Solution 3705,Subscriptions,,,Manages recurring revenue and customer billing flows., 906 ,from $9.99/mo,https://apps.shopify.com/solution-3705
3706,Pro Dropshipping Solution 3706,Dropshipping,,,Automates product sourcing and third-party fulfillment., 906 ,from $29/mo,https://apps.shopify.com/solution-3706
3707,Pro SEO Solution 3707,SEO,,,Improves organic search visibility and website performance scores., 906 ,Free plan available,https://apps.shopify.com/solution-3707
3708,Pro Marketing Solution 3708,Marketing,,,Automates customer communication and campaign attribution., 906 ,from $9.99/mo,https://apps.shopify.com/solution-3708
3709,Pro Sales Solution 3709,Sales,,,Boosts average order value with conversion-focused UI elements., 906 ,Free plan available,https://apps.shopify.com/solution-3709
3710,Pro Support Solution 3710,Support,,,Centralizes customer queries into a single helpdesk interface., 905 ,Free,https://apps.shopify.com/solution-3710
3711,Pro Design Solution 3711,Design,,,Enhances store aesthetics with drag-and-drop themes and pages., 905 ,Freemium,https://apps.shopify.com/solution-3711
3712,Pro Fulfillment Solution 3712,Fulfillment,,,Streamlines shipping workflows and delivery time tracking., 905 ,Freemium,https://apps.shopify.com/solution-3712
3713,Pro Inventory Solution 3713,Inventory,,,Syncs stock levels across multiple warehouses and channels., 905 ,from $29/mo,https://apps.shopify.com/solution-3713
3714,Pro Analytics Solution 3714,Analytics,,,Provides data-driven insights into sales and customer cohorts., 905 ,Freemium,https://apps.shopify.com/solution-3714
3715,Pro Legal Solution 3715,Legal,,,Ensures store compliance with privacy and tax regulations., 904 ,from $9.99/mo,https://apps.shopify.com/solution-3715
3716,Pro Subscriptions Solution 3716,Subscriptions,,,Manages recurring revenue and customer billing flows., 904 ,Free plan available,https://apps.shopify.com/solution-3716
3717,Pro Dropshipping Solution 3717,Dropshipping,,,Automates product sourcing and third-party fulfillment., 904 ,Free plan available,https://apps.shopify.com/solution-3717
3718,Pro SEO Solution 3718,SEO,,,Improves organic search visibility and website performance scores., 904 ,Free plan available,https://apps.shopify.com/solution-3718
3719,Pro Marketing Solution 3719,Marketing,,,Automates customer communication and campaign attribution., 904 ,from $9.99/mo,https://apps.shopify.com/solution-3719
3720,Pro Sales Solution 3720,Sales,,,Boosts average order value with conversion-focused UI elements., 903 ,Freemium,https://apps.shopify.com/solution-3720
3721,Pro Support Solution 3721,Support,,,Centralizes customer queries into a single helpdesk interface., 903 ,Free plan available,https://apps.shopify.com/solution-3721
3722,Pro Design Solution 3722,Design,,,Enhances store aesthetics with drag-and-drop themes and pages., 903 ,from $29/mo,https://apps.shopify.com/solution-3722
3723,Pro Fulfillment Solution 3723,Fulfillment,,,Streamlines shipping workflows and delivery time tracking., 903 ,from $9.99/mo,https://apps.shopify.com/solution-3723
3724,Pro Inventory Solution 3724,Inventory,,,Syncs stock levels across multiple warehouses and channels., 902 ,Free plan available,https://apps.shopify.com/solution-3724
3725,Pro Analytics Solution 3725,Analytics,,,Provides data-driven insights into sales and customer cohorts., 902 ,Free plan available,https://apps.shopify.com/solution-3725
3726,Pro Legal Solution 3726,Legal,,,Ensures store compliance with privacy and tax regulations., 902 ,from $29/mo,https://apps.shopify.com/solution-3726
3727,Pro Subscriptions Solution 3727,Subscriptions,,,Manages recurring revenue and customer billing flows., 902 ,Free plan available,https://apps.shopify.com/solution-3727
3728,Pro Dropshipping Solution 3728,Dropshipping,,,Automates product sourcing and third-party fulfillment., 902 ,Free,https://apps.shopify.com/solution-3728
3729,Pro SEO Solution 3729,SEO,,,Improves organic search visibility and website performance scores., 901 ,from $9.99/mo,https://apps.shopify.com/solution-3729
3730,Pro Marketing Solution 3730,Marketing,,,Automates customer communication and campaign attribution., 901 ,Freemium,https://apps.shopify.com/solution-3730
3731,Pro Sales Solution 3731,Sales,,,Boosts average order value with conversion-focused UI elements., 901 ,from $9.99/mo,https://apps.shopify.com/solution-3731
3732,Pro Support Solution 3732,Support,,,Centralizes customer queries into a single helpdesk interface., 901 ,from $29/mo,https://apps.shopify.com/solution-3732
3733,Pro Design Solution 3733,Design,,,Enhances store aesthetics with drag-and-drop themes and pages., 901 ,Free plan available,https://apps.shopify.com/solution-3733
3734,Pro Fulfillment Solution 3734,Fulfillment,,,Streamlines shipping workflows and delivery time tracking., 900 ,from $9.99/mo,https://apps.shopify.com/solution-3734
3735,Pro Inventory Solution 3735,Inventory,,,Syncs stock levels across multiple warehouses and channels., 900 ,from $9.99/mo,https://apps.shopify.com/solution-3735
3736,Pro Analytics Solution 3736,Analytics,,,Provides data-driven insights into sales and customer cohorts., 900 ,Free plan available,https://apps.shopify.com/solution-3736
3737,Pro Legal Solution 3737,Legal,,,Ensures store compliance with privacy and tax regulations., 900 ,Free,https://apps.shopify.com/solution-3737
3738,Pro Subscriptions Solution 3738,Subscriptions,,,Manages recurring revenue and customer billing flows., 900 ,Free plan available,https://apps.shopify.com/solution-3738
3739,Pro Dropshipping Solution 3739,Dropshipping,,,Automates product sourcing and third-party fulfillment., 899 ,Free,https://apps.shopify.com/solution-3739
3740,Pro SEO Solution 3740,SEO,,,Improves organic search visibility and website performance scores., 899 ,Free plan available,https://apps.shopify.com/solution-3740
3741,Pro Marketing Solution 3741,Marketing,,,Automates customer communication and campaign attribution., 899 ,Freemium,https://apps.shopify.com/solution-3741
3742,Pro Sales Solution 3742,Sales,,,Boosts average order value with conversion-focused UI elements., 899 ,from $29/mo,https://apps.shopify.com/solution-3742
3743,Pro Support Solution 3743,Support,,,Centralizes customer queries into a single helpdesk interface., 898 ,from $9.99/mo,https://apps.shopify.com/solution-3743
3744,Pro Design Solution 3744,Design,,,Enhances store aesthetics with drag-and-drop themes and pages., 898 ,Free,https://apps.shopify.com/solution-3744
3745,Pro Fulfillment Solution 3745,Fulfillment,,,Streamlines shipping workflows and delivery time tracking., 898 ,Freemium,https://apps.shopify.com/solution-3745
3746,Pro Inventory Solution 3746,Inventory,,,Syncs stock levels across multiple warehouses and channels., 898 ,Free plan available,https://apps.shopify.com/solution-3746
3747,Pro Analytics Solution 3747,Analytics,,,Provides data-driven insights into sales and customer cohorts., 898 ,from $29/mo,https://apps.shopify.com/solution-3747
3748,Pro Legal Solution 3748,Legal,,,Ensures store compliance with privacy and tax regulations., 897 ,from $29/mo,https://apps.shopify.com/solution-3748
3749,Pro Subscriptions Solution 3749,Subscriptions,,,Manages recurring revenue and customer billing flows., 897 ,Free,https://apps.shopify.com/solution-3749
3750,Pro Dropshipping Solution 3750,Dropshipping,,,Automates product sourcing and third-party fulfillment., 897 ,from $29/mo,https://apps.shopify.com/solution-3750
3751,Pro SEO Solution 3751,SEO,,,Improves organic search visibility and website performance scores., 897 ,Free plan available,https://apps.shopify.com/solution-3751
3752,Pro Marketing Solution 3752,Marketing,,,Automates customer communication and campaign attribution., 897 ,Freemium,https://apps.shopify.com/solution-3752
3753,Pro Sales Solution 3753,Sales,,,Boosts average order value with conversion-focused UI elements., 896 ,Freemium,https://apps.shopify.com/solution-3753
3754,Pro Support Solution 3754,Support,,,Centralizes customer queries into a single helpdesk interface., 896 ,from $9.99/mo,https://apps.shopify.com/solution-3754
3755,Pro Design Solution 3755,Design,,,Enhances store aesthetics with drag-and-drop themes and pages., 896 ,Free plan available,https://apps.shopify.com/solution-3755
3756,Pro Fulfillment Solution 3756,Fulfillment,,,Streamlines shipping workflows and delivery time tracking., 896 ,from $29/mo,https://apps.shopify.com/solution-3756
3757,Pro Inventory Solution 3757,Inventory,,,Syncs stock levels across multiple warehouses and channels., 896 ,Freemium,https://apps.shopify.com/solution-3757
3758,Pro Analytics Solution 3758,Analytics,,,Provides data-driven insights into sales and customer cohorts., 895 ,Freemium,https://apps.shopify.com/solution-3758
3759,Pro Legal Solution 3759,Legal,,,Ensures store compliance with privacy and tax regulations., 895 ,Free plan available,https://apps.shopify.com/solution-3759
3760,Pro Subscriptions Solution 3760,Subscriptions,,,Manages recurring revenue and customer billing flows., 895 ,Free plan available,https://apps.shopify.com/solution-3760
3761,Pro Dropshipping Solution 3761,Dropshipping,,,Automates product sourcing and third-party fulfillment., 895 ,from $9.99/mo,https://apps.shopify.com/solution-3761
3762,Pro SEO Solution 3762,SEO,,,Improves organic search visibility and website performance scores., 895 ,Free plan available,https://apps.shopify.com/solution-3762
3763,Pro Marketing Solution 3763,Marketing,,,Automates customer communication and campaign attribution., 894 ,Free plan available,https://apps.shopify.com/solution-3763
3764,Pro Sales Solution 3764,Sales,,,Boosts average order value with conversion-focused UI elements., 894 ,Free plan available,https://apps.shopify.com/solution-3764
3765,Pro Support Solution 3765,Support,,,Centralizes customer queries into a single helpdesk interface., 894 ,Free,https://apps.shopify.com/solution-3765
3766,Pro Design Solution 3766,Design,,,Enhances store aesthetics with drag-and-drop themes and pages., 894 ,from $9.99/mo,https://apps.shopify.com/solution-3766
3767,Pro Fulfillment Solution 3767,Fulfillment,,,Streamlines shipping workflows and delivery time tracking., 894 ,Freemium,https://apps.shopify.com/solution-3767
3768,Pro Inventory Solution 3768,Inventory,,,Syncs stock levels across multiple warehouses and channels., 893 ,from $29/mo,https://apps.shopify.com/solution-3768
3769,Pro Analytics Solution 3769,Analytics,,,Provides data-driven insights into sales and customer cohorts., 893 ,Free,https://apps.shopify.com/solution-3769
3770,Pro Legal Solution 3770,Legal,,,Ensures store compliance with privacy and tax regulations., 893 ,Free plan available,https://apps.shopify.com/solution-3770
3771,Pro Subscriptions Solution 3771,Subscriptions,,,Manages recurring revenue and customer billing flows., 893 ,Freemium,https://apps.shopify.com/solution-3771
3772,Pro Dropshipping Solution 3772,Dropshipping,,,Automates product sourcing and third-party fulfillment., 893 ,Free,https://apps.shopify.com/solution-3772
3773,Pro SEO Solution 3773,SEO,,,Improves organic search visibility and website performance scores., 892 ,Free,https://apps.shopify.com/solution-3773
3774,Pro Marketing Solution 3774,Marketing,,,Automates customer communication and campaign attribution., 892 ,Free plan available,https://apps.shopify.com/solution-3774
3775,Pro Sales Solution 3775,Sales,,,Boosts average order value with conversion-focused UI elements., 892 ,from $29/mo,https://apps.shopify.com/solution-3775
3776,Pro Support Solution 3776,Support,,,Centralizes customer queries into a single helpdesk interface., 892 ,Freemium,https://apps.shopify.com/solution-3776
3777,Pro Design Solution 3777,Design,,,Enhances store aesthetics with drag-and-drop themes and pages., 891 ,from $9.99/mo,https://apps.shopify.com/solution-3777
3778,Pro Fulfillment Solution 3778,Fulfillment,,,Streamlines shipping workflows and delivery time tracking., 891 ,Free,https://apps.shopify.com/solution-3778
3779,Pro Inventory Solution 3779,Inventory,,,Syncs stock levels across multiple warehouses and channels., 891 ,Free,https://apps.shopify.com/solution-3779
3780,Pro Analytics Solution 3780,Analytics,,,Provides data-driven insights into sales and customer cohorts., 891 ,Free plan available,https://apps.shopify.com/solution-3780
3781,Pro Legal Solution 3781,Legal,,,Ensures store compliance with privacy and tax regulations., 891 ,from $9.99/mo,https://apps.shopify.com/solution-3781
3782,Pro Subscriptions Solution 3782,Subscriptions,,,Manages recurring revenue and customer billing flows., 890 ,Free plan available,https://apps.shopify.com/solution-3782
3783,Pro Dropshipping Solution 3783,Dropshipping,,,Automates product sourcing and third-party fulfillment., 890 ,Free plan available,https://apps.shopify.com/solution-3783
3784,Pro SEO Solution 3784,SEO,,,Improves organic search visibility and website performance scores., 890 ,from $9.99/mo,https://apps.shopify.com/solution-3784
3785,Pro Marketing Solution 3785,Marketing,,,Automates customer communication and campaign attribution., 890 ,from $9.99/mo,https://apps.shopify.com/solution-3785
3786,Pro Sales Solution 3786,Sales,,,Boosts average order value with conversion-focused UI elements., 890 ,from $29/mo,https://apps.shopify.com/solution-3786
3787,Pro Support Solution 3787,Support,,,Centralizes customer queries into a single helpdesk interface., 889 ,from $29/mo,https://apps.shopify.com/solution-3787
3788,Pro Design Solution 3788,Design,,,Enhances store aesthetics with drag-and-drop themes and pages., 889 ,Freemium,https://apps.shopify.com/solution-3788
3789,Pro Fulfillment Solution 3789,Fulfillment,,,Streamlines shipping workflows and delivery time tracking., 889 ,from $9.99/mo,https://apps.shopify.com/solution-3789
3790,Pro Inventory Solution 3790,Inventory,,,Syncs stock levels across multiple warehouses and channels., 889 ,Free plan available,https://apps.shopify.com/solution-3790
3791,Pro Analytics Solution 3791,Analytics,,,Provides data-driven insights into sales and customer cohorts., 889 ,Free plan available,https://apps.shopify.com/solution-3791
3792,Pro Legal Solution 3792,Legal,,,Ensures store compliance with privacy and tax regulations., 888 ,Free,https://apps.shopify.com/solution-3792
3793,Pro Subscriptions Solution 3793,Subscriptions,,,Manages recurring revenue and customer billing flows., 888 ,from $29/mo,https://apps.shopify.com/solution-3793
3794,Pro Dropshipping Solution 3794,Dropshipping,,,Automates product sourcing and third-party fulfillment., 888 ,Free plan available,https://apps.shopify.com/solution-3794
3795,Pro SEO Solution 3795,SEO,,,Improves organic search visibility and website performance scores., 888 ,from $29/mo,https://apps.shopify.com/solution-3795
3796,Pro Marketing Solution 3796,Marketing,,,Automates customer communication and campaign attribution., 888 ,Free plan available,https://apps.shopify.com/solution-3796
3797,Pro Sales Solution 3797,Sales,,,Boosts average order value with conversion-focused UI elements., 887 ,Free,https://apps.shopify.com/solution-3797
3798,Pro Support Solution 3798,Support,,,Centralizes customer queries into a single helpdesk interface., 887 ,Free,https://apps.shopify.com/solution-3798
3799,Pro Design Solution 3799,Design,,,Enhances store aesthetics with drag-and-drop themes and pages., 887 ,Free plan available,https://apps.shopify.com/solution-3799
3800,Pro Fulfillment Solution 3800,Fulfillment,,,Streamlines shipping workflows and delivery time tracking., 887 ,Freemium,https://apps.shopify.com/solution-3800
3801,Pro Inventory Solution 3801,Inventory,,,Syncs stock levels across multiple warehouses and channels., 887 ,from $9.99/mo,https://apps.shopify.com/solution-3801
3802,Pro Analytics Solution 3802,Analytics,,,Provides data-driven insights into sales and customer cohorts., 886 ,Free plan available,https://apps.shopify.com/solution-3802
3803,Pro Legal Solution 3803,Legal,,,Ensures store compliance with privacy and tax regulations., 886 ,from $9.99/mo,https://apps.shopify.com/solution-3803
3804,Pro Subscriptions Solution 3804,Subscriptions,,,Manages recurring revenue and customer billing flows., 886 ,from $9.99/mo,https://apps.shopify.com/solution-3804
3805,Pro Dropshipping Solution 3805,Dropshipping,,,Automates product sourcing and third-party fulfillment., 886 ,from $29/mo,https://apps.shopify.com/solution-3805
3806,Pro SEO Solution 3806,SEO,,,Improves organic search visibility and website performance scores., 886 ,from $29/mo,https://apps.shopify.com/solution-3806
3807,Pro Marketing Solution 3807,Marketing,,,Automates customer communication and campaign attribution., 885 ,from $9.99/mo,https://apps.shopify.com/solution-3807
3808,Pro Sales Solution 3808,Sales,,,Boosts average order value with conversion-focused UI elements., 885 ,from $29/mo,https://apps.shopify.com/solution-3808
3809,Pro Support Solution 3809,Support,,,Centralizes customer queries into a single helpdesk interface., 885 ,Freemium,https://apps.shopify.com/solution-3809
3810,Pro Design Solution 3810,Design,,,Enhances store aesthetics with drag-and-drop themes and pages., 885 ,from $9.99/mo,https://apps.shopify.com/solution-3810
3811,Pro Fulfillment Solution 3811,Fulfillment,,,Streamlines shipping workflows and delivery time tracking., 885 ,Free plan available,https://apps.shopify.com/solution-3811
3812,Pro Inventory Solution 3812,Inventory,,,Syncs stock levels across multiple warehouses and channels., 884 ,Free,https://apps.shopify.com/solution-3812
3813,Pro Analytics Solution 3813,Analytics,,,Provides data-driven insights into sales and customer cohorts., 884 ,Free,https://apps.shopify.com/solution-3813
3814,Pro Legal Solution 3814,Legal,,,Ensures store compliance with privacy and tax regulations., 884 ,from $29/mo,https://apps.shopify.com/solution-3814
3815,Pro Subscriptions Solution 3815,Subscriptions,,,Manages recurring revenue and customer billing flows., 884 ,from $29/mo,https://apps.shopify.com/solution-3815
3816,Pro Dropshipping Solution 3816,Dropshipping,,,Automates product sourcing and third-party fulfillment., 884 ,Freemium,https://apps.shopify.com/solution-3816
3817,Pro SEO Solution 3817,SEO,,,Improves organic search visibility and website performance scores., 883 ,Free,https://apps.shopify.com/solution-3817
3818,Pro Marketing Solution 3818,Marketing,,,Automates customer communication and campaign attribution., 883 ,Free,https://apps.shopify.com/solution-3818
3819,Pro Sales Solution 3819,Sales,,,Boosts average order value with conversion-focused UI elements., 883 ,Freemium,https://apps.shopify.com/solution-3819
3820,Pro Support Solution 3820,Support,,,Centralizes customer queries into a single helpdesk interface., 883 ,Freemium,https://apps.shopify.com/solution-3820
3821,Pro Design Solution 3821,Design,,,Enhances store aesthetics with drag-and-drop themes and pages., 883 ,Free plan available,https://apps.shopify.com/solution-3821
3822,Pro Fulfillment Solution 3822,Fulfillment,,,Streamlines shipping workflows and delivery time tracking., 882 ,Free,https://apps.shopify.com/solution-3822
3823,Pro Inventory Solution 3823,Inventory,,,Syncs stock levels across multiple warehouses and channels., 882 ,Freemium,https://apps.shopify.com/solution-3823
3824,Pro Analytics Solution 3824,Analytics,,,Provides data-driven insights into sales and customer cohorts., 882 ,from $9.99/mo,https://apps.shopify.com/solution-3824
3825,Pro Legal Solution 3825,Legal,,,Ensures store compliance with privacy and tax regulations., 882 ,Free plan available,https://apps.shopify.com/solution-3825
3826,Pro Subscriptions Solution 3826,Subscriptions,,,Manages recurring revenue and customer billing flows., 882 ,from $29/mo,https://apps.shopify.com/solution-3826
3827,Pro Dropshipping Solution 3827,Dropshipping,,,Automates product sourcing and third-party fulfillment., 881 ,Free plan available,https://apps.shopify.com/solution-3827
3828,Pro SEO Solution 3828,SEO,,,Improves organic search visibility and website performance scores., 881 ,Freemium,https://apps.shopify.com/solution-3828
3829,Pro Marketing Solution 3829,Marketing,,,Automates customer communication and campaign attribution., 881 ,from $29/mo,https://apps.shopify.com/solution-3829
3830,Pro Sales Solution 3830,Sales,,,Boosts average order value with conversion-focused UI elements., 881 ,Freemium,https://apps.shopify.com/solution-3830
3831,Pro Support Solution 3831,Support,,,Centralizes customer queries into a single helpdesk interface., 881 ,from $29/mo,https://apps.shopify.com/solution-3831
3832,Pro Design Solution 3832,Design,,,Enhances store aesthetics with drag-and-drop themes and pages., 880 ,from $9.99/mo,https://apps.shopify.com/solution-3832
3833,Pro Fulfillment Solution 3833,Fulfillment,,,Streamlines shipping workflows and delivery time tracking., 880 ,Free,https://apps.shopify.com/solution-3833
3834,Pro Inventory Solution 3834,Inventory,,,Syncs stock levels across multiple warehouses and channels., 880 ,Free,https://apps.shopify.com/solution-3834
3835,Pro Analytics Solution 3835,Analytics,,,Provides data-driven insights into sales and customer cohorts., 880 ,from $29/mo,https://apps.shopify.com/solution-3835
3836,Pro Legal Solution 3836,Legal,,,Ensures store compliance with privacy and tax regulations., 880 ,Free,https://apps.shopify.com/solution-3836
3837,Pro Subscriptions Solution 3837,Subscriptions,,,Manages recurring revenue and customer billing flows., 879 ,Free,https://apps.shopify.com/solution-3837
3838,Pro Dropshipping Solution 3838,Dropshipping,,,Automates product sourcing and third-party fulfillment., 879 ,from $29/mo,https://apps.shopify.com/solution-3838
3839,Pro SEO Solution 3839,SEO,,,Improves organic search visibility and website performance scores., 879 ,from $9.99/mo,https://apps.shopify.com/solution-3839
3840,Pro Marketing Solution 3840,Marketing,,,Automates customer communication and campaign attribution., 879 ,from $9.99/mo,https://apps.shopify.com/solution-3840
3841,Pro Sales Solution 3841,Sales,,,Boosts average order value with conversion-focused UI elements., 879 ,Free plan available,https://apps.shopify.com/solution-3841
3842,Pro Support Solution 3842,Support,,,Centralizes customer queries into a single helpdesk interface., 878 ,from $29/mo,https://apps.shopify.com/solution-3842
3843,Pro Design Solution 3843,Design,,,Enhances store aesthetics with drag-and-drop themes and pages., 878 ,Free plan available,https://apps.shopify.com/solution-3843
3844,Pro Fulfillment Solution 3844,Fulfillment,,,Streamlines shipping workflows and delivery time tracking., 878 ,Free plan available,https://apps.shopify.com/solution-3844
3845,Pro Inventory Solution 3845,Inventory,,,Syncs stock levels across multiple warehouses and channels., 878 ,Free,https://apps.shopify.com/solution-3845
3846,Pro Analytics Solution 3846,Analytics,,,Provides data-driven insights into sales and customer cohorts., 878 ,Freemium,https://apps.shopify.com/solution-3846
3847,Pro Legal Solution 3847,Legal,,,Ensures store compliance with privacy and tax regulations., 877 ,Free plan available,https://apps.shopify.com/solution-3847
3848,Pro Subscriptions Solution 3848,Subscriptions,,,Manages recurring revenue and customer billing flows., 877 ,Free,https://apps.shopify.com/solution-3848
3849,Pro Dropshipping Solution 3849,Dropshipping,,,Automates product sourcing and third-party fulfillment., 877 ,Free plan available,https://apps.shopify.com/solution-3849
3850,Pro SEO Solution 3850,SEO,,,Improves organic search visibility and website performance scores., 877 ,from $9.99/mo,https://apps.shopify.com/solution-3850
3851,Pro Marketing Solution 3851,Marketing,,,Automates customer communication and campaign attribution., 877 ,from $29/mo,https://apps.shopify.com/solution-3851
3852,Pro Sales Solution 3852,Sales,,,Boosts average order value with conversion-focused UI elements., 876 ,Freemium,https://apps.shopify.com/solution-3852
3853,Pro Support Solution 3853,Support,,,Centralizes customer queries into a single helpdesk interface., 876 ,from $29/mo,https://apps.shopify.com/solution-3853
3854,Pro Design Solution 3854,Design,,,Enhances store aesthetics with drag-and-drop themes and pages., 876 ,Free plan available,https://apps.shopify.com/solution-3854
3855,Pro Fulfillment Solution 3855,Fulfillment,,,Streamlines shipping workflows and delivery time tracking., 876 ,from $9.99/mo,https://apps.shopify.com/solution-3855
3856,Pro Inventory Solution 3856,Inventory,,,Syncs stock levels across multiple warehouses and channels., 876 ,Freemium,https://apps.shopify.com/solution-3856
3857,Pro Analytics Solution 3857,Analytics,,,Provides data-driven insights into sales and customer cohorts., 875 ,from $9.99/mo,https://apps.shopify.com/solution-3857
3858,Pro Legal Solution 3858,Legal,,,Ensures store compliance with privacy and tax regulations., 875 ,Free plan available,https://apps.shopify.com/solution-3858
3859,Pro Subscriptions Solution 3859,Subscriptions,,,Manages recurring revenue and customer billing flows., 875 ,Free,https://apps.shopify.com/solution-3859
3860,Pro Dropshipping Solution 3860,Dropshipping,,,Automates product sourcing and third-party fulfillment., 875 ,Free plan available,https://apps.shopify.com/solution-3860
3861,Pro SEO Solution 3861,SEO,,,Improves organic search visibility and website performance scores., 875 ,from $9.99/mo,https://apps.shopify.com/solution-3861
3862,Pro Marketing Solution 3862,Marketing,,,Automates customer communication and campaign attribution., 875 ,from $29/mo,https://apps.shopify.com/solution-3862
3863,Pro Sales Solution 3863,Sales,,,Boosts average order value with conversion-focused UI elements., 874 ,Free,https://apps.shopify.com/solution-3863
3864,Pro Support Solution 3864,Support,,,Centralizes customer queries into a single helpdesk interface., 874 ,from $9.99/mo,https://apps.shopify.com/solution-3864
3865,Pro Design Solution 3865,Design,,,Enhances store aesthetics with drag-and-drop themes and pages., 874 ,Free plan available,https://apps.shopify.com/solution-3865
3866,Pro Fulfillment Solution 3866,Fulfillment,,,Streamlines shipping workflows and delivery time tracking., 874 ,Free plan available,https://apps.shopify.com/solution-3866
3867,Pro Inventory Solution 3867,Inventory,,,Syncs stock levels across multiple warehouses and channels., 874 ,Freemium,https://apps.shopify.com/solution-3867
3868,Pro Analytics Solution 3868,Analytics,,,Provides data-driven insights into sales and customer cohorts., 873 ,Free plan available,https://apps.shopify.com/solution-3868
3869,Pro Legal Solution 3869,Legal,,,Ensures store compliance with privacy and tax regulations., 873 ,Free plan available,https://apps.shopify.com/solution-3869
3870,Pro Subscriptions Solution 3870,Subscriptions,,,Manages recurring revenue and customer billing flows., 873 ,from $9.99/mo,https://apps.shopify.com/solution-3870
3871,Pro Dropshipping Solution 3871,Dropshipping,,,Automates product sourcing and third-party fulfillment., 873 ,from $9.99/mo,https://apps.shopify.com/solution-3871
3872,Pro SEO Solution 3872,SEO,,,Improves organic search visibility and website performance scores., 873 ,from $9.99/mo,https://apps.shopify.com/solution-3872
3873,Pro Marketing Solution 3873,Marketing,,,Automates customer communication and campaign attribution., 872 ,Free plan available,https://apps.shopify.com/solution-3873
3874,Pro Sales Solution 3874,Sales,,,Boosts average order value with conversion-focused UI elements., 872 ,Freemium,https://apps.shopify.com/solution-3874
3875,Pro Support Solution 3875,Support,,,Centralizes customer queries into a single helpdesk interface., 872 ,Free plan available,https://apps.shopify.com/solution-3875
3876,Pro Design Solution 3876,Design,,,Enhances store aesthetics with drag-and-drop themes and pages., 872 ,from $29/mo,https://apps.shopify.com/solution-3876
3877,Pro Fulfillment Solution 3877,Fulfillment,,,Streamlines shipping workflows and delivery time tracking., 872 ,Free,https://apps.shopify.com/solution-3877
3878,Pro Inventory Solution 3878,Inventory,,,Syncs stock levels across multiple warehouses and channels., 871 ,Free plan available,https://apps.shopify.com/solution-3878
3879,Pro Analytics Solution 3879,Analytics,,,Provides data-driven insights into sales and customer cohorts., 871 ,Free plan available,https://apps.shopify.com/solution-3879
3880,Pro Legal Solution 3880,Legal,,,Ensures store compliance with privacy and tax regulations., 871 ,from $9.99/mo,https://apps.shopify.com/solution-3880
3881,Pro Subscriptions Solution 3881,Subscriptions,,,Manages recurring revenue and customer billing flows., 871 ,from $9.99/mo,https://apps.shopify.com/solution-3881
3882,Pro Dropshipping Solution 3882,Dropshipping,,,Automates product sourcing and third-party fulfillment., 871 ,from $9.99/mo,https://apps.shopify.com/solution-3882
3883,Pro SEO Solution 3883,SEO,,,Improves organic search visibility and website performance scores., 870 ,from $9.99/mo,https://apps.shopify.com/solution-3883
3884,Pro Marketing Solution 3884,Marketing,,,Automates customer communication and campaign attribution., 870 ,Freemium,https://apps.shopify.com/solution-3884
3885,Pro Sales Solution 3885,Sales,,,Boosts average order value with conversion-focused UI elements., 870 ,Free,https://apps.shopify.com/solution-3885
3886,Pro Support Solution 3886,Support,,,Centralizes customer queries into a single helpdesk interface., 870 ,Free,https://apps.shopify.com/solution-3886
3887,Pro Design Solution 3887,Design,,,Enhances store aesthetics with drag-and-drop themes and pages., 870 ,Free,https://apps.shopify.com/solution-3887
3888,Pro Fulfillment Solution 3888,Fulfillment,,,Streamlines shipping workflows and delivery time tracking., 869 ,Freemium,https://apps.shopify.com/solution-3888
3889,Pro Inventory Solution 3889,Inventory,,,Syncs stock levels across multiple warehouses and channels., 869 ,Free,https://apps.shopify.com/solution-3889
3890,Pro Analytics Solution 3890,Analytics,,,Provides data-driven insights into sales and customer cohorts., 869 ,Free plan available,https://apps.shopify.com/solution-3890
3891,Pro Legal Solution 3891,Legal,,,Ensures store compliance with privacy and tax regulations., 869 ,from $9.99/mo,https://apps.shopify.com/solution-3891
3892,Pro Subscriptions Solution 3892,Subscriptions,,,Manages recurring revenue and customer billing flows., 869 ,Free,https://apps.shopify.com/solution-3892
3893,Pro Dropshipping Solution 3893,Dropshipping,,,Automates product sourcing and third-party fulfillment., 868 ,Free,https://apps.shopify.com/solution-3893
3894,Pro SEO Solution 3894,SEO,,,Improves organic search visibility and website performance scores., 868 ,Free,https://apps.shopify.com/solution-3894
3895,Pro Marketing Solution 3895,Marketing,,,Automates customer communication and campaign attribution., 868 ,Free,https://apps.shopify.com/solution-3895
3896,Pro Sales Solution 3896,Sales,,,Boosts average order value with conversion-focused UI elements., 868 ,from $9.99/mo,https://apps.shopify.com/solution-3896
3897,Pro Support Solution 3897,Support,,,Centralizes customer queries into a single helpdesk interface., 868 ,Free,https://apps.shopify.com/solution-3897
3898,Pro Design Solution 3898,Design,,,Enhances store aesthetics with drag-and-drop themes and pages., 868 ,Free,https://apps.shopify.com/solution-3898
3899,Pro Fulfillment Solution 3899,Fulfillment,,,Streamlines shipping workflows and delivery time tracking., 867 ,from $29/mo,https://apps.shopify.com/solution-3899
3900,Pro Inventory Solution 3900,Inventory,,,Syncs stock levels across multiple warehouses and channels., 867 ,from $9.99/mo,https://apps.shopify.com/solution-3900
3901,Pro Analytics Solution 3901,Analytics,,,Provides data-driven insights into sales and customer cohorts., 867 ,from $29/mo,https://apps.shopify.com/solution-3901
3902,Pro Legal Solution 3902,Legal,,,Ensures store compliance with privacy and tax regulations., 867 ,Free,https://apps.shopify.com/solution-3902
3903,Pro Subscriptions Solution 3903,Subscriptions,,,Manages recurring revenue and customer billing flows., 867 ,Free plan available,https://apps.shopify.com/solution-3903
3904,Pro Dropshipping Solution 3904,Dropshipping,,,Automates product sourcing and third-party fulfillment., 866 ,Free plan available,https://apps.shopify.com/solution-3904
3905,Pro SEO Solution 3905,SEO,,,Improves organic search visibility and website performance scores., 866 ,from $9.99/mo,https://apps.shopify.com/solution-3905
3906,Pro Marketing Solution 3906,Marketing,,,Automates customer communication and campaign attribution., 866 ,Free plan available,https://apps.shopify.com/solution-3906
3907,Pro Sales Solution 3907,Sales,,,Boosts average order value with conversion-focused UI elements., 866 ,Free,https://apps.shopify.com/solution-3907
3908,Pro Support Solution 3908,Support,,,Centralizes customer queries into a single helpdesk interface., 866 ,Free,https://apps.shopify.com/solution-3908
3909,Pro Design Solution 3909,Design,,,Enhances store aesthetics with drag-and-drop themes and pages., 865 ,Free,https://apps.shopify.com/solution-3909
3910,Pro Fulfillment Solution 3910,Fulfillment,,,Streamlines shipping workflows and delivery time tracking., 865 ,Free plan available,https://apps.shopify.com/solution-3910
3911,Pro Inventory Solution 3911,Inventory,,,Syncs stock levels across multiple warehouses and channels., 865 ,Freemium,https://apps.shopify.com/solution-3911
3912,Pro Analytics Solution 3912,Analytics,,,Provides data-driven insights into sales and customer cohorts., 865 ,from $9.99/mo,https://apps.shopify.com/solution-3912
3913,Pro Legal Solution 3913,Legal,,,Ensures store compliance with privacy and tax regulations., 865 ,Free plan available,https://apps.shopify.com/solution-3913
3914,Pro Subscriptions Solution 3914,Subscriptions,,,Manages recurring revenue and customer billing flows., 864 ,Free,https://apps.shopify.com/solution-3914
3915,Pro Dropshipping Solution 3915,Dropshipping,,,Automates product sourcing and third-party fulfillment., 864 ,Free plan available,https://apps.shopify.com/solution-3915
3916,Pro SEO Solution 3916,SEO,,,Improves organic search visibility and website performance scores., 864 ,Freemium,https://apps.shopify.com/solution-3916
3917,Pro Marketing Solution 3917,Marketing,,,Automates customer communication and campaign attribution., 864 ,Free,https://apps.shopify.com/solution-3917
3918,Pro Sales Solution 3918,Sales,,,Boosts average order value with conversion-focused UI elements., 864 ,from $9.99/mo,https://apps.shopify.com/solution-3918
3919,Pro Support Solution 3919,Support,,,Centralizes customer queries into a single helpdesk interface., 864 ,from $29/mo,https://apps.shopify.com/solution-3919
3920,Pro Design Solution 3920,Design,,,Enhances store aesthetics with drag-and-drop themes and pages., 863 ,from $29/mo,https://apps.shopify.com/solution-3920
3921,Pro Fulfillment Solution 3921,Fulfillment,,,Streamlines shipping workflows and delivery time tracking., 863 ,from $9.99/mo,https://apps.shopify.com/solution-3921
3922,Pro Inventory Solution 3922,Inventory,,,Syncs stock levels across multiple warehouses and channels., 863 ,from $29/mo,https://apps.shopify.com/solution-3922
3923,Pro Analytics Solution 3923,Analytics,,,Provides data-driven insights into sales and customer cohorts., 863 ,from $29/mo,https://apps.shopify.com/solution-3923
3924,Pro Legal Solution 3924,Legal,,,Ensures store compliance with privacy and tax regulations., 863 ,from $9.99/mo,https://apps.shopify.com/solution-3924
3925,Pro Subscriptions Solution 3925,Subscriptions,,,Manages recurring revenue and customer billing flows., 862 ,from $29/mo,https://apps.shopify.com/solution-3925
3926,Pro Dropshipping Solution 3926,Dropshipping,,,Automates product sourcing and third-party fulfillment., 862 ,Free,https://apps.shopify.com/solution-3926
3927,Pro SEO Solution 3927,SEO,,,Improves organic search visibility and website performance scores., 862 ,Free plan available,https://apps.shopify.com/solution-3927
3928,Pro Marketing Solution 3928,Marketing,,,Automates customer communication and campaign attribution., 862 ,Freemium,https://apps.shopify.com/solution-3928
3929,Pro Sales Solution 3929,Sales,,,Boosts average order value with conversion-focused UI elements., 862 ,from $29/mo,https://apps.shopify.com/solution-3929
3930,Pro Support Solution 3930,Support,,,Centralizes customer queries into a single helpdesk interface., 861 ,from $29/mo,https://apps.shopify.com/solution-3930
3931,Pro Design Solution 3931,Design,,,Enhances store aesthetics with drag-and-drop themes and pages., 861 ,Free plan available,https://apps.shopify.com/solution-3931
3932,Pro Fulfillment Solution 3932,Fulfillment,,,Streamlines shipping workflows and delivery time tracking., 861 ,from $9.99/mo,https://apps.shopify.com/solution-3932
3933,Pro Inventory Solution 3933,Inventory,,,Syncs stock levels across multiple warehouses and channels., 861 ,from $29/mo,https://apps.shopify.com/solution-3933
3934,Pro Analytics Solution 3934,Analytics,,,Provides data-driven insights into sales and customer cohorts., 861 ,from $9.99/mo,https://apps.shopify.com/solution-3934
3935,Pro Legal Solution 3935,Legal,,,Ensures store compliance with privacy and tax regulations., 860 ,Freemium,https://apps.shopify.com/solution-3935
3936,Pro Subscriptions Solution 3936,Subscriptions,,,Manages recurring revenue and customer billing flows., 860 ,Freemium,https://apps.shopify.com/solution-3936
3937,Pro Dropshipping Solution 3937,Dropshipping,,,Automates product sourcing and third-party fulfillment., 860 ,from $29/mo,https://apps.shopify.com/solution-3937
3938,Pro SEO Solution 3938,SEO,,,Improves organic search visibility and website performance scores., 860 ,from $9.99/mo,https://apps.shopify.com/solution-3938
3939,Pro Marketing Solution 3939,Marketing,,,Automates customer communication and campaign attribution., 860 ,Freemium,https://apps.shopify.com/solution-3939
3940,Pro Sales Solution 3940,Sales,,,Boosts average order value with conversion-focused UI elements., 860 ,Free plan available,https://apps.shopify.com/solution-3940
3941,Pro Support Solution 3941,Support,,,Centralizes customer queries into a single helpdesk interface., 859 ,from $9.99/mo,https://apps.shopify.com/solution-3941
3942,Pro Design Solution 3942,Design,,,Enhances store aesthetics with drag-and-drop themes and pages., 859 ,from $29/mo,https://apps.shopify.com/solution-3942
3943,Pro Fulfillment Solution 3943,Fulfillment,,,Streamlines shipping workflows and delivery time tracking., 859 ,Free plan available,https://apps.shopify.com/solution-3943
3944,Pro Inventory Solution 3944,Inventory,,,Syncs stock levels across multiple warehouses and channels., 859 ,Freemium,https://apps.shopify.com/solution-3944
3945,Pro Analytics Solution 3945,Analytics,,,Provides data-driven insights into sales and customer cohorts., 859 ,Freemium,https://apps.shopify.com/solution-3945
3946,Pro Legal Solution 3946,Legal,,,Ensures store compliance with privacy and tax regulations., 858 ,Free plan available,https://apps.shopify.com/solution-3946
3947,Pro Subscriptions Solution 3947,Subscriptions,,,Manages recurring revenue and customer billing flows., 858 ,from $9.99/mo,https://apps.shopify.com/solution-3947
3948,Pro Dropshipping Solution 3948,Dropshipping,,,Automates product sourcing and third-party fulfillment., 858 ,Freemium,https://apps.shopify.com/solution-3948
3949,Pro SEO Solution 3949,SEO,,,Improves organic search visibility and website performance scores., 858 ,from $29/mo,https://apps.shopify.com/solution-3949
3950,Pro Marketing Solution 3950,Marketing,,,Automates customer communication and campaign attribution., 858 ,Free plan available,https://apps.shopify.com/solution-3950
3951,Pro Sales Solution 3951,Sales,,,Boosts average order value with conversion-focused UI elements., 857 ,from $29/mo,https://apps.shopify.com/solution-3951
3952,Pro Support Solution 3952,Support,,,Centralizes customer queries into a single helpdesk interface., 857 ,Free,https://apps.shopify.com/solution-3952
3953,Pro Design Solution 3953,Design,,,Enhances store aesthetics with drag-and-drop themes and pages., 857 ,from $29/mo,https://apps.shopify.com/solution-3953
3954,Pro Fulfillment Solution 3954,Fulfillment,,,Streamlines shipping workflows and delivery time tracking., 857 ,from $9.99/mo,https://apps.shopify.com/solution-3954
3955,Pro Inventory Solution 3955,Inventory,,,Syncs stock levels across multiple warehouses and channels., 857 ,from $9.99/mo,https://apps.shopify.com/solution-3955
3956,Pro Analytics Solution 3956,Analytics,,,Provides data-driven insights into sales and customer cohorts., 857 ,from $29/mo,https://apps.shopify.com/solution-3956
3957,Pro Legal Solution 3957,Legal,,,Ensures store compliance with privacy and tax regulations., 856 ,from $29/mo,https://apps.shopify.com/solution-3957
3958,Pro Subscriptions Solution 3958,Subscriptions,,,Manages recurring revenue and customer billing flows., 856 ,Freemium,https://apps.shopify.com/solution-3958
3959,Pro Dropshipping Solution 3959,Dropshipping,,,Automates product sourcing and third-party fulfillment., 856 ,Free plan available,https://apps.shopify.com/solution-3959
3960,Pro SEO Solution 3960,SEO,,,Improves organic search visibility and website performance scores., 856 ,Freemium,https://apps.shopify.com/solution-3960
3961,Pro Marketing Solution 3961,Marketing,,,Automates customer communication and campaign attribution., 856 ,from $9.99/mo,https://apps.shopify.com/solution-3961
3962,Pro Sales Solution 3962,Sales,,,Boosts average order value with conversion-focused UI elements., 855 ,Freemium,https://apps.shopify.com/solution-3962
3963,Pro Support Solution 3963,Support,,,Centralizes customer queries into a single helpdesk interface., 855 ,Free plan available,https://apps.shopify.com/solution-3963
3964,Pro Design Solution 3964,Design,,,Enhances store aesthetics with drag-and-drop themes and pages., 855 ,Free plan available,https://apps.shopify.com/solution-3964
3965,Pro Fulfillment Solution 3965,Fulfillment,,,Streamlines shipping workflows and delivery time tracking., 855 ,from $29/mo,https://apps.shopify.com/solution-3965
3966,Pro Inventory Solution 3966,Inventory,,,Syncs stock levels across multiple warehouses and channels., 855 ,from $29/mo,https://apps.shopify.com/solution-3966
3967,Pro Analytics Solution 3967,Analytics,,,Provides data-driven insights into sales and customer cohorts., 854 ,Free,https://apps.shopify.com/solution-3967
3968,Pro Legal Solution 3968,Legal,,,Ensures store compliance with privacy and tax regulations., 854 ,from $29/mo,https://apps.shopify.com/solution-3968
3969,Pro Subscriptions Solution 3969,Subscriptions,,,Manages recurring revenue and customer billing flows., 854 ,Freemium,https://apps.shopify.com/solution-3969
3970,Pro Dropshipping Solution 3970,Dropshipping,,,Automates product sourcing and third-party fulfillment., 854 ,Free,https://apps.shopify.com/solution-3970
3971,Pro SEO Solution 3971,SEO,,,Improves organic search visibility and website performance scores., 854 ,Free plan available,https://apps.shopify.com/solution-3971
3972,Pro Marketing Solution 3972,Marketing,,,Automates customer communication and campaign attribution., 854 ,Free plan available,https://apps.shopify.com/solution-3972
3973,Pro Sales Solution 3973,Sales,,,Boosts average order value with conversion-focused UI elements., 853 ,from $29/mo,https://apps.shopify.com/solution-3973
3974,Pro Support Solution 3974,Support,,,Centralizes customer queries into a single helpdesk interface., 853 ,Free,https://apps.shopify.com/solution-3974
3975,Pro Design Solution 3975,Design,,,Enhances store aesthetics with drag-and-drop themes and pages., 853 ,Free,https://apps.shopify.com/solution-3975
3976,Pro Fulfillment Solution 3976,Fulfillment,,,Streamlines shipping workflows and delivery time tracking., 853 ,Freemium,https://apps.shopify.com/solution-3976
3977,Pro Inventory Solution 3977,Inventory,,,Syncs stock levels across multiple warehouses and channels., 853 ,Freemium,https://apps.shopify.com/solution-3977
3978,Pro Analytics Solution 3978,Analytics,,,Provides data-driven insights into sales and customer cohorts., 852 ,Freemium,https://apps.shopify.com/solution-3978
3979,Pro Legal Solution 3979,Legal,,,Ensures store compliance with privacy and tax regulations., 852 ,from $29/mo,https://apps.shopify.com/solution-3979
3980,Pro Subscriptions Solution 3980,Subscriptions,,,Manages recurring revenue and customer billing flows., 852 ,Free,https://apps.shopify.com/solution-3980
3981,Pro Dropshipping Solution 3981,Dropshipping,,,Automates product sourcing and third-party fulfillment., 852 ,Free plan available,https://apps.shopify.com/solution-3981
3982,Pro SEO Solution 3982,SEO,,,Improves organic search visibility and website performance scores., 852 ,Free plan available,https://apps.shopify.com/solution-3982
3983,Pro Marketing Solution 3983,Marketing,,,Automates customer communication and campaign attribution., 851 ,Free plan available,https://apps.shopify.com/solution-3983
3984,Pro Sales Solution 3984,Sales,,,Boosts average order value with conversion-focused UI elements., 851 ,Free plan available,https://apps.shopify.com/solution-3984
3985,Pro Support Solution 3985,Support,,,Centralizes customer queries into a single helpdesk interface., 851 ,from $9.99/mo,https://apps.shopify.com/solution-3985
3986,Pro Design Solution 3986,Design,,,Enhances store aesthetics with drag-and-drop themes and pages., 851 ,Freemium,https://apps.shopify.com/solution-3986
3987,Pro Fulfillment Solution 3987,Fulfillment,,,Streamlines shipping workflows and delivery time tracking., 851 ,from $9.99/mo,https://apps.shopify.com/solution-3987
3988,Pro Inventory Solution 3988,Inventory,,,Syncs stock levels across multiple warehouses and channels., 851 ,from $9.99/mo,https://apps.shopify.com/solution-3988
3989,Pro Analytics Solution 3989,Analytics,,,Provides data-driven insights into sales and customer cohorts., 850 ,Freemium,https://apps.shopify.com/solution-3989
3990,Pro Legal Solution 3990,Legal,,,Ensures store compliance with privacy and tax regulations., 850 ,from $29/mo,https://apps.shopify.com/solution-3990
3991,Pro Subscriptions Solution 3991,Subscriptions,,,Manages recurring revenue and customer billing flows., 850 ,Freemium,https://apps.shopify.com/solution-3991
3992,Pro Dropshipping Solution 3992,Dropshipping,,,Automates product sourcing and third-party fulfillment., 850 ,Free plan available,https://apps.shopify.com/solution-3992
3993,Pro SEO Solution 3993,SEO,,,Improves organic search visibility and website performance scores., 850 ,Free plan available,https://apps.shopify.com/solution-3993
3994,Pro Marketing Solution 3994,Marketing,,,Automates customer communication and campaign attribution., 849 ,Free plan available,https://apps.shopify.com/solution-3994
3995,Pro Sales Solution 3995,Sales,,,Boosts average order value with conversion-focused UI elements., 849 ,Free plan available,https://apps.shopify.com/solution-3995
3996,Pro Support Solution 3996,Support,,,Centralizes customer queries into a single helpdesk interface., 849 ,Freemium,https://apps.shopify.com/solution-3996
3997,Pro Design Solution 3997,Design,,,Enhances store aesthetics with drag-and-drop themes and pages., 849 ,Free plan available,https://apps.shopify.com/solution-3997
3998,Pro Fulfillment Solution 3998,Fulfillment,,,Streamlines shipping workflows and delivery time tracking., 849 ,from $29/mo,https://apps.shopify.com/solution-3998
3999,Pro Inventory Solution 3999,Inventory,,,Syncs stock levels across multiple warehouses and channels., 849 ,Free plan available,https://apps.shopify.com/solution-3999
4000,Pro Analytics Solution 4000,Analytics,,,Provides data-driven insights into sales and customer cohorts., 848 ,from $29/mo,https://apps.shopify.com/solution-4000
4001,Pro Legal Solution 4001,Legal,,,Ensures store compliance with privacy and tax regulations., 848 ,Freemium,https://apps.shopify.com/solution-4001
4002,Pro Subscriptions Solution 4002,Subscriptions,,,Manages recurring revenue and customer billing flows., 848 ,Free plan available,https://apps.shopify.com/solution-4002
4003,Pro Dropshipping Solution 4003,Dropshipping,,,Automates product sourcing and third-party fulfillment., 848 ,from $9.99/mo,https://apps.shopify.com/solution-4003
4004,Pro SEO Solution 4004,SEO,,,Improves organic search visibility and website performance scores., 848 ,Freemium,https://apps.shopify.com/solution-4004
4005,Pro Marketing Solution 4005,Marketing,,,Automates customer communication and campaign attribution., 847 ,from $29/mo,https://apps.shopify.com/solution-4005
4006,Pro Sales Solution 4006,Sales,,,Boosts average order value with conversion-focused UI elements., 847 ,Free plan available,https://apps.shopify.com/solution-4006
4007,Pro Support Solution 4007,Support,,,Centralizes customer queries into a single helpdesk interface., 847 ,Freemium,https://apps.shopify.com/solution-4007
4008,Pro Design Solution 4008,Design,,,Enhances store aesthetics with drag-and-drop themes and pages., 847 ,from $29/mo,https://apps.shopify.com/solution-4008
4009,Pro Fulfillment Solution 4009,Fulfillment,,,Streamlines shipping workflows and delivery time tracking., 847 ,Free,https://apps.shopify.com/solution-4009
4010,Pro Inventory Solution 4010,Inventory,,,Syncs stock levels across multiple warehouses and channels., 847 ,Free,https://apps.shopify.com/solution-4010
4011,Pro Analytics Solution 4011,Analytics,,,Provides data-driven insights into sales and customer cohorts., 846 ,Freemium,https://apps.shopify.com/solution-4011
4012,Pro Legal Solution 4012,Legal,,,Ensures store compliance with privacy and tax regulations., 846 ,Free,https://apps.shopify.com/solution-4012
4013,Pro Subscriptions Solution 4013,Subscriptions,,,Manages recurring revenue and customer billing flows., 846 ,from $29/mo,https://apps.shopify.com/solution-4013
4014,Pro Dropshipping Solution 4014,Dropshipping,,,Automates product sourcing and third-party fulfillment., 846 ,from $9.99/mo,https://apps.shopify.com/solution-4014
4015,Pro SEO Solution 4015,SEO,,,Improves organic search visibility and website performance scores., 846 ,from $9.99/mo,https://apps.shopify.com/solution-4015
4016,Pro Marketing Solution 4016,Marketing,,,Automates customer communication and campaign attribution., 845 ,from $9.99/mo,https://apps.shopify.com/solution-4016
4017,Pro Sales Solution 4017,Sales,,,Boosts average order value with conversion-focused UI elements., 845 ,from $29/mo,https://apps.shopify.com/solution-4017
4018,Pro Support Solution 4018,Support,,,Centralizes customer queries into a single helpdesk interface., 845 ,Freemium,https://apps.shopify.com/solution-4018
4019,Pro Design Solution 4019,Design,,,Enhances store aesthetics with drag-and-drop themes and pages., 845 ,from $29/mo,https://apps.shopify.com/solution-4019
4020,Pro Fulfillment Solution 4020,Fulfillment,,,Streamlines shipping workflows and delivery time tracking., 845 ,Free,https://apps.shopify.com/solution-4020
4021,Pro Inventory Solution 4021,Inventory,,,Syncs stock levels across multiple warehouses and channels., 845 ,from $9.99/mo,https://apps.shopify.com/solution-4021
4022,Pro Analytics Solution 4022,Analytics,,,Provides data-driven insights into sales and customer cohorts., 844 ,from $9.99/mo,https://apps.shopify.com/solution-4022
4023,Pro Legal Solution 4023,Legal,,,Ensures store compliance with privacy and tax regulations., 844 ,Free,https://apps.shopify.com/solution-4023
4024,Pro Subscriptions Solution 4024,Subscriptions,,,Manages recurring revenue and customer billing flows., 844 ,Freemium,https://apps.shopify.com/solution-4024
4025,Pro Dropshipping Solution 4025,Dropshipping,,,Automates product sourcing and third-party fulfillment., 844 ,Freemium,https://apps.shopify.com/solution-4025
4026,Pro SEO Solution 4026,SEO,,,Improves organic search visibility and website performance scores., 844 ,Freemium,https://apps.shopify.com/solution-4026
4027,Pro Marketing Solution 4027,Marketing,,,Automates customer communication and campaign attribution., 843 ,Free plan available,https://apps.shopify.com/solution-4027
4028,Pro Sales Solution 4028,Sales,,,Boosts average order value with conversion-focused UI elements., 843 ,Free,https://apps.shopify.com/solution-4028
4029,Pro Support Solution 4029,Support,,,Centralizes customer queries into a single helpdesk interface., 843 ,Freemium,https://apps.shopify.com/solution-4029
4030,Pro Design Solution 4030,Design,,,Enhances store aesthetics with drag-and-drop themes and pages., 843 ,from $9.99/mo,https://apps.shopify.com/solution-4030
4031,Pro Fulfillment Solution 4031,Fulfillment,,,Streamlines shipping workflows and delivery time tracking., 843 ,Freemium,https://apps.shopify.com/solution-4031
4032,Pro Inventory Solution 4032,Inventory,,,Syncs stock levels across multiple warehouses and channels., 843 ,from $9.99/mo,https://apps.shopify.com/solution-4032
4033,Pro Analytics Solution 4033,Analytics,,,Provides data-driven insights into sales and customer cohorts., 842 ,from $29/mo,https://apps.shopify.com/solution-4033
4034,Pro Legal Solution 4034,Legal,,,Ensures store compliance with privacy and tax regulations., 842 ,Free plan available,https://apps.shopify.com/solution-4034
4035,Pro Subscriptions Solution 4035,Subscriptions,,,Manages recurring revenue and customer billing flows., 842 ,from $9.99/mo,https://apps.shopify.com/solution-4035
4036,Pro Dropshipping Solution 4036,Dropshipping,,,Automates product sourcing and third-party fulfillment., 842 ,Freemium,https://apps.shopify.com/solution-4036
4037,Pro SEO Solution 4037,SEO,,,Improves organic search visibility and website performance scores., 842 ,Free plan available,https://apps.shopify.com/solution-4037
4038,Pro Marketing Solution 4038,Marketing,,,Automates customer communication and campaign attribution., 841 ,from $9.99/mo,https://apps.shopify.com/solution-4038
4039,Pro Sales Solution 4039,Sales,,,Boosts average order value with conversion-focused UI elements., 841 ,from $9.99/mo,https://apps.shopify.com/solution-4039
4040,Pro Support Solution 4040,Support,,,Centralizes customer queries into a single helpdesk interface., 841 ,Free plan available,https://apps.shopify.com/solution-4040
4041,Pro Design Solution 4041,Design,,,Enhances store aesthetics with drag-and-drop themes and pages., 841 ,Freemium,https://apps.shopify.com/solution-4041
4042,Pro Fulfillment Solution 4042,Fulfillment,,,Streamlines shipping workflows and delivery time tracking., 841 ,from $29/mo,https://apps.shopify.com/solution-4042
4043,Pro Inventory Solution 4043,Inventory,,,Syncs stock levels across multiple warehouses and channels., 841 ,Freemium,https://apps.shopify.com/solution-4043
4044,Pro Analytics Solution 4044,Analytics,,,Provides data-driven insights into sales and customer cohorts., 840 ,Free plan available,https://apps.shopify.com/solution-4044
4045,Pro Legal Solution 4045,Legal,,,Ensures store compliance with privacy and tax regulations., 840 ,from $9.99/mo,https://apps.shopify.com/solution-4045
4046,Pro Subscriptions Solution 4046,Subscriptions,,,Manages recurring revenue and customer billing flows., 840 ,Freemium,https://apps.shopify.com/solution-4046
4047,Pro Dropshipping Solution 4047,Dropshipping,,,Automates product sourcing and third-party fulfillment., 840 ,Free plan available,https://apps.shopify.com/solution-4047
4048,Pro SEO Solution 4048,SEO,,,Improves organic search visibility and website performance scores., 840 ,from $9.99/mo,https://apps.shopify.com/solution-4048
4049,Pro Marketing Solution 4049,Marketing,,,Automates customer communication and campaign attribution., 839 ,Free,https://apps.shopify.com/solution-4049
4050,Pro Sales Solution 4050,Sales,,,Boosts average order value with conversion-focused UI elements., 839 ,Free plan available,https://apps.shopify.com/solution-4050
4051,Pro Support Solution 4051,Support,,,Centralizes customer queries into a single helpdesk interface., 839 ,from $29/mo,https://apps.shopify.com/solution-4051
4052,Pro Design Solution 4052,Design,,,Enhances store aesthetics with drag-and-drop themes and pages., 839 ,from $29/mo,https://apps.shopify.com/solution-4052
4053,Pro Fulfillment Solution 4053,Fulfillment,,,Streamlines shipping workflows and delivery time tracking., 839 ,Freemium,https://apps.shopify.com/solution-4053
4054,Pro Inventory Solution 4054,Inventory,,,Syncs stock levels across multiple warehouses and channels., 839 ,from $9.99/mo,https://apps.shopify.com/solution-4054
4055,Pro Analytics Solution 4055,Analytics,,,Provides data-driven insights into sales and customer cohorts., 838 ,Free plan available,https://apps.shopify.com/solution-4055
4056,Pro Legal Solution 4056,Legal,,,Ensures store compliance with privacy and tax regulations., 838 ,Free plan available,https://apps.shopify.com/solution-4056
4057,Pro Subscriptions Solution 4057,Subscriptions,,,Manages recurring revenue and customer billing flows., 838 ,Free,https://apps.shopify.com/solution-4057
4058,Pro Dropshipping Solution 4058,Dropshipping,,,Automates product sourcing and third-party fulfillment., 838 ,from $9.99/mo,https://apps.shopify.com/solution-4058
4059,Pro SEO Solution 4059,SEO,,,Improves organic search visibility and website performance scores., 838 ,Free plan available,https://apps.shopify.com/solution-4059
4060,Pro Marketing Solution 4060,Marketing,,,Automates customer communication and campaign attribution., 838 ,Free,https://apps.shopify.com/solution-4060
4061,Pro Sales Solution 4061,Sales,,,Boosts average order value with conversion-focused UI elements., 837 ,from $9.99/mo,https://apps.shopify.com/solution-4061
4062,Pro Support Solution 4062,Support,,,Centralizes customer queries into a single helpdesk interface., 837 ,Freemium,https://apps.shopify.com/solution-4062
4063,Pro Design Solution 4063,Design,,,Enhances store aesthetics with drag-and-drop themes and pages., 837 ,from $9.99/mo,https://apps.shopify.com/solution-4063
4064,Pro Fulfillment Solution 4064,Fulfillment,,,Streamlines shipping workflows and delivery time tracking., 837 ,from $29/mo,https://apps.shopify.com/solution-4064
4065,Pro Inventory Solution 4065,Inventory,,,Syncs stock levels across multiple warehouses and channels., 837 ,Free plan available,https://apps.shopify.com/solution-4065
4066,Pro Analytics Solution 4066,Analytics,,,Provides data-driven insights into sales and customer cohorts., 836 ,from $9.99/mo,https://apps.shopify.com/solution-4066
4067,Pro Legal Solution 4067,Legal,,,Ensures store compliance with privacy and tax regulations., 836 ,Freemium,https://apps.shopify.com/solution-4067
4068,Pro Subscriptions Solution 4068,Subscriptions,,,Manages recurring revenue and customer billing flows., 836 ,Free,https://apps.shopify.com/solution-4068
4069,Pro Dropshipping Solution 4069,Dropshipping,,,Automates product sourcing and third-party fulfillment., 836 ,Freemium,https://apps.shopify.com/solution-4069
4070,Pro SEO Solution 4070,SEO,,,Improves organic search visibility and website performance scores., 836 ,from $9.99/mo,https://apps.shopify.com/solution-4070
4071,Pro Marketing Solution 4071,Marketing,,,Automates customer communication and campaign attribution., 836 ,from $29/mo,https://apps.shopify.com/solution-4071
4072,Pro Sales Solution 4072,Sales,,,Boosts average order value with conversion-focused UI elements., 835 ,Free,https://apps.shopify.com/solution-4072
4073,Pro Support Solution 4073,Support,,,Centralizes customer queries into a single helpdesk interface., 835 ,from $9.99/mo,https://apps.shopify.com/solution-4073
4074,Pro Design Solution 4074,Design,,,Enhances store aesthetics with drag-and-drop themes and pages., 835 ,from $9.99/mo,https://apps.shopify.com/solution-4074
4075,Pro Fulfillment Solution 4075,Fulfillment,,,Streamlines shipping workflows and delivery time tracking., 835 ,from $9.99/mo,https://apps.shopify.com/solution-4075
4076,Pro Inventory Solution 4076,Inventory,,,Syncs stock levels across multiple warehouses and channels., 835 ,from $29/mo,https://apps.shopify.com/solution-4076
4077,Pro Analytics Solution 4077,Analytics,,,Provides data-driven insights into sales and customer cohorts., 834 ,from $29/mo,https://apps.shopify.com/solution-4077
4078,Pro Legal Solution 4078,Legal,,,Ensures store compliance with privacy and tax regulations., 834 ,from $9.99/mo,https://apps.shopify.com/solution-4078
4079,Pro Subscriptions Solution 4079,Subscriptions,,,Manages recurring revenue and customer billing flows., 834 ,from $29/mo,https://apps.shopify.com/solution-4079
4080,Pro Dropshipping Solution 4080,Dropshipping,,,Automates product sourcing and third-party fulfillment., 834 ,Free,https://apps.shopify.com/solution-4080
4081,Pro SEO Solution 4081,SEO,,,Improves organic search visibility and website performance scores., 834 ,from $9.99/mo,https://apps.shopify.com/solution-4081
4082,Pro Marketing Solution 4082,Marketing,,,Automates customer communication and campaign attribution., 834 ,Free plan available,https://apps.shopify.com/solution-4082
4083,Pro Sales Solution 4083,Sales,,,Boosts average order value with conversion-focused UI elements., 833 ,from $29/mo,https://apps.shopify.com/solution-4083
4084,Pro Support Solution 4084,Support,,,Centralizes customer queries into a single helpdesk interface., 833 ,from $9.99/mo,https://apps.shopify.com/solution-4084
4085,Pro Design Solution 4085,Design,,,Enhances store aesthetics with drag-and-drop themes and pages., 833 ,from $29/mo,https://apps.shopify.com/solution-4085
4086,Pro Fulfillment Solution 4086,Fulfillment,,,Streamlines shipping workflows and delivery time tracking., 833 ,from $9.99/mo,https://apps.shopify.com/solution-4086
4087,Pro Inventory Solution 4087,Inventory,,,Syncs stock levels across multiple warehouses and channels., 833 ,Free plan available,https://apps.shopify.com/solution-4087
4088,Pro Analytics Solution 4088,Analytics,,,Provides data-driven insights into sales and customer cohorts., 833 ,Free plan available,https://apps.shopify.com/solution-4088
4089,Pro Legal Solution 4089,Legal,,,Ensures store compliance with privacy and tax regulations., 832 ,from $29/mo,https://apps.shopify.com/solution-4089
4090,Pro Subscriptions Solution 4090,Subscriptions,,,Manages recurring revenue and customer billing flows., 832 ,Freemium,https://apps.shopify.com/solution-4090
4091,Pro Dropshipping Solution 4091,Dropshipping,,,Automates product sourcing and third-party fulfillment., 832 ,Freemium,https://apps.shopify.com/solution-4091
4092,Pro SEO Solution 4092,SEO,,,Improves organic search visibility and website performance scores., 832 ,Free,https://apps.shopify.com/solution-4092
4093,Pro Marketing Solution 4093,Marketing,,,Automates customer communication and campaign attribution., 832 ,from $29/mo,https://apps.shopify.com/solution-4093
4094,Pro Sales Solution 4094,Sales,,,Boosts average order value with conversion-focused UI elements., 831 ,from $9.99/mo,https://apps.shopify.com/solution-4094
4095,Pro Support Solution 4095,Support,,,Centralizes customer queries into a single helpdesk interface., 831 ,Freemium,https://apps.shopify.com/solution-4095
4096,Pro Design Solution 4096,Design,,,Enhances store aesthetics with drag-and-drop themes and pages., 831 ,from $29/mo,https://apps.shopify.com/solution-4096
4097,Pro Fulfillment Solution 4097,Fulfillment,,,Streamlines shipping workflows and delivery time tracking., 831 ,Free plan available,https://apps.shopify.com/solution-4097
4098,Pro Inventory Solution 4098,Inventory,,,Syncs stock levels across multiple warehouses and channels., 831 ,from $29/mo,https://apps.shopify.com/solution-4098
4099,Pro Analytics Solution 4099,Analytics,,,Provides data-driven insights into sales and customer cohorts., 831 ,from $29/mo,https://apps.shopify.com/solution-4099
4100,Pro Legal Solution 4100,Legal,,,Ensures store compliance with privacy and tax regulations., 830 ,from $9.99/mo,https://apps.shopify.com/solution-4100
4101,Pro Subscriptions Solution 4101,Subscriptions,,,Manages recurring revenue and customer billing flows., 830 ,Free,https://apps.shopify.com/solution-4101
4102,Pro Dropshipping Solution 4102,Dropshipping,,,Automates product sourcing and third-party fulfillment., 830 ,Freemium,https://apps.shopify.com/solution-4102
4103,Pro SEO Solution 4103,SEO,,,Improves organic search visibility and website performance scores., 830 ,Free,https://apps.shopify.com/solution-4103
4104,Pro Marketing Solution 4104,Marketing,,,Automates customer communication and campaign attribution., 830 ,Free plan available,https://apps.shopify.com/solution-4104
4105,Pro Sales Solution 4105,Sales,,,Boosts average order value with conversion-focused UI elements., 830 ,Free,https://apps.shopify.com/solution-4105
4106,Pro Support Solution 4106,Support,,,Centralizes customer queries into a single helpdesk interface., 829 ,from $29/mo,https://apps.shopify.com/solution-4106
4107,Pro Design Solution 4107,Design,,,Enhances store aesthetics with drag-and-drop themes and pages., 829 ,from $9.99/mo,https://apps.shopify.com/solution-4107
4108,Pro Fulfillment Solution 4108,Fulfillment,,,Streamlines shipping workflows and delivery time tracking., 829 ,Freemium,https://apps.shopify.com/solution-4108
4109,Pro Inventory Solution 4109,Inventory,,,Syncs stock levels across multiple warehouses and channels., 829 ,Freemium,https://apps.shopify.com/solution-4109
4110,Pro Analytics Solution 4110,Analytics,,,Provides data-driven insights into sales and customer cohorts., 829 ,Freemium,https://apps.shopify.com/solution-4110
4111,Pro Legal Solution 4111,Legal,,,Ensures store compliance with privacy and tax regulations., 829 ,from $29/mo,https://apps.shopify.com/solution-4111
4112,Pro Subscriptions Solution 4112,Subscriptions,,,Manages recurring revenue and customer billing flows., 828 ,Free plan available,https://apps.shopify.com/solution-4112
4113,Pro Dropshipping Solution 4113,Dropshipping,,,Automates product sourcing and third-party fulfillment., 828 ,Free plan available,https://apps.shopify.com/solution-4113
4114,Pro SEO Solution 4114,SEO,,,Improves organic search visibility and website performance scores., 828 ,from $9.99/mo,https://apps.shopify.com/solution-4114
4115,Pro Marketing Solution 4115,Marketing,,,Automates customer communication and campaign attribution., 828 ,from $29/mo,https://apps.shopify.com/solution-4115
4116,Pro Sales Solution 4116,Sales,,,Boosts average order value with conversion-focused UI elements., 828 ,Free,https://apps.shopify.com/solution-4116
4117,Pro Support Solution 4117,Support,,,Centralizes customer queries into a single helpdesk interface., 827 ,from $9.99/mo,https://apps.shopify.com/solution-4117
4118,Pro Design Solution 4118,Design,,,Enhances store aesthetics with drag-and-drop themes and pages., 827 ,from $29/mo,https://apps.shopify.com/solution-4118
4119,Pro Fulfillment Solution 4119,Fulfillment,,,Streamlines shipping workflows and delivery time tracking., 827 ,Freemium,https://apps.shopify.com/solution-4119
4120,Pro Inventory Solution 4120,Inventory,,,Syncs stock levels across multiple warehouses and channels., 827 ,Freemium,https://apps.shopify.com/solution-4120
4121,Pro Analytics Solution 4121,Analytics,,,Provides data-driven insights into sales and customer cohorts., 827 ,from $29/mo,https://apps.shopify.com/solution-4121
4122,Pro Legal Solution 4122,Legal,,,Ensures store compliance with privacy and tax regulations., 827 ,from $9.99/mo,https://apps.shopify.com/solution-4122
4123,Pro Subscriptions Solution 4123,Subscriptions,,,Manages recurring revenue and customer billing flows., 826 ,from $9.99/mo,https://apps.shopify.com/solution-4123
4124,Pro Dropshipping Solution 4124,Dropshipping,,,Automates product sourcing and third-party fulfillment., 826 ,from $9.99/mo,https://apps.shopify.com/solution-4124
4125,Pro SEO Solution 4125,SEO,,,Improves organic search visibility and website performance scores., 826 ,Free plan available,https://apps.shopify.com/solution-4125
4126,Pro Marketing Solution 4126,Marketing,,,Automates customer communication and campaign attribution., 826 ,Freemium,https://apps.shopify.com/solution-4126
4127,Pro Sales Solution 4127,Sales,,,Boosts average order value with conversion-focused UI elements., 826 ,Free plan available,https://apps.shopify.com/solution-4127
4128,Pro Support Solution 4128,Support,,,Centralizes customer queries into a single helpdesk interface., 826 ,from $29/mo,https://apps.shopify.com/solution-4128
4129,Pro Design Solution 4129,Design,,,Enhances store aesthetics with drag-and-drop themes and pages., 825 ,from $9.99/mo,https://apps.shopify.com/solution-4129
4130,Pro Fulfillment Solution 4130,Fulfillment,,,Streamlines shipping workflows and delivery time tracking., 825 ,Free plan available,https://apps.shopify.com/solution-4130
4131,Pro Inventory Solution 4131,Inventory,,,Syncs stock levels across multiple warehouses and channels., 825 ,from $9.99/mo,https://apps.shopify.com/solution-4131
4132,Pro Analytics Solution 4132,Analytics,,,Provides data-driven insights into sales and customer cohorts., 825 ,Free plan available,https://apps.shopify.com/solution-4132
4133,Pro Legal Solution 4133,Legal,,,Ensures store compliance with privacy and tax regulations., 825 ,Freemium,https://apps.shopify.com/solution-4133
4134,Pro Subscriptions Solution 4134,Subscriptions,,,Manages recurring revenue and customer billing flows., 825 ,from $9.99/mo,https://apps.shopify.com/solution-4134
4135,Pro Dropshipping Solution 4135,Dropshipping,,,Automates product sourcing and third-party fulfillment., 824 ,from $9.99/mo,https://apps.shopify.com/solution-4135
4136,Pro SEO Solution 4136,SEO,,,Improves organic search visibility and website performance scores., 824 ,Free,https://apps.shopify.com/solution-4136
4137,Pro Marketing Solution 4137,Marketing,,,Automates customer communication and campaign attribution., 824 ,from $29/mo,https://apps.shopify.com/solution-4137
4138,Pro Sales Solution 4138,Sales,,,Boosts average order value with conversion-focused UI elements., 824 ,from $29/mo,https://apps.shopify.com/solution-4138
4139,Pro Support Solution 4139,Support,,,Centralizes customer queries into a single helpdesk interface., 824 ,from $9.99/mo,https://apps.shopify.com/solution-4139
4140,Pro Design Solution 4140,Design,,,Enhances store aesthetics with drag-and-drop themes and pages., 824 ,from $29/mo,https://apps.shopify.com/solution-4140
4141,Pro Fulfillment Solution 4141,Fulfillment,,,Streamlines shipping workflows and delivery time tracking., 823 ,Free plan available,https://apps.shopify.com/solution-4141
4142,Pro Inventory Solution 4142,Inventory,,,Syncs stock levels across multiple warehouses and channels., 823 ,from $29/mo,https://apps.shopify.com/solution-4142
4143,Pro Analytics Solution 4143,Analytics,,,Provides data-driven insights into sales and customer cohorts., 823 ,from $29/mo,https://apps.shopify.com/solution-4143
4144,Pro Legal Solution 4144,Legal,,,Ensures store compliance with privacy and tax regulations., 823 ,Free plan available,https://apps.shopify.com/solution-4144
4145,Pro Subscriptions Solution 4145,Subscriptions,,,Manages recurring revenue and customer billing flows., 823 ,Freemium,https://apps.shopify.com/solution-4145
4146,Pro Dropshipping Solution 4146,Dropshipping,,,Automates product sourcing and third-party fulfillment., 822 ,from $9.99/mo,https://apps.shopify.com/solution-4146
4147,Pro SEO Solution 4147,SEO,,,Improves organic search visibility and website performance scores., 822 ,Free,https://apps.shopify.com/solution-4147
4148,Pro Marketing Solution 4148,Marketing,,,Automates customer communication and campaign attribution., 822 ,from $29/mo,https://apps.shopify.com/solution-4148
4149,Pro Sales Solution 4149,Sales,,,Boosts average order value with conversion-focused UI elements., 822 ,Free plan available,https://apps.shopify.com/solution-4149
4150,Pro Support Solution 4150,Support,,,Centralizes customer queries into a single helpdesk interface., 822 ,from $29/mo,https://apps.shopify.com/solution-4150
4151,Pro Design Solution 4151,Design,,,Enhances store aesthetics with drag-and-drop themes and pages., 822 ,from $9.99/mo,https://apps.shopify.com/solution-4151
4152,Pro Fulfillment Solution 4152,Fulfillment,,,Streamlines shipping workflows and delivery time tracking., 821 ,Free,https://apps.shopify.com/solution-4152
4153,Pro Inventory Solution 4153,Inventory,,,Syncs stock levels across multiple warehouses and channels., 821 ,Freemium,https://apps.shopify.com/solution-4153
4154,Pro Analytics Solution 4154,Analytics,,,Provides data-driven insights into sales and customer cohorts., 821 ,Free,https://apps.shopify.com/solution-4154
4155,Pro Legal Solution 4155,Legal,,,Ensures store compliance with privacy and tax regulations., 821 ,Free plan available,https://apps.shopify.com/solution-4155
4156,Pro Subscriptions Solution 4156,Subscriptions,,,Manages recurring revenue and customer billing flows., 821 ,Freemium,https://apps.shopify.com/solution-4156
4157,Pro Dropshipping Solution 4157,Dropshipping,,,Automates product sourcing and third-party fulfillment., 821 ,from $29/mo,https://apps.shopify.com/solution-4157
4158,Pro SEO Solution 4158,SEO,,,Improves organic search visibility and website performance scores., 820 ,Free,https://apps.shopify.com/solution-4158
4159,Pro Marketing Solution 4159,Marketing,,,Automates customer communication and campaign attribution., 820 ,Free plan available,https://apps.shopify.com/solution-4159
4160,Pro Sales Solution 4160,Sales,,,Boosts average order value with conversion-focused UI elements., 820 ,from $9.99/mo,https://apps.shopify.com/solution-4160
4161,Pro Support Solution 4161,Support,,,Centralizes customer queries into a single helpdesk interface., 820 ,Free plan available,https://apps.shopify.com/solution-4161
4162,Pro Design Solution 4162,Design,,,Enhances store aesthetics with drag-and-drop themes and pages., 820 ,Freemium,https://apps.shopify.com/solution-4162
4163,Pro Fulfillment Solution 4163,Fulfillment,,,Streamlines shipping workflows and delivery time tracking., 820 ,Free,https://apps.shopify.com/solution-4163
4164,Pro Inventory Solution 4164,Inventory,,,Syncs stock levels across multiple warehouses and channels., 819 ,Freemium,https://apps.shopify.com/solution-4164
4165,Pro Analytics Solution 4165,Analytics,,,Provides data-driven insights into sales and customer cohorts., 819 ,Free plan available,https://apps.shopify.com/solution-4165
4166,Pro Legal Solution 4166,Legal,,,Ensures store compliance with privacy and tax regulations., 819 ,from $29/mo,https://apps.shopify.com/solution-4166
4167,Pro Subscriptions Solution 4167,Subscriptions,,,Manages recurring revenue and customer billing flows., 819 ,from $29/mo,https://apps.shopify.com/solution-4167
4168,Pro Dropshipping Solution 4168,Dropshipping,,,Automates product sourcing and third-party fulfillment., 819 ,Freemium,https://apps.shopify.com/solution-4168
4169,Pro SEO Solution 4169,SEO,,,Improves organic search visibility and website performance scores., 819 ,Freemium,https://apps.shopify.com/solution-4169
4170,Pro Marketing Solution 4170,Marketing,,,Automates customer communication and campaign attribution., 818 ,Free plan available,https://apps.shopify.com/solution-4170
4171,Pro Sales Solution 4171,Sales,,,Boosts average order value with conversion-focused UI elements., 818 ,Freemium,https://apps.shopify.com/solution-4171
4172,Pro Support Solution 4172,Support,,,Centralizes customer queries into a single helpdesk interface., 818 ,Freemium,https://apps.shopify.com/solution-4172
4173,Pro Design Solution 4173,Design,,,Enhances store aesthetics with drag-and-drop themes and pages., 818 ,Free,https://apps.shopify.com/solution-4173
4174,Pro Fulfillment Solution 4174,Fulfillment,,,Streamlines shipping workflows and delivery time tracking., 818 ,from $29/mo,https://apps.shopify.com/solution-4174
4175,Pro Inventory Solution 4175,Inventory,,,Syncs stock levels across multiple warehouses and channels., 818 ,Free,https://apps.shopify.com/solution-4175
4176,Pro Analytics Solution 4176,Analytics,,,Provides data-driven insights into sales and customer cohorts., 817 ,from $29/mo,https://apps.shopify.com/solution-4176
4177,Pro Legal Solution 4177,Legal,,,Ensures store compliance with privacy and tax regulations., 817 ,from $29/mo,https://apps.shopify.com/solution-4177
4178,Pro Subscriptions Solution 4178,Subscriptions,,,Manages recurring revenue and customer billing flows., 817 ,Free plan available,https://apps.shopify.com/solution-4178
4179,Pro Dropshipping Solution 4179,Dropshipping,,,Automates product sourcing and third-party fulfillment., 817 ,from $9.99/mo,https://apps.shopify.com/solution-4179
4180,Pro SEO Solution 4180,SEO,,,Improves organic search visibility and website performance scores., 817 ,Freemium,https://apps.shopify.com/solution-4180
4181,Pro Marketing Solution 4181,Marketing,,,Automates customer communication and campaign attribution., 817 ,from $29/mo,https://apps.shopify.com/solution-4181
4182,Pro Sales Solution 4182,Sales,,,Boosts average order value with conversion-focused UI elements., 816 ,from $9.99/mo,https://apps.shopify.com/solution-4182
4183,Pro Support Solution 4183,Support,,,Centralizes customer queries into a single helpdesk interface., 816 ,from $29/mo,https://apps.shopify.com/solution-4183
4184,Pro Design Solution 4184,Design,,,Enhances store aesthetics with drag-and-drop themes and pages., 816 ,from $9.99/mo,https://apps.shopify.com/solution-4184
4185,Pro Fulfillment Solution 4185,Fulfillment,,,Streamlines shipping workflows and delivery time tracking., 816 ,from $9.99/mo,https://apps.shopify.com/solution-4185
4186,Pro Inventory Solution 4186,Inventory,,,Syncs stock levels across multiple warehouses and channels., 816 ,from $9.99/mo,https://apps.shopify.com/solution-4186
4187,Pro Analytics Solution 4187,Analytics,,,Provides data-driven insights into sales and customer cohorts., 816 ,Freemium,https://apps.shopify.com/solution-4187
4188,Pro Legal Solution 4188,Legal,,,Ensures store compliance with privacy and tax regulations., 815 ,from $9.99/mo,https://apps.shopify.com/solution-4188
4189,Pro Subscriptions Solution 4189,Subscriptions,,,Manages recurring revenue and customer billing flows., 815 ,from $29/mo,https://apps.shopify.com/solution-4189
4190,Pro Dropshipping Solution 4190,Dropshipping,,,Automates product sourcing and third-party fulfillment., 815 ,from $9.99/mo,https://apps.shopify.com/solution-4190
4191,Pro SEO Solution 4191,SEO,,,Improves organic search visibility and website performance scores., 815 ,from $29/mo,https://apps.shopify.com/solution-4191
4192,Pro Marketing Solution 4192,Marketing,,,Automates customer communication and campaign attribution., 815 ,from $9.99/mo,https://apps.shopify.com/solution-4192
4193,Pro Sales Solution 4193,Sales,,,Boosts average order value with conversion-focused UI elements., 814 ,Freemium,https://apps.shopify.com/solution-4193
4194,Pro Support Solution 4194,Support,,,Centralizes customer queries into a single helpdesk interface., 814 ,Free,https://apps.shopify.com/solution-4194
4195,Pro Design Solution 4195,Design,,,Enhances store aesthetics with drag-and-drop themes and pages., 814 ,from $9.99/mo,https://apps.shopify.com/solution-4195
4196,Pro Fulfillment Solution 4196,Fulfillment,,,Streamlines shipping workflows and delivery time tracking., 814 ,Free plan available,https://apps.shopify.com/solution-4196
4197,Pro Inventory Solution 4197,Inventory,,,Syncs stock levels across multiple warehouses and channels., 814 ,from $29/mo,https://apps.shopify.com/solution-4197
4198,Pro Analytics Solution 4198,Analytics,,,Provides data-driven insights into sales and customer cohorts., 814 ,Free,https://apps.shopify.com/solution-4198
4199,Pro Legal Solution 4199,Legal,,,Ensures store compliance with privacy and tax regulations., 813 ,Free plan available,https://apps.shopify.com/solution-4199
4200,Pro Subscriptions Solution 4200,Subscriptions,,,Manages recurring revenue and customer billing flows., 813 ,from $9.99/mo,https://apps.shopify.com/solution-4200
4201,Pro Dropshipping Solution 4201,Dropshipping,,,Automates product sourcing and third-party fulfillment., 813 ,Free plan available,https://apps.shopify.com/solution-4201
4202,Pro SEO Solution 4202,SEO,,,Improves organic search visibility and website performance scores., 813 ,from $9.99/mo,https://apps.shopify.com/solution-4202
4203,Pro Marketing Solution 4203,Marketing,,,Automates customer communication and campaign attribution., 813 ,from $29/mo,https://apps.shopify.com/solution-4203
4204,Pro Sales Solution 4204,Sales,,,Boosts average order value with conversion-focused UI elements., 813 ,Free,https://apps.shopify.com/solution-4204
4205,Pro Support Solution 4205,Support,,,Centralizes customer queries into a single helpdesk interface., 812 ,from $9.99/mo,https://apps.shopify.com/solution-4205
4206,Pro Design Solution 4206,Design,,,Enhances store aesthetics with drag-and-drop themes and pages., 812 ,Freemium,https://apps.shopify.com/solution-4206
4207,Pro Fulfillment Solution 4207,Fulfillment,,,Streamlines shipping workflows and delivery time tracking., 812 ,from $29/mo,https://apps.shopify.com/solution-4207
4208,Pro Inventory Solution 4208,Inventory,,,Syncs stock levels across multiple warehouses and channels., 812 ,Free plan available,https://apps.shopify.com/solution-4208
4209,Pro Analytics Solution 4209,Analytics,,,Provides data-driven insights into sales and customer cohorts., 812 ,Freemium,https://apps.shopify.com/solution-4209
4210,Pro Legal Solution 4210,Legal,,,Ensures store compliance with privacy and tax regulations., 812 ,from $29/mo,https://apps.shopify.com/solution-4210
4211,Pro Subscriptions Solution 4211,Subscriptions,,,Manages recurring revenue and customer billing flows., 811 ,Free,https://apps.shopify.com/solution-4211
4212,Pro Dropshipping Solution 4212,Dropshipping,,,Automates product sourcing and third-party fulfillment., 811 ,from $9.99/mo,https://apps.shopify.com/solution-4212
4213,Pro SEO Solution 4213,SEO,,,Improves organic search visibility and website performance scores., 811 ,from $9.99/mo,https://apps.shopify.com/solution-4213
4214,Pro Marketing Solution 4214,Marketing,,,Automates customer communication and campaign attribution., 811 ,Free,https://apps.shopify.com/solution-4214
4215,Pro Sales Solution 4215,Sales,,,Boosts average order value with conversion-focused UI elements., 811 ,Free,https://apps.shopify.com/solution-4215
4216,Pro Support Solution 4216,Support,,,Centralizes customer queries into a single helpdesk interface., 811 ,Free,https://apps.shopify.com/solution-4216
4217,Pro Design Solution 4217,Design,,,Enhances store aesthetics with drag-and-drop themes and pages., 810 ,from $29/mo,https://apps.shopify.com/solution-4217
4218,Pro Fulfillment Solution 4218,Fulfillment,,,Streamlines shipping workflows and delivery time tracking., 810 ,from $9.99/mo,https://apps.shopify.com/solution-4218
4219,Pro Inventory Solution 4219,Inventory,,,Syncs stock levels across multiple warehouses and channels., 810 ,Free,https://apps.shopify.com/solution-4219
4220,Pro Analytics Solution 4220,Analytics,,,Provides data-driven insights into sales and customer cohorts., 810 ,from $9.99/mo,https://apps.shopify.com/solution-4220
4221,Pro Legal Solution 4221,Legal,,,Ensures store compliance with privacy and tax regulations., 810 ,Free,https://apps.shopify.com/solution-4221
4222,Pro Subscriptions Solution 4222,Subscriptions,,,Manages recurring revenue and customer billing flows., 810 ,from $29/mo,https://apps.shopify.com/solution-4222
4223,Pro Dropshipping Solution 4223,Dropshipping,,,Automates product sourcing and third-party fulfillment., 809 ,Freemium,https://apps.shopify.com/solution-4223
4224,Pro SEO Solution 4224,SEO,,,Improves organic search visibility and website performance scores., 809 ,from $9.99/mo,https://apps.shopify.com/solution-4224
4225,Pro Marketing Solution 4225,Marketing,,,Automates customer communication and campaign attribution., 809 ,Freemium,https://apps.shopify.com/solution-4225
4226,Pro Sales Solution 4226,Sales,,,Boosts average order value with conversion-focused UI elements., 809 ,Freemium,https://apps.shopify.com/solution-4226
4227,Pro Support Solution 4227,Support,,,Centralizes customer queries into a single helpdesk interface., 809 ,from $9.99/mo,https://apps.shopify.com/solution-4227
4228,Pro Design Solution 4228,Design,,,Enhances store aesthetics with drag-and-drop themes and pages., 809 ,from $9.99/mo,https://apps.shopify.com/solution-4228
4229,Pro Fulfillment Solution 4229,Fulfillment,,,Streamlines shipping workflows and delivery time tracking., 808 ,Free plan available,https://apps.shopify.com/solution-4229
4230,Pro Inventory Solution 4230,Inventory,,,Syncs stock levels across multiple warehouses and channels., 808 ,from $29/mo,https://apps.shopify.com/solution-4230
4231,Pro Analytics Solution 4231,Analytics,,,Provides data-driven insights into sales and customer cohorts., 808 ,Free plan available,https://apps.shopify.com/solution-4231
4232,Pro Legal Solution 4232,Legal,,,Ensures store compliance with privacy and tax regulations., 808 ,Free plan available,https://apps.shopify.com/solution-4232
4233,Pro Subscriptions Solution 4233,Subscriptions,,,Manages recurring revenue and customer billing flows., 808 ,Free,https://apps.shopify.com/solution-4233
4234,Pro Dropshipping Solution 4234,Dropshipping,,,Automates product sourcing and third-party fulfillment., 808 ,from $9.99/mo,https://apps.shopify.com/solution-4234
4235,Pro SEO Solution 4235,SEO,,,Improves organic search visibility and website performance scores., 808 ,from $9.99/mo,https://apps.shopify.com/solution-4235
4236,Pro Marketing Solution 4236,Marketing,,,Automates customer communication and campaign attribution., 807 ,from $9.99/mo,https://apps.shopify.com/solution-4236
4237,Pro Sales Solution 4237,Sales,,,Boosts average order value with conversion-focused UI elements., 807 ,Freemium,https://apps.shopify.com/solution-4237
4238,Pro Support Solution 4238,Support,,,Centralizes customer queries into a single helpdesk interface., 807 ,Free plan available,https://apps.shopify.com/solution-4238
4239,Pro Design Solution 4239,Design,,,Enhances store aesthetics with drag-and-drop themes and pages., 807 ,Free plan available,https://apps.shopify.com/solution-4239
4240,Pro Fulfillment Solution 4240,Fulfillment,,,Streamlines shipping workflows and delivery time tracking., 807 ,Free plan available,https://apps.shopify.com/solution-4240
4241,Pro Inventory Solution 4241,Inventory,,,Syncs stock levels across multiple warehouses and channels., 807 ,Free plan available,https://apps.shopify.com/solution-4241
4242,Pro Analytics Solution 4242,Analytics,,,Provides data-driven insights into sales and customer cohorts., 806 ,Free,https://apps.shopify.com/solution-4242
4243,Pro Legal Solution 4243,Legal,,,Ensures store compliance with privacy and tax regulations., 806 ,Freemium,https://apps.shopify.com/solution-4243
4244,Pro Subscriptions Solution 4244,Subscriptions,,,Manages recurring revenue and customer billing flows., 806 ,Free plan available,https://apps.shopify.com/solution-4244
4245,Pro Dropshipping Solution 4245,Dropshipping,,,Automates product sourcing and third-party fulfillment., 806 ,from $9.99/mo,https://apps.shopify.com/solution-4245
4246,Pro SEO Solution 4246,SEO,,,Improves organic search visibility and website performance scores., 806 ,from $29/mo,https://apps.shopify.com/solution-4246
4247,Pro Marketing Solution 4247,Marketing,,,Automates customer communication and campaign attribution., 806 ,from $9.99/mo,https://apps.shopify.com/solution-4247
4248,Pro Sales Solution 4248,Sales,,,Boosts average order value with conversion-focused UI elements., 805 ,Free,https://apps.shopify.com/solution-4248
4249,Pro Support Solution 4249,Support,,,Centralizes customer queries into a single helpdesk interface., 805 ,Free,https://apps.shopify.com/solution-4249
4250,Pro Design Solution 4250,Design,,,Enhances store aesthetics with drag-and-drop themes and pages., 805 ,from $9.99/mo,https://apps.shopify.com/solution-4250
4251,Pro Fulfillment Solution 4251,Fulfillment,,,Streamlines shipping workflows and delivery time tracking., 805 ,Free plan available,https://apps.shopify.com/solution-4251
4252,Pro Inventory Solution 4252,Inventory,,,Syncs stock levels across multiple warehouses and channels., 805 ,from $9.99/mo,https://apps.shopify.com/solution-4252
4253,Pro Analytics Solution 4253,Analytics,,,Provides data-driven insights into sales and customer cohorts., 805 ,Free plan available,https://apps.shopify.com/solution-4253
4254,Pro Legal Solution 4254,Legal,,,Ensures store compliance with privacy and tax regulations., 804 ,Free,https://apps.shopify.com/solution-4254
4255,Pro Subscriptions Solution 4255,Subscriptions,,,Manages recurring revenue and customer billing flows., 804 ,Freemium,https://apps.shopify.com/solution-4255
4256,Pro Dropshipping Solution 4256,Dropshipping,,,Automates product sourcing and third-party fulfillment., 804 ,Free,https://apps.shopify.com/solution-4256
4257,Pro SEO Solution 4257,SEO,,,Improves organic search visibility and website performance scores., 804 ,from $9.99/mo,https://apps.shopify.com/solution-4257
4258,Pro Marketing Solution 4258,Marketing,,,Automates customer communication and campaign attribution., 804 ,Free,https://apps.shopify.com/solution-4258
4259,Pro Sales Solution 4259,Sales,,,Boosts average order value with conversion-focused UI elements., 804 ,Freemium,https://apps.shopify.com/solution-4259
4260,Pro Support Solution 4260,Support,,,Centralizes customer queries into a single helpdesk interface., 803 ,Freemium,https://apps.shopify.com/solution-4260
4261,Pro Design Solution 4261,Design,,,Enhances store aesthetics with drag-and-drop themes and pages., 803 ,Free plan available,https://apps.shopify.com/solution-4261
4262,Pro Fulfillment Solution 4262,Fulfillment,,,Streamlines shipping workflows and delivery time tracking., 803 ,Free,https://apps.shopify.com/solution-4262
4263,Pro Inventory Solution 4263,Inventory,,,Syncs stock levels across multiple warehouses and channels., 803 ,Freemium,https://apps.shopify.com/solution-4263
4264,Pro Analytics Solution 4264,Analytics,,,Provides data-driven insights into sales and customer cohorts., 803 ,Free plan available,https://apps.shopify.com/solution-4264
4265,Pro Legal Solution 4265,Legal,,,Ensures store compliance with privacy and tax regulations., 803 ,Free,https://apps.shopify.com/solution-4265
4266,Pro Subscriptions Solution 4266,Subscriptions,,,Manages recurring revenue and customer billing flows., 802 ,from $29/mo,https://apps.shopify.com/solution-4266
4267,Pro Dropshipping Solution 4267,Dropshipping,,,Automates product sourcing and third-party fulfillment., 802 ,Free plan available,https://apps.shopify.com/solution-4267
4268,Pro SEO Solution 4268,SEO,,,Improves organic search visibility and website performance scores., 802 ,from $29/mo,https://apps.shopify.com/solution-4268
4269,Pro Marketing Solution 4269,Marketing,,,Automates customer communication and campaign attribution., 802 ,from $29/mo,https://apps.shopify.com/solution-4269
4270,Pro Sales Solution 4270,Sales,,,Boosts average order value with conversion-focused UI elements., 802 ,Free,https://apps.shopify.com/solution-4270
4271,Pro Support Solution 4271,Support,,,Centralizes customer queries into a single helpdesk interface., 802 ,Freemium,https://apps.shopify.com/solution-4271
4272,Pro Design Solution 4272,Design,,,Enhances store aesthetics with drag-and-drop themes and pages., 801 ,from $9.99/mo,https://apps.shopify.com/solution-4272
4273,Pro Fulfillment Solution 4273,Fulfillment,,,Streamlines shipping workflows and delivery time tracking., 801 ,Free,https://apps.shopify.com/solution-4273
4274,Pro Inventory Solution 4274,Inventory,,,Syncs stock levels across multiple warehouses and channels., 801 ,Freemium,https://apps.shopify.com/solution-4274
4275,Pro Analytics Solution 4275,Analytics,,,Provides data-driven insights into sales and customer cohorts., 801 ,from $9.99/mo,https://apps.shopify.com/solution-4275
4276,Pro Legal Solution 4276,Legal,,,Ensures store compliance with privacy and tax regulations., 801 ,Freemium,https://apps.shopify.com/solution-4276
4277,Pro Subscriptions Solution 4277,Subscriptions,,,Manages recurring revenue and customer billing flows., 801 ,Free plan available,https://apps.shopify.com/solution-4277
4278,Pro Dropshipping Solution 4278,Dropshipping,,,Automates product sourcing and third-party fulfillment., 800 ,Free,https://apps.shopify.com/solution-4278
4279,Pro SEO Solution 4279,SEO,,,Improves organic search visibility and website performance scores., 800 ,Free plan available,https://apps.shopify.com/solution-4279
4280,Pro Marketing Solution 4280,Marketing,,,Automates customer communication and campaign attribution., 800 ,Free plan available,https://apps.shopify.com/solution-4280
4281,Pro Sales Solution 4281,Sales,,,Boosts average order value with conversion-focused UI elements., 800 ,Free plan available,https://apps.shopify.com/solution-4281
4282,Pro Support Solution 4282,Support,,,Centralizes customer queries into a single helpdesk interface., 800 ,from $9.99/mo,https://apps.shopify.com/solution-4282
4283,Pro Design Solution 4283,Design,,,Enhances store aesthetics with drag-and-drop themes and pages., 800 ,from $9.99/mo,https://apps.shopify.com/solution-4283
4284,Pro Fulfillment Solution 4284,Fulfillment,,,Streamlines shipping workflows and delivery time tracking., 800 ,Free,https://apps.shopify.com/solution-4284
4285,Pro Inventory Solution 4285,Inventory,,,Syncs stock levels across multiple warehouses and channels., 799 ,Free,https://apps.shopify.com/solution-4285
4286,Pro Analytics Solution 4286,Analytics,,,Provides data-driven insights into sales and customer cohorts., 799 ,Free,https://apps.shopify.com/solution-4286
4287,Pro Legal Solution 4287,Legal,,,Ensures store compliance with privacy and tax regulations., 799 ,Free,https://apps.shopify.com/solution-4287
4288,Pro Subscriptions Solution 4288,Subscriptions,,,Manages recurring revenue and customer billing flows., 799 ,Freemium,https://apps.shopify.com/solution-4288
4289,Pro Dropshipping Solution 4289,Dropshipping,,,Automates product sourcing and third-party fulfillment., 799 ,from $29/mo,https://apps.shopify.com/solution-4289
4290,Pro SEO Solution 4290,SEO,,,Improves organic search visibility and website performance scores., 799 ,from $9.99/mo,https://apps.shopify.com/solution-4290
4291,Pro Marketing Solution 4291,Marketing,,,Automates customer communication and campaign attribution., 798 ,Freemium,https://apps.shopify.com/solution-4291
4292,Pro Sales Solution 4292,Sales,,,Boosts average order value with conversion-focused UI elements., 798 ,from $9.99/mo,https://apps.shopify.com/solution-4292
4293,Pro Support Solution 4293,Support,,,Centralizes customer queries into a single helpdesk interface., 798 ,Freemium,https://apps.shopify.com/solution-4293
4294,Pro Design Solution 4294,Design,,,Enhances store aesthetics with drag-and-drop themes and pages., 798 ,from $29/mo,https://apps.shopify.com/solution-4294
4295,Pro Fulfillment Solution 4295,Fulfillment,,,Streamlines shipping workflows and delivery time tracking., 798 ,Free plan available,https://apps.shopify.com/solution-4295
4296,Pro Inventory Solution 4296,Inventory,,,Syncs stock levels across multiple warehouses and channels., 798 ,from $9.99/mo,https://apps.shopify.com/solution-4296
4297,Pro Analytics Solution 4297,Analytics,,,Provides data-driven insights into sales and customer cohorts., 797 ,from $29/mo,https://apps.shopify.com/solution-4297
4298,Pro Legal Solution 4298,Legal,,,Ensures store compliance with privacy and tax regulations., 797 ,from $9.99/mo,https://apps.shopify.com/solution-4298
4299,Pro Subscriptions Solution 4299,Subscriptions,,,Manages recurring revenue and customer billing flows., 797 ,Free plan available,https://apps.shopify.com/solution-4299
4300,Pro Dropshipping Solution 4300,Dropshipping,,,Automates product sourcing and third-party fulfillment., 797 ,from $9.99/mo,https://apps.shopify.com/solution-4300
4301,Pro SEO Solution 4301,SEO,,,Improves organic search visibility and website performance scores., 797 ,from $9.99/mo,https://apps.shopify.com/solution-4301
4302,Pro Marketing Solution 4302,Marketing,,,Automates customer communication and campaign attribution., 797 ,Freemium,https://apps.shopify.com/solution-4302
4303,Pro Sales Solution 4303,Sales,,,Boosts average order value with conversion-focused UI elements., 796 ,Free,https://apps.shopify.com/solution-4303
4304,Pro Support Solution 4304,Support,,,Centralizes customer queries into a single helpdesk interface., 796 ,Free,https://apps.shopify.com/solution-4304
4305,Pro Design Solution 4305,Design,,,Enhances store aesthetics with drag-and-drop themes and pages., 796 ,Free plan available,https://apps.shopify.com/solution-4305
4306,Pro Fulfillment Solution 4306,Fulfillment,,,Streamlines shipping workflows and delivery time tracking., 796 ,from $9.99/mo,https://apps.shopify.com/solution-4306
4307,Pro Inventory Solution 4307,Inventory,,,Syncs stock levels across multiple warehouses and channels., 796 ,Free plan available,https://apps.shopify.com/solution-4307
4308,Pro Analytics Solution 4308,Analytics,,,Provides data-driven insights into sales and customer cohorts., 796 ,Free plan available,https://apps.shopify.com/solution-4308
4309,Pro Legal Solution 4309,Legal,,,Ensures store compliance with privacy and tax regulations., 795 ,Free,https://apps.shopify.com/solution-4309
4310,Pro Subscriptions Solution 4310,Subscriptions,,,Manages recurring revenue and customer billing flows., 795 ,Freemium,https://apps.shopify.com/solution-4310
4311,Pro Dropshipping Solution 4311,Dropshipping,,,Automates product sourcing and third-party fulfillment., 795 ,Free plan available,https://apps.shopify.com/solution-4311
4312,Pro SEO Solution 4312,SEO,,,Improves organic search visibility and website performance scores., 795 ,Free plan available,https://apps.shopify.com/solution-4312
4313,Pro Marketing Solution 4313,Marketing,,,Automates customer communication and campaign attribution., 795 ,Free plan available,https://apps.shopify.com/solution-4313
4314,Pro Sales Solution 4314,Sales,,,Boosts average order value with conversion-focused UI elements., 795 ,Free,https://apps.shopify.com/solution-4314
4315,Pro Support Solution 4315,Support,,,Centralizes customer queries into a single helpdesk interface., 795 ,from $9.99/mo,https://apps.shopify.com/solution-4315
4316,Pro Design Solution 4316,Design,,,Enhances store aesthetics with drag-and-drop themes and pages., 794 ,Freemium,https://apps.shopify.com/solution-4316
4317,Pro Fulfillment Solution 4317,Fulfillment,,,Streamlines shipping workflows and delivery time tracking., 794 ,Free,https://apps.shopify.com/solution-4317
4318,Pro Inventory Solution 4318,Inventory,,,Syncs stock levels across multiple warehouses and channels., 794 ,from $29/mo,https://apps.shopify.com/solution-4318
4319,Pro Analytics Solution 4319,Analytics,,,Provides data-driven insights into sales and customer cohorts., 794 ,Freemium,https://apps.shopify.com/solution-4319
4320,Pro Legal Solution 4320,Legal,,,Ensures store compliance with privacy and tax regulations., 794 ,from $29/mo,https://apps.shopify.com/solution-4320
4321,Pro Subscriptions Solution 4321,Subscriptions,,,Manages recurring revenue and customer billing flows., 794 ,Free,https://apps.shopify.com/solution-4321
4322,Pro Dropshipping Solution 4322,Dropshipping,,,Automates product sourcing and third-party fulfillment., 793 ,from $29/mo,https://apps.shopify.com/solution-4322
4323,Pro SEO Solution 4323,SEO,,,Improves organic search visibility and website performance scores., 793 ,from $9.99/mo,https://apps.shopify.com/solution-4323
4324,Pro Marketing Solution 4324,Marketing,,,Automates customer communication and campaign attribution., 793 ,Free plan available,https://apps.shopify.com/solution-4324
4325,Pro Sales Solution 4325,Sales,,,Boosts average order value with conversion-focused UI elements., 793 ,Free plan available,https://apps.shopify.com/solution-4325
4326,Pro Support Solution 4326,Support,,,Centralizes customer queries into a single helpdesk interface., 793 ,from $9.99/mo,https://apps.shopify.com/solution-4326
4327,Pro Design Solution 4327,Design,,,Enhances store aesthetics with drag-and-drop themes and pages., 793 ,Freemium,https://apps.shopify.com/solution-4327
4328,Pro Fulfillment Solution 4328,Fulfillment,,,Streamlines shipping workflows and delivery time tracking., 792 ,Freemium,https://apps.shopify.com/solution-4328
4329,Pro Inventory Solution 4329,Inventory,,,Syncs stock levels across multiple warehouses and channels., 792 ,from $29/mo,https://apps.shopify.com/solution-4329
4330,Pro Analytics Solution 4330,Analytics,,,Provides data-driven insights into sales and customer cohorts., 792 ,from $9.99/mo,https://apps.shopify.com/solution-4330
4331,Pro Legal Solution 4331,Legal,,,Ensures store compliance with privacy and tax regulations., 792 ,from $29/mo,https://apps.shopify.com/solution-4331
4332,Pro Subscriptions Solution 4332,Subscriptions,,,Manages recurring revenue and customer billing flows., 792 ,from $29/mo,https://apps.shopify.com/solution-4332
4333,Pro Dropshipping Solution 4333,Dropshipping,,,Automates product sourcing and third-party fulfillment., 792 ,from $29/mo,https://apps.shopify.com/solution-4333
4334,Pro SEO Solution 4334,SEO,,,Improves organic search visibility and website performance scores., 792 ,Free plan available,https://apps.shopify.com/solution-4334
4335,Pro Marketing Solution 4335,Marketing,,,Automates customer communication and campaign attribution., 791 ,from $29/mo,https://apps.shopify.com/solution-4335
4336,Pro Sales Solution 4336,Sales,,,Boosts average order value with conversion-focused UI elements., 791 ,Freemium,https://apps.shopify.com/solution-4336
4337,Pro Support Solution 4337,Support,,,Centralizes customer queries into a single helpdesk interface., 791 ,from $9.99/mo,https://apps.shopify.com/solution-4337
4338,Pro Design Solution 4338,Design,,,Enhances store aesthetics with drag-and-drop themes and pages., 791 ,from $29/mo,https://apps.shopify.com/solution-4338
4339,Pro Fulfillment Solution 4339,Fulfillment,,,Streamlines shipping workflows and delivery time tracking., 791 ,Free plan available,https://apps.shopify.com/solution-4339
4340,Pro Inventory Solution 4340,Inventory,,,Syncs stock levels across multiple warehouses and channels., 791 ,Free,https://apps.shopify.com/solution-4340
4341,Pro Analytics Solution 4341,Analytics,,,Provides data-driven insights into sales and customer cohorts., 790 ,from $29/mo,https://apps.shopify.com/solution-4341
4342,Pro Legal Solution 4342,Legal,,,Ensures store compliance with privacy and tax regulations., 790 ,Free,https://apps.shopify.com/solution-4342
4343,Pro Subscriptions Solution 4343,Subscriptions,,,Manages recurring revenue and customer billing flows., 790 ,from $29/mo,https://apps.shopify.com/solution-4343
4344,Pro Dropshipping Solution 4344,Dropshipping,,,Automates product sourcing and third-party fulfillment., 790 ,from $9.99/mo,https://apps.shopify.com/solution-4344
4345,Pro SEO Solution 4345,SEO,,,Improves organic search visibility and website performance scores., 790 ,from $29/mo,https://apps.shopify.com/solution-4345
4346,Pro Marketing Solution 4346,Marketing,,,Automates customer communication and campaign attribution., 790 ,Free,https://apps.shopify.com/solution-4346
4347,Pro Sales Solution 4347,Sales,,,Boosts average order value with conversion-focused UI elements., 789 ,Free plan available,https://apps.shopify.com/solution-4347
4348,Pro Support Solution 4348,Support,,,Centralizes customer queries into a single helpdesk interface., 789 ,from $9.99/mo,https://apps.shopify.com/solution-4348
4349,Pro Design Solution 4349,Design,,,Enhances store aesthetics with drag-and-drop themes and pages., 789 ,from $29/mo,https://apps.shopify.com/solution-4349
4350,Pro Fulfillment Solution 4350,Fulfillment,,,Streamlines shipping workflows and delivery time tracking., 789 ,Free,https://apps.shopify.com/solution-4350
4351,Pro Inventory Solution 4351,Inventory,,,Syncs stock levels across multiple warehouses and channels., 789 ,Freemium,https://apps.shopify.com/solution-4351
4352,Pro Analytics Solution 4352,Analytics,,,Provides data-driven insights into sales and customer cohorts., 789 ,from $9.99/mo,https://apps.shopify.com/solution-4352
4353,Pro Legal Solution 4353,Legal,,,Ensures store compliance with privacy and tax regulations., 789 ,Free,https://apps.shopify.com/solution-4353
4354,Pro Subscriptions Solution 4354,Subscriptions,,,Manages recurring revenue and customer billing flows., 788 ,Freemium,https://apps.shopify.com/solution-4354
4355,Pro Dropshipping Solution 4355,Dropshipping,,,Automates product sourcing and third-party fulfillment., 788 ,Free plan available,https://apps.shopify.com/solution-4355
4356,Pro SEO Solution 4356,SEO,,,Improves organic search visibility and website performance scores., 788 ,from $29/mo,https://apps.shopify.com/solution-4356
4357,Pro Marketing Solution 4357,Marketing,,,Automates customer communication and campaign attribution., 788 ,Free,https://apps.shopify.com/solution-4357
4358,Pro Sales Solution 4358,Sales,,,Boosts average order value with conversion-focused UI elements., 788 ,from $9.99/mo,https://apps.shopify.com/solution-4358
4359,Pro Support Solution 4359,Support,,,Centralizes customer queries into a single helpdesk interface., 788 ,from $29/mo,https://apps.shopify.com/solution-4359
4360,Pro Design Solution 4360,Design,,,Enhances store aesthetics with drag-and-drop themes and pages., 787 ,from $9.99/mo,https://apps.shopify.com/solution-4360
4361,Pro Fulfillment Solution 4361,Fulfillment,,,Streamlines shipping workflows and delivery time tracking., 787 ,Freemium,https://apps.shopify.com/solution-4361
4362,Pro Inventory Solution 4362,Inventory,,,Syncs stock levels across multiple warehouses and channels., 787 ,from $29/mo,https://apps.shopify.com/solution-4362
4363,Pro Analytics Solution 4363,Analytics,,,Provides data-driven insights into sales and customer cohorts., 787 ,Free,https://apps.shopify.com/solution-4363
4364,Pro Legal Solution 4364,Legal,,,Ensures store compliance with privacy and tax regulations., 787 ,Freemium,https://apps.shopify.com/solution-4364
4365,Pro Subscriptions Solution 4365,Subscriptions,,,Manages recurring revenue and customer billing flows., 787 ,from $9.99/mo,https://apps.shopify.com/solution-4365
4366,Pro Dropshipping Solution 4366,Dropshipping,,,Automates product sourcing and third-party fulfillment., 787 ,from $29/mo,https://apps.shopify.com/solution-4366
4367,Pro SEO Solution 4367,SEO,,,Improves organic search visibility and website performance scores., 786 ,Freemium,https://apps.shopify.com/solution-4367
4368,Pro Marketing Solution 4368,Marketing,,,Automates customer communication and campaign attribution., 786 ,Free,https://apps.shopify.com/solution-4368
4369,Pro Sales Solution 4369,Sales,,,Boosts average order value with conversion-focused UI elements., 786 ,Free plan available,https://apps.shopify.com/solution-4369
4370,Pro Support Solution 4370,Support,,,Centralizes customer queries into a single helpdesk interface., 786 ,Free plan available,https://apps.shopify.com/solution-4370
4371,Pro Design Solution 4371,Design,,,Enhances store aesthetics with drag-and-drop themes and pages., 786 ,from $29/mo,https://apps.shopify.com/solution-4371
4372,Pro Fulfillment Solution 4372,Fulfillment,,,Streamlines shipping workflows and delivery time tracking., 786 ,Freemium,https://apps.shopify.com/solution-4372
4373,Pro Inventory Solution 4373,Inventory,,,Syncs stock levels across multiple warehouses and channels., 785 ,Freemium,https://apps.shopify.com/solution-4373
4374,Pro Analytics Solution 4374,Analytics,,,Provides data-driven insights into sales and customer cohorts., 785 ,Free plan available,https://apps.shopify.com/solution-4374
4375,Pro Legal Solution 4375,Legal,,,Ensures store compliance with privacy and tax regulations., 785 ,Free,https://apps.shopify.com/solution-4375
4376,Pro Subscriptions Solution 4376,Subscriptions,,,Manages recurring revenue and customer billing flows., 785 ,from $29/mo,https://apps.shopify.com/solution-4376
4377,Pro Dropshipping Solution 4377,Dropshipping,,,Automates product sourcing and third-party fulfillment., 785 ,Freemium,https://apps.shopify.com/solution-4377
4378,Pro SEO Solution 4378,SEO,,,Improves organic search visibility and website performance scores., 785 ,Freemium,https://apps.shopify.com/solution-4378
4379,Pro Marketing Solution 4379,Marketing,,,Automates customer communication and campaign attribution., 784 ,from $29/mo,https://apps.shopify.com/solution-4379
4380,Pro Sales Solution 4380,Sales,,,Boosts average order value with conversion-focused UI elements., 784 ,Free plan available,https://apps.shopify.com/solution-4380
4381,Pro Support Solution 4381,Support,,,Centralizes customer queries into a single helpdesk interface., 784 ,from $29/mo,https://apps.shopify.com/solution-4381
4382,Pro Design Solution 4382,Design,,,Enhances store aesthetics with drag-and-drop themes and pages., 784 ,Freemium,https://apps.shopify.com/solution-4382
4383,Pro Fulfillment Solution 4383,Fulfillment,,,Streamlines shipping workflows and delivery time tracking., 784 ,Free,https://apps.shopify.com/solution-4383
4384,Pro Inventory Solution 4384,Inventory,,,Syncs stock levels across multiple warehouses and channels., 784 ,Free plan available,https://apps.shopify.com/solution-4384
4385,Pro Analytics Solution 4385,Analytics,,,Provides data-driven insights into sales and customer cohorts., 784 ,from $9.99/mo,https://apps.shopify.com/solution-4385
4386,Pro Legal Solution 4386,Legal,,,Ensures store compliance with privacy and tax regulations., 783 ,from $9.99/mo,https://apps.shopify.com/solution-4386
4387,Pro Subscriptions Solution 4387,Subscriptions,,,Manages recurring revenue and customer billing flows., 783 ,Free,https://apps.shopify.com/solution-4387
4388,Pro Dropshipping Solution 4388,Dropshipping,,,Automates product sourcing and third-party fulfillment., 783 ,Free plan available,https://apps.shopify.com/solution-4388
4389,Pro SEO Solution 4389,SEO,,,Improves organic search visibility and website performance scores., 783 ,Free,https://apps.shopify.com/solution-4389
4390,Pro Marketing Solution 4390,Marketing,,,Automates customer communication and campaign attribution., 783 ,Free,https://apps.shopify.com/solution-4390
4391,Pro Sales Solution 4391,Sales,,,Boosts average order value with conversion-focused UI elements., 783 ,from $29/mo,https://apps.shopify.com/solution-4391
4392,Pro Support Solution 4392,Support,,,Centralizes customer queries into a single helpdesk interface., 782 ,from $29/mo,https://apps.shopify.com/solution-4392
4393,Pro Design Solution 4393,Design,,,Enhances store aesthetics with drag-and-drop themes and pages., 782 ,from $9.99/mo,https://apps.shopify.com/solution-4393
4394,Pro Fulfillment Solution 4394,Fulfillment,,,Streamlines shipping workflows and delivery time tracking., 782 ,Free,https://apps.shopify.com/solution-4394
4395,Pro Inventory Solution 4395,Inventory,,,Syncs stock levels across multiple warehouses and channels., 782 ,Free,https://apps.shopify.com/solution-4395
4396,Pro Analytics Solution 4396,Analytics,,,Provides data-driven insights into sales and customer cohorts., 782 ,Free plan available,https://apps.shopify.com/solution-4396
4397,Pro Legal Solution 4397,Legal,,,Ensures store compliance with privacy and tax regulations., 782 ,from $29/mo,https://apps.shopify.com/solution-4397
4398,Pro Subscriptions Solution 4398,Subscriptions,,,Manages recurring revenue and customer billing flows., 782 ,Free plan available,https://apps.shopify.com/solution-4398
4399,Pro Dropshipping Solution 4399,Dropshipping,,,Automates product sourcing and third-party fulfillment., 781 ,Free plan available,https://apps.shopify.com/solution-4399
4400,Pro SEO Solution 4400,SEO,,,Improves organic search visibility and website performance scores., 781 ,Free plan available,https://apps.shopify.com/solution-4400
4401,Pro Marketing Solution 4401,Marketing,,,Automates customer communication and campaign attribution., 781 ,Free plan available,https://apps.shopify.com/solution-4401
4402,Pro Sales Solution 4402,Sales,,,Boosts average order value with conversion-focused UI elements., 781 ,from $9.99/mo,https://apps.shopify.com/solution-4402
4403,Pro Support Solution 4403,Support,,,Centralizes customer queries into a single helpdesk interface., 781 ,Freemium,https://apps.shopify.com/solution-4403
4404,Pro Design Solution 4404,Design,,,Enhances store aesthetics with drag-and-drop themes and pages., 781 ,Free,https://apps.shopify.com/solution-4404
4405,Pro Fulfillment Solution 4405,Fulfillment,,,Streamlines shipping workflows and delivery time tracking., 780 ,Free,https://apps.shopify.com/solution-4405
4406,Pro Inventory Solution 4406,Inventory,,,Syncs stock levels across multiple warehouses and channels., 780 ,Free,https://apps.shopify.com/solution-4406
4407,Pro Analytics Solution 4407,Analytics,,,Provides data-driven insights into sales and customer cohorts., 780 ,Free plan available,https://apps.shopify.com/solution-4407
4408,Pro Legal Solution 4408,Legal,,,Ensures store compliance with privacy and tax regulations., 780 ,from $9.99/mo,https://apps.shopify.com/solution-4408
4409,Pro Subscriptions Solution 4409,Subscriptions,,,Manages recurring revenue and customer billing flows., 780 ,Free plan available,https://apps.shopify.com/solution-4409
4410,Pro Dropshipping Solution 4410,Dropshipping,,,Automates product sourcing and third-party fulfillment., 780 ,Freemium,https://apps.shopify.com/solution-4410
4411,Pro SEO Solution 4411,SEO,,,Improves organic search visibility and website performance scores., 780 ,Free plan available,https://apps.shopify.com/solution-4411
4412,Pro Marketing Solution 4412,Marketing,,,Automates customer communication and campaign attribution., 779 ,from $29/mo,https://apps.shopify.com/solution-4412
4413,Pro Sales Solution 4413,Sales,,,Boosts average order value with conversion-focused UI elements., 779 ,Freemium,https://apps.shopify.com/solution-4413
4414,Pro Support Solution 4414,Support,,,Centralizes customer queries into a single helpdesk interface., 779 ,from $29/mo,https://apps.shopify.com/solution-4414
4415,Pro Design Solution 4415,Design,,,Enhances store aesthetics with drag-and-drop themes and pages., 779 ,Freemium,https://apps.shopify.com/solution-4415
4416,Pro Fulfillment Solution 4416,Fulfillment,,,Streamlines shipping workflows and delivery time tracking., 779 ,Free,https://apps.shopify.com/solution-4416
4417,Pro Inventory Solution 4417,Inventory,,,Syncs stock levels across multiple warehouses and channels., 779 ,Freemium,https://apps.shopify.com/solution-4417
4418,Pro Analytics Solution 4418,Analytics,,,Provides data-driven insights into sales and customer cohorts., 779 ,from $29/mo,https://apps.shopify.com/solution-4418
4419,Pro Legal Solution 4419,Legal,,,Ensures store compliance with privacy and tax regulations., 778 ,Free plan available,https://apps.shopify.com/solution-4419
4420,Pro Subscriptions Solution 4420,Subscriptions,,,Manages recurring revenue and customer billing flows., 778 ,Freemium,https://apps.shopify.com/solution-4420
4421,Pro Dropshipping Solution 4421,Dropshipping,,,Automates product sourcing and third-party fulfillment., 778 ,Free plan available,https://apps.shopify.com/solution-4421
4422,Pro SEO Solution 4422,SEO,,,Improves organic search visibility and website performance scores., 778 ,Free,https://apps.shopify.com/solution-4422
4423,Pro Marketing Solution 4423,Marketing,,,Automates customer communication and campaign attribution., 778 ,Free plan available,https://apps.shopify.com/solution-4423
4424,Pro Sales Solution 4424,Sales,,,Boosts average order value with conversion-focused UI elements., 778 ,Free plan available,https://apps.shopify.com/solution-4424
4425,Pro Support Solution 4425,Support,,,Centralizes customer queries into a single helpdesk interface., 777 ,from $29/mo,https://apps.shopify.com/solution-4425
4426,Pro Design Solution 4426,Design,,,Enhances store aesthetics with drag-and-drop themes and pages., 777 ,from $9.99/mo,https://apps.shopify.com/solution-4426
4427,Pro Fulfillment Solution 4427,Fulfillment,,,Streamlines shipping workflows and delivery time tracking., 777 ,from $29/mo,https://apps.shopify.com/solution-4427
4428,Pro Inventory Solution 4428,Inventory,,,Syncs stock levels across multiple warehouses and channels., 777 ,Free plan available,https://apps.shopify.com/solution-4428
4429,Pro Analytics Solution 4429,Analytics,,,Provides data-driven insights into sales and customer cohorts., 777 ,Freemium,https://apps.shopify.com/solution-4429
4430,Pro Legal Solution 4430,Legal,,,Ensures store compliance with privacy and tax regulations., 777 ,from $9.99/mo,https://apps.shopify.com/solution-4430
4431,Pro Subscriptions Solution 4431,Subscriptions,,,Manages recurring revenue and customer billing flows., 777 ,from $29/mo,https://apps.shopify.com/solution-4431
4432,Pro Dropshipping Solution 4432,Dropshipping,,,Automates product sourcing and third-party fulfillment., 776 ,Free,https://apps.shopify.com/solution-4432
4433,Pro SEO Solution 4433,SEO,,,Improves organic search visibility and website performance scores., 776 ,Freemium,https://apps.shopify.com/solution-4433
4434,Pro Marketing Solution 4434,Marketing,,,Automates customer communication and campaign attribution., 776 ,from $29/mo,https://apps.shopify.com/solution-4434
4435,Pro Sales Solution 4435,Sales,,,Boosts average order value with conversion-focused UI elements., 776 ,Freemium,https://apps.shopify.com/solution-4435
4436,Pro Support Solution 4436,Support,,,Centralizes customer queries into a single helpdesk interface., 776 ,Free plan available,https://apps.shopify.com/solution-4436
4437,Pro Design Solution 4437,Design,,,Enhances store aesthetics with drag-and-drop themes and pages., 776 ,Freemium,https://apps.shopify.com/solution-4437
4438,Pro Fulfillment Solution 4438,Fulfillment,,,Streamlines shipping workflows and delivery time tracking., 775 ,Freemium,https://apps.shopify.com/solution-4438
4439,Pro Inventory Solution 4439,Inventory,,,Syncs stock levels across multiple warehouses and channels., 775 ,Free plan available,https://apps.shopify.com/solution-4439
4440,Pro Analytics Solution 4440,Analytics,,,Provides data-driven insights into sales and customer cohorts., 775 ,from $29/mo,https://apps.shopify.com/solution-4440
4441,Pro Legal Solution 4441,Legal,,,Ensures store compliance with privacy and tax regulations., 775 ,from $9.99/mo,https://apps.shopify.com/solution-4441
4442,Pro Subscriptions Solution 4442,Subscriptions,,,Manages recurring revenue and customer billing flows., 775 ,Free plan available,https://apps.shopify.com/solution-4442
4443,Pro Dropshipping Solution 4443,Dropshipping,,,Automates product sourcing and third-party fulfillment., 775 ,Free,https://apps.shopify.com/solution-4443
4444,Pro SEO Solution 4444,SEO,,,Improves organic search visibility and website performance scores., 775 ,Freemium,https://apps.shopify.com/solution-4444
4445,Pro Marketing Solution 4445,Marketing,,,Automates customer communication and campaign attribution., 774 ,from $9.99/mo,https://apps.shopify.com/solution-4445
4446,Pro Sales Solution 4446,Sales,,,Boosts average order value with conversion-focused UI elements., 774 ,Free,https://apps.shopify.com/solution-4446
4447,Pro Support Solution 4447,Support,,,Centralizes customer queries into a single helpdesk interface., 774 ,Freemium,https://apps.shopify.com/solution-4447
4448,Pro Design Solution 4448,Design,,,Enhances store aesthetics with drag-and-drop themes and pages., 774 ,Freemium,https://apps.shopify.com/solution-4448
4449,Pro Fulfillment Solution 4449,Fulfillment,,,Streamlines shipping workflows and delivery time tracking., 774 ,from $9.99/mo,https://apps.shopify.com/solution-4449
4450,Pro Inventory Solution 4450,Inventory,,,Syncs stock levels across multiple warehouses and channels., 774 ,Free plan available,https://apps.shopify.com/solution-4450
4451,Pro Analytics Solution 4451,Analytics,,,Provides data-driven insights into sales and customer cohorts., 774 ,Freemium,https://apps.shopify.com/solution-4451
4452,Pro Legal Solution 4452,Legal,,,Ensures store compliance with privacy and tax regulations., 773 ,Free plan available,https://apps.shopify.com/solution-4452
4453,Pro Subscriptions Solution 4453,Subscriptions,,,Manages recurring revenue and customer billing flows., 773 ,Free,https://apps.shopify.com/solution-4453
4454,Pro Dropshipping Solution 4454,Dropshipping,,,Automates product sourcing and third-party fulfillment., 773 ,Freemium,https://apps.shopify.com/solution-4454
4455,Pro SEO Solution 4455,SEO,,,Improves organic search visibility and website performance scores., 773 ,Freemium,https://apps.shopify.com/solution-4455
4456,Pro Marketing Solution 4456,Marketing,,,Automates customer communication and campaign attribution., 773 ,Free,https://apps.shopify.com/solution-4456
4457,Pro Sales Solution 4457,Sales,,,Boosts average order value with conversion-focused UI elements., 773 ,Freemium,https://apps.shopify.com/solution-4457
4458,Pro Support Solution 4458,Support,,,Centralizes customer queries into a single helpdesk interface., 772 ,from $29/mo,https://apps.shopify.com/solution-4458
4459,Pro Design Solution 4459,Design,,,Enhances store aesthetics with drag-and-drop themes and pages., 772 ,Freemium,https://apps.shopify.com/solution-4459
4460,Pro Fulfillment Solution 4460,Fulfillment,,,Streamlines shipping workflows and delivery time tracking., 772 ,from $9.99/mo,https://apps.shopify.com/solution-4460
4461,Pro Inventory Solution 4461,Inventory,,,Syncs stock levels across multiple warehouses and channels., 772 ,Free,https://apps.shopify.com/solution-4461
4462,Pro Analytics Solution 4462,Analytics,,,Provides data-driven insights into sales and customer cohorts., 772 ,from $29/mo,https://apps.shopify.com/solution-4462
4463,Pro Legal Solution 4463,Legal,,,Ensures store compliance with privacy and tax regulations., 772 ,Free,https://apps.shopify.com/solution-4463
4464,Pro Subscriptions Solution 4464,Subscriptions,,,Manages recurring revenue and customer billing flows., 772 ,from $9.99/mo,https://apps.shopify.com/solution-4464
4465,Pro Dropshipping Solution 4465,Dropshipping,,,Automates product sourcing and third-party fulfillment., 771 ,Freemium,https://apps.shopify.com/solution-4465
4466,Pro SEO Solution 4466,SEO,,,Improves organic search visibility and website performance scores., 771 ,Free,https://apps.shopify.com/solution-4466
4467,Pro Marketing Solution 4467,Marketing,,,Automates customer communication and campaign attribution., 771 ,Free,https://apps.shopify.com/solution-4467
4468,Pro Sales Solution 4468,Sales,,,Boosts average order value with conversion-focused UI elements., 771 ,Free plan available,https://apps.shopify.com/solution-4468
4469,Pro Support Solution 4469,Support,,,Centralizes customer queries into a single helpdesk interface., 771 ,Free,https://apps.shopify.com/solution-4469
4470,Pro Design Solution 4470,Design,,,Enhances store aesthetics with drag-and-drop themes and pages., 771 ,from $29/mo,https://apps.shopify.com/solution-4470
4471,Pro Fulfillment Solution 4471,Fulfillment,,,Streamlines shipping workflows and delivery time tracking., 771 ,Free plan available,https://apps.shopify.com/solution-4471
4472,Pro Inventory Solution 4472,Inventory,,,Syncs stock levels across multiple warehouses and channels., 770 ,from $9.99/mo,https://apps.shopify.com/solution-4472
4473,Pro Analytics Solution 4473,Analytics,,,Provides data-driven insights into sales and customer cohorts., 770 ,from $29/mo,https://apps.shopify.com/solution-4473
4474,Pro Legal Solution 4474,Legal,,,Ensures store compliance with privacy and tax regulations., 770 ,Freemium,https://apps.shopify.com/solution-4474
4475,Pro Subscriptions Solution 4475,Subscriptions,,,Manages recurring revenue and customer billing flows., 770 ,from $9.99/mo,https://apps.shopify.com/solution-4475
4476,Pro Dropshipping Solution 4476,Dropshipping,,,Automates product sourcing and third-party fulfillment., 770 ,from $9.99/mo,https://apps.shopify.com/solution-4476
4477,Pro SEO Solution 4477,SEO,,,Improves organic search visibility and website performance scores., 770 ,Freemium,https://apps.shopify.com/solution-4477
4478,Pro Marketing Solution 4478,Marketing,,,Automates customer communication and campaign attribution., 769 ,Freemium,https://apps.shopify.com/solution-4478
4479,Pro Sales Solution 4479,Sales,,,Boosts average order value with conversion-focused UI elements., 769 ,Free,https://apps.shopify.com/solution-4479
4480,Pro Support Solution 4480,Support,,,Centralizes customer queries into a single helpdesk interface., 769 ,Free plan available,https://apps.shopify.com/solution-4480
4481,Pro Design Solution 4481,Design,,,Enhances store aesthetics with drag-and-drop themes and pages., 769 ,Free,https://apps.shopify.com/solution-4481
4482,Pro Fulfillment Solution 4482,Fulfillment,,,Streamlines shipping workflows and delivery time tracking., 769 ,Free plan available,https://apps.shopify.com/solution-4482
4483,Pro Inventory Solution 4483,Inventory,,,Syncs stock levels across multiple warehouses and channels., 769 ,from $29/mo,https://apps.shopify.com/solution-4483
4484,Pro Analytics Solution 4484,Analytics,,,Provides data-driven insights into sales and customer cohorts., 769 ,Freemium,https://apps.shopify.com/solution-4484
4485,Pro Legal Solution 4485,Legal,,,Ensures store compliance with privacy and tax regulations., 768 ,Free plan available,https://apps.shopify.com/solution-4485
4486,Pro Subscriptions Solution 4486,Subscriptions,,,Manages recurring revenue and customer billing flows., 768 ,from $29/mo,https://apps.shopify.com/solution-4486
4487,Pro Dropshipping Solution 4487,Dropshipping,,,Automates product sourcing and third-party fulfillment., 768 ,Free,https://apps.shopify.com/solution-4487
4488,Pro SEO Solution 4488,SEO,,,Improves organic search visibility and website performance scores., 768 ,from $29/mo,https://apps.shopify.com/solution-4488
4489,Pro Marketing Solution 4489,Marketing,,,Automates customer communication and campaign attribution., 768 ,Freemium,https://apps.shopify.com/solution-4489
4490,Pro Sales Solution 4490,Sales,,,Boosts average order value with conversion-focused UI elements., 768 ,Free,https://apps.shopify.com/solution-4490
4491,Pro Support Solution 4491,Support,,,Centralizes customer queries into a single helpdesk interface., 768 ,Free plan available,https://apps.shopify.com/solution-4491
4492,Pro Design Solution 4492,Design,,,Enhances store aesthetics with drag-and-drop themes and pages., 767 ,Freemium,https://apps.shopify.com/solution-4492
4493,Pro Fulfillment Solution 4493,Fulfillment,,,Streamlines shipping workflows and delivery time tracking., 767 ,from $29/mo,https://apps.shopify.com/solution-4493
4494,Pro Inventory Solution 4494,Inventory,,,Syncs stock levels across multiple warehouses and channels., 767 ,from $9.99/mo,https://apps.shopify.com/solution-4494
4495,Pro Analytics Solution 4495,Analytics,,,Provides data-driven insights into sales and customer cohorts., 767 ,from $29/mo,https://apps.shopify.com/solution-4495
4496,Pro Legal Solution 4496,Legal,,,Ensures store compliance with privacy and tax regulations., 767 ,Free plan available,https://apps.shopify.com/solution-4496
4497,Pro Subscriptions Solution 4497,Subscriptions,,,Manages recurring revenue and customer billing flows., 767 ,Freemium,https://apps.shopify.com/solution-4497
4498,Pro Dropshipping Solution 4498,Dropshipping,,,Automates product sourcing and third-party fulfillment., 767 ,from $9.99/mo,https://apps.shopify.com/solution-4498
4499,Pro SEO Solution 4499,SEO,,,Improves organic search visibility and website performance scores., 766 ,Free,https://apps.shopify.com/solution-4499
4500,Pro Marketing Solution 4500,Marketing,,,Automates customer communication and campaign attribution., 766 ,from $29/mo,https://apps.shopify.com/solution-4500
4501,Pro Sales Solution 4501,Sales,,,Boosts average order value with conversion-focused UI elements., 766 ,Free plan available,https://apps.shopify.com/solution-4501
4502,Pro Support Solution 4502,Support,,,Centralizes customer queries into a single helpdesk interface., 766 ,from $9.99/mo,https://apps.shopify.com/solution-4502
4503,Pro Design Solution 4503,Design,,,Enhances store aesthetics with drag-and-drop themes and pages., 766 ,Freemium,https://apps.shopify.com/solution-4503
4504,Pro Fulfillment Solution 4504,Fulfillment,,,Streamlines shipping workflows and delivery time tracking., 766 ,from $29/mo,https://apps.shopify.com/solution-4504
4505,Pro Inventory Solution 4505,Inventory,,,Syncs stock levels across multiple warehouses and channels., 765 ,from $9.99/mo,https://apps.shopify.com/solution-4505
4506,Pro Analytics Solution 4506,Analytics,,,Provides data-driven insights into sales and customer cohorts., 765 ,from $29/mo,https://apps.shopify.com/solution-4506
4507,Pro Legal Solution 4507,Legal,,,Ensures store compliance with privacy and tax regulations., 765 ,Freemium,https://apps.shopify.com/solution-4507
4508,Pro Subscriptions Solution 4508,Subscriptions,,,Manages recurring revenue and customer billing flows., 765 ,Freemium,https://apps.shopify.com/solution-4508
4509,Pro Dropshipping Solution 4509,Dropshipping,,,Automates product sourcing and third-party fulfillment., 765 ,Freemium,https://apps.shopify.com/solution-4509
4510,Pro SEO Solution 4510,SEO,,,Improves organic search visibility and website performance scores., 765 ,from $9.99/mo,https://apps.shopify.com/solution-4510
4511,Pro Marketing Solution 4511,Marketing,,,Automates customer communication and campaign attribution., 765 ,Free,https://apps.shopify.com/solution-4511
4512,Pro Sales Solution 4512,Sales,,,Boosts average order value with conversion-focused UI elements., 764 ,from $29/mo,https://apps.shopify.com/solution-4512
4513,Pro Support Solution 4513,Support,,,Centralizes customer queries into a single helpdesk interface., 764 ,from $9.99/mo,https://apps.shopify.com/solution-4513
4514,Pro Design Solution 4514,Design,,,Enhances store aesthetics with drag-and-drop themes and pages., 764 ,Freemium,https://apps.shopify.com/solution-4514
4515,Pro Fulfillment Solution 4515,Fulfillment,,,Streamlines shipping workflows and delivery time tracking., 764 ,from $9.99/mo,https://apps.shopify.com/solution-4515
4516,Pro Inventory Solution 4516,Inventory,,,Syncs stock levels across multiple warehouses and channels., 764 ,Free plan available,https://apps.shopify.com/solution-4516
4517,Pro Analytics Solution 4517,Analytics,,,Provides data-driven insights into sales and customer cohorts., 764 ,from $9.99/mo,https://apps.shopify.com/solution-4517
4518,Pro Legal Solution 4518,Legal,,,Ensures store compliance with privacy and tax regulations., 764 ,Free plan available,https://apps.shopify.com/solution-4518
4519,Pro Subscriptions Solution 4519,Subscriptions,,,Manages recurring revenue and customer billing flows., 763 ,from $29/mo,https://apps.shopify.com/solution-4519
4520,Pro Dropshipping Solution 4520,Dropshipping,,,Automates product sourcing and third-party fulfillment., 763 ,Free,https://apps.shopify.com/solution-4520
4521,Pro SEO Solution 4521,SEO,,,Improves organic search visibility and website performance scores., 763 ,from $29/mo,https://apps.shopify.com/solution-4521
4522,Pro Marketing Solution 4522,Marketing,,,Automates customer communication and campaign attribution., 763 ,Free,https://apps.shopify.com/solution-4522
4523,Pro Sales Solution 4523,Sales,,,Boosts average order value with conversion-focused UI elements., 763 ,from $9.99/mo,https://apps.shopify.com/solution-4523
4524,Pro Support Solution 4524,Support,,,Centralizes customer queries into a single helpdesk interface., 763 ,Freemium,https://apps.shopify.com/solution-4524
4525,Pro Design Solution 4525,Design,,,Enhances store aesthetics with drag-and-drop themes and pages., 763 ,from $29/mo,https://apps.shopify.com/solution-4525
4526,Pro Fulfillment Solution 4526,Fulfillment,,,Streamlines shipping workflows and delivery time tracking., 762 ,from $29/mo,https://apps.shopify.com/solution-4526
4527,Pro Inventory Solution 4527,Inventory,,,Syncs stock levels across multiple warehouses and channels., 762 ,Free,https://apps.shopify.com/solution-4527
4528,Pro Analytics Solution 4528,Analytics,,,Provides data-driven insights into sales and customer cohorts., 762 ,Free,https://apps.shopify.com/solution-4528
4529,Pro Legal Solution 4529,Legal,,,Ensures store compliance with privacy and tax regulations., 762 ,from $29/mo,https://apps.shopify.com/solution-4529
4530,Pro Subscriptions Solution 4530,Subscriptions,,,Manages recurring revenue and customer billing flows., 762 ,Free plan available,https://apps.shopify.com/solution-4530
4531,Pro Dropshipping Solution 4531,Dropshipping,,,Automates product sourcing and third-party fulfillment., 762 ,Free plan available,https://apps.shopify.com/solution-4531
4532,Pro SEO Solution 4532,SEO,,,Improves organic search visibility and website performance scores., 762 ,from $29/mo,https://apps.shopify.com/solution-4532
4533,Pro Marketing Solution 4533,Marketing,,,Automates customer communication and campaign attribution., 761 ,from $29/mo,https://apps.shopify.com/solution-4533
4534,Pro Sales Solution 4534,Sales,,,Boosts average order value with conversion-focused UI elements., 761 ,from $9.99/mo,https://apps.shopify.com/solution-4534
4535,Pro Support Solution 4535,Support,,,Centralizes customer queries into a single helpdesk interface., 761 ,Freemium,https://apps.shopify.com/solution-4535
4536,Pro Design Solution 4536,Design,,,Enhances store aesthetics with drag-and-drop themes and pages., 761 ,Free plan available,https://apps.shopify.com/solution-4536
4537,Pro Fulfillment Solution 4537,Fulfillment,,,Streamlines shipping workflows and delivery time tracking., 761 ,Free plan available,https://apps.shopify.com/solution-4537
4538,Pro Inventory Solution 4538,Inventory,,,Syncs stock levels across multiple warehouses and channels., 761 ,Free,https://apps.shopify.com/solution-4538
4539,Pro Analytics Solution 4539,Analytics,,,Provides data-driven insights into sales and customer cohorts., 761 ,Free,https://apps.shopify.com/solution-4539
4540,Pro Legal Solution 4540,Legal,,,Ensures store compliance with privacy and tax regulations., 760 ,Free,https://apps.shopify.com/solution-4540
4541,Pro Subscriptions Solution 4541,Subscriptions,,,Manages recurring revenue and customer billing flows., 760 ,Free plan available,https://apps.shopify.com/solution-4541
4542,Pro Dropshipping Solution 4542,Dropshipping,,,Automates product sourcing and third-party fulfillment., 760 ,Freemium,https://apps.shopify.com/solution-4542
4543,Pro SEO Solution 4543,SEO,,,Improves organic search visibility and website performance scores., 760 ,Free,https://apps.shopify.com/solution-4543
4544,Pro Marketing Solution 4544,Marketing,,,Automates customer communication and campaign attribution., 760 ,Freemium,https://apps.shopify.com/solution-4544
4545,Pro Sales Solution 4545,Sales,,,Boosts average order value with conversion-focused UI elements., 760 ,from $9.99/mo,https://apps.shopify.com/solution-4545
4546,Pro Support Solution 4546,Support,,,Centralizes customer queries into a single helpdesk interface., 760 ,from $29/mo,https://apps.shopify.com/solution-4546
4547,Pro Design Solution 4547,Design,,,Enhances store aesthetics with drag-and-drop themes and pages., 759 ,from $9.99/mo,https://apps.shopify.com/solution-4547
4548,Pro Fulfillment Solution 4548,Fulfillment,,,Streamlines shipping workflows and delivery time tracking., 759 ,Free plan available,https://apps.shopify.com/solution-4548
4549,Pro Inventory Solution 4549,Inventory,,,Syncs stock levels across multiple warehouses and channels., 759 ,Free plan available,https://apps.shopify.com/solution-4549
4550,Pro Analytics Solution 4550,Analytics,,,Provides data-driven insights into sales and customer cohorts., 759 ,from $9.99/mo,https://apps.shopify.com/solution-4550
4551,Pro Legal Solution 4551,Legal,,,Ensures store compliance with privacy and tax regulations., 759 ,Free,https://apps.shopify.com/solution-4551
4552,Pro Subscriptions Solution 4552,Subscriptions,,,Manages recurring revenue and customer billing flows., 759 ,Free plan available,https://apps.shopify.com/solution-4552
4553,Pro Dropshipping Solution 4553,Dropshipping,,,Automates product sourcing and third-party fulfillment., 759 ,Freemium,https://apps.shopify.com/solution-4553
4554,Pro SEO Solution 4554,SEO,,,Improves organic search visibility and website performance scores., 758 ,Freemium,https://apps.shopify.com/solution-4554
4555,Pro Marketing Solution 4555,Marketing,,,Automates customer communication and campaign attribution., 758 ,Freemium,https://apps.shopify.com/solution-4555
4556,Pro Sales Solution 4556,Sales,,,Boosts average order value with conversion-focused UI elements., 758 ,Free plan available,https://apps.shopify.com/solution-4556
4557,Pro Support Solution 4557,Support,,,Centralizes customer queries into a single helpdesk interface., 758 ,from $29/mo,https://apps.shopify.com/solution-4557
4558,Pro Design Solution 4558,Design,,,Enhances store aesthetics with drag-and-drop themes and pages., 758 ,from $9.99/mo,https://apps.shopify.com/solution-4558
4559,Pro Fulfillment Solution 4559,Fulfillment,,,Streamlines shipping workflows and delivery time tracking., 758 ,Free,https://apps.shopify.com/solution-4559
4560,Pro Inventory Solution 4560,Inventory,,,Syncs stock levels across multiple warehouses and channels., 757 ,from $29/mo,https://apps.shopify.com/solution-4560
4561,Pro Analytics Solution 4561,Analytics,,,Provides data-driven insights into sales and customer cohorts., 757 ,Free,https://apps.shopify.com/solution-4561
4562,Pro Legal Solution 4562,Legal,,,Ensures store compliance with privacy and tax regulations., 757 ,from $9.99/mo,https://apps.shopify.com/solution-4562
4563,Pro Subscriptions Solution 4563,Subscriptions,,,Manages recurring revenue and customer billing flows., 757 ,Freemium,https://apps.shopify.com/solution-4563
4564,Pro Dropshipping Solution 4564,Dropshipping,,,Automates product sourcing and third-party fulfillment., 757 ,from $9.99/mo,https://apps.shopify.com/solution-4564
4565,Pro SEO Solution 4565,SEO,,,Improves organic search visibility and website performance scores., 757 ,Freemium,https://apps.shopify.com/solution-4565
4566,Pro Marketing Solution 4566,Marketing,,,Automates customer communication and campaign attribution., 757 ,from $29/mo,https://apps.shopify.com/solution-4566
4567,Pro Sales Solution 4567,Sales,,,Boosts average order value with conversion-focused UI elements., 756 ,Free,https://apps.shopify.com/solution-4567
4568,Pro Support Solution 4568,Support,,,Centralizes customer queries into a single helpdesk interface., 756 ,Free plan available,https://apps.shopify.com/solution-4568
4569,Pro Design Solution 4569,Design,,,Enhances store aesthetics with drag-and-drop themes and pages., 756 ,Free plan available,https://apps.shopify.com/solution-4569
4570,Pro Fulfillment Solution 4570,Fulfillment,,,Streamlines shipping workflows and delivery time tracking., 756 ,Free,https://apps.shopify.com/solution-4570
4571,Pro Inventory Solution 4571,Inventory,,,Syncs stock levels across multiple warehouses and channels., 756 ,Freemium,https://apps.shopify.com/solution-4571
4572,Pro Analytics Solution 4572,Analytics,,,Provides data-driven insights into sales and customer cohorts., 756 ,from $9.99/mo,https://apps.shopify.com/solution-4572
4573,Pro Legal Solution 4573,Legal,,,Ensures store compliance with privacy and tax regulations., 756 ,from $9.99/mo,https://apps.shopify.com/solution-4573
4574,Pro Subscriptions Solution 4574,Subscriptions,,,Manages recurring revenue and customer billing flows., 755 ,Freemium,https://apps.shopify.com/solution-4574
4575,Pro Dropshipping Solution 4575,Dropshipping,,,Automates product sourcing and third-party fulfillment., 755 ,Free,https://apps.shopify.com/solution-4575
4576,Pro SEO Solution 4576,SEO,,,Improves organic search visibility and website performance scores., 755 ,from $9.99/mo,https://apps.shopify.com/solution-4576
4577,Pro Marketing Solution 4577,Marketing,,,Automates customer communication and campaign attribution., 755 ,Free,https://apps.shopify.com/solution-4577
4578,Pro Sales Solution 4578,Sales,,,Boosts average order value with conversion-focused UI elements., 755 ,from $29/mo,https://apps.shopify.com/solution-4578
4579,Pro Support Solution 4579,Support,,,Centralizes customer queries into a single helpdesk interface., 755 ,Free,https://apps.shopify.com/solution-4579
4580,Pro Design Solution 4580,Design,,,Enhances store aesthetics with drag-and-drop themes and pages., 755 ,Free,https://apps.shopify.com/solution-4580
4581,Pro Fulfillment Solution 4581,Fulfillment,,,Streamlines shipping workflows and delivery time tracking., 754 ,Free plan available,https://apps.shopify.com/solution-4581
4582,Pro Inventory Solution 4582,Inventory,,,Syncs stock levels across multiple warehouses and channels., 754 ,from $9.99/mo,https://apps.shopify.com/solution-4582
4583,Pro Analytics Solution 4583,Analytics,,,Provides data-driven insights into sales and customer cohorts., 754 ,Free plan available,https://apps.shopify.com/solution-4583
4584,Pro Legal Solution 4584,Legal,,,Ensures store compliance with privacy and tax regulations., 754 ,Free,https://apps.shopify.com/solution-4584
4585,Pro Subscriptions Solution 4585,Subscriptions,,,Manages recurring revenue and customer billing flows., 754 ,from $9.99/mo,https://apps.shopify.com/solution-4585
4586,Pro Dropshipping Solution 4586,Dropshipping,,,Automates product sourcing and third-party fulfillment., 754 ,from $9.99/mo,https://apps.shopify.com/solution-4586
4587,Pro SEO Solution 4587,SEO,,,Improves organic search visibility and website performance scores., 754 ,from $9.99/mo,https://apps.shopify.com/solution-4587
4588,Pro Marketing Solution 4588,Marketing,,,Automates customer communication and campaign attribution., 753 ,Free plan available,https://apps.shopify.com/solution-4588
4589,Pro Sales Solution 4589,Sales,,,Boosts average order value with conversion-focused UI elements., 753 ,Free,https://apps.shopify.com/solution-4589
4590,Pro Support Solution 4590,Support,,,Centralizes customer queries into a single helpdesk interface., 753 ,Free,https://apps.shopify.com/solution-4590
4591,Pro Design Solution 4591,Design,,,Enhances store aesthetics with drag-and-drop themes and pages., 753 ,Freemium,https://apps.shopify.com/solution-4591
4592,Pro Fulfillment Solution 4592,Fulfillment,,,Streamlines shipping workflows and delivery time tracking., 753 ,Free,https://apps.shopify.com/solution-4592
4593,Pro Inventory Solution 4593,Inventory,,,Syncs stock levels across multiple warehouses and channels., 753 ,Freemium,https://apps.shopify.com/solution-4593
4594,Pro Analytics Solution 4594,Analytics,,,Provides data-driven insights into sales and customer cohorts., 753 ,from $9.99/mo,https://apps.shopify.com/solution-4594
4595,Pro Legal Solution 4595,Legal,,,Ensures store compliance with privacy and tax regulations., 753 ,Free,https://apps.shopify.com/solution-4595
4596,Pro Subscriptions Solution 4596,Subscriptions,,,Manages recurring revenue and customer billing flows., 752 ,Freemium,https://apps.shopify.com/solution-4596
4597,Pro Dropshipping Solution 4597,Dropshipping,,,Automates product sourcing and third-party fulfillment., 752 ,Free,https://apps.shopify.com/solution-4597
4598,Pro SEO Solution 4598,SEO,,,Improves organic search visibility and website performance scores., 752 ,Free plan available,https://apps.shopify.com/solution-4598
4599,Pro Marketing Solution 4599,Marketing,,,Automates customer communication and campaign attribution., 752 ,Freemium,https://apps.shopify.com/solution-4599
4600,Pro Sales Solution 4600,Sales,,,Boosts average order value with conversion-focused UI elements., 752 ,from $9.99/mo,https://apps.shopify.com/solution-4600
4601,Pro Support Solution 4601,Support,,,Centralizes customer queries into a single helpdesk interface., 752 ,Free,https://apps.shopify.com/solution-4601
4602,Pro Design Solution 4602,Design,,,Enhances store aesthetics with drag-and-drop themes and pages., 752 ,Freemium,https://apps.shopify.com/solution-4602
4603,Pro Fulfillment Solution 4603,Fulfillment,,,Streamlines shipping workflows and delivery time tracking., 751 ,from $29/mo,https://apps.shopify.com/solution-4603
4604,Pro Inventory Solution 4604,Inventory,,,Syncs stock levels across multiple warehouses and channels., 751 ,Freemium,https://apps.shopify.com/solution-4604
4605,Pro Analytics Solution 4605,Analytics,,,Provides data-driven insights into sales and customer cohorts., 751 ,from $29/mo,https://apps.shopify.com/solution-4605
4606,Pro Legal Solution 4606,Legal,,,Ensures store compliance with privacy and tax regulations., 751 ,Free,https://apps.shopify.com/solution-4606
4607,Pro Subscriptions Solution 4607,Subscriptions,,,Manages recurring revenue and customer billing flows., 751 ,Free plan available,https://apps.shopify.com/solution-4607
4608,Pro Dropshipping Solution 4608,Dropshipping,,,Automates product sourcing and third-party fulfillment., 751 ,Free,https://apps.shopify.com/solution-4608
4609,Pro SEO Solution 4609,SEO,,,Improves organic search visibility and website performance scores., 751 ,from $9.99/mo,https://apps.shopify.com/solution-4609
4610,Pro Marketing Solution 4610,Marketing,,,Automates customer communication and campaign attribution., 750 ,from $29/mo,https://apps.shopify.com/solution-4610
4611,Pro Sales Solution 4611,Sales,,,Boosts average order value with conversion-focused UI elements., 750 ,Free plan available,https://apps.shopify.com/solution-4611
4612,Pro Support Solution 4612,Support,,,Centralizes customer queries into a single helpdesk interface., 750 ,Freemium,https://apps.shopify.com/solution-4612
4613,Pro Design Solution 4613,Design,,,Enhances store aesthetics with drag-and-drop themes and pages., 750 ,Free plan available,https://apps.shopify.com/solution-4613
4614,Pro Fulfillment Solution 4614,Fulfillment,,,Streamlines shipping workflows and delivery time tracking., 750 ,from $9.99/mo,https://apps.shopify.com/solution-4614
4615,Pro Inventory Solution 4615,Inventory,,,Syncs stock levels across multiple warehouses and channels., 750 ,from $29/mo,https://apps.shopify.com/solution-4615
4616,Pro Analytics Solution 4616,Analytics,,,Provides data-driven insights into sales and customer cohorts., 750 ,Free plan available,https://apps.shopify.com/solution-4616
4617,Pro Legal Solution 4617,Legal,,,Ensures store compliance with privacy and tax regulations., 749 ,Freemium,https://apps.shopify.com/solution-4617
4618,Pro Subscriptions Solution 4618,Subscriptions,,,Manages recurring revenue and customer billing flows., 749 ,from $29/mo,https://apps.shopify.com/solution-4618
4619,Pro Dropshipping Solution 4619,Dropshipping,,,Automates product sourcing and third-party fulfillment., 749 ,Free,https://apps.shopify.com/solution-4619
4620,Pro SEO Solution 4620,SEO,,,Improves organic search visibility and website performance scores., 749 ,from $29/mo,https://apps.shopify.com/solution-4620
4621,Pro Marketing Solution 4621,Marketing,,,Automates customer communication and campaign attribution., 749 ,Freemium,https://apps.shopify.com/solution-4621
4622,Pro Sales Solution 4622,Sales,,,Boosts average order value with conversion-focused UI elements., 749 ,from $9.99/mo,https://apps.shopify.com/solution-4622
4623,Pro Support Solution 4623,Support,,,Centralizes customer queries into a single helpdesk interface., 749 ,from $9.99/mo,https://apps.shopify.com/solution-4623
4624,Pro Design Solution 4624,Design,,,Enhances store aesthetics with drag-and-drop themes and pages., 748 ,Free,https://apps.shopify.com/solution-4624
4625,Pro Fulfillment Solution 4625,Fulfillment,,,Streamlines shipping workflows and delivery time tracking., 748 ,Free plan available,https://apps.shopify.com/solution-4625
4626,Pro Inventory Solution 4626,Inventory,,,Syncs stock levels across multiple warehouses and channels., 748 ,Free,https://apps.shopify.com/solution-4626
4627,Pro Analytics Solution 4627,Analytics,,,Provides data-driven insights into sales and customer cohorts., 748 ,Free,https://apps.shopify.com/solution-4627
4628,Pro Legal Solution 4628,Legal,,,Ensures store compliance with privacy and tax regulations., 748 ,Free plan available,https://apps.shopify.com/solution-4628
4629,Pro Subscriptions Solution 4629,Subscriptions,,,Manages recurring revenue and customer billing flows., 748 ,from $29/mo,https://apps.shopify.com/solution-4629
4630,Pro Dropshipping Solution 4630,Dropshipping,,,Automates product sourcing and third-party fulfillment., 748 ,Free,https://apps.shopify.com/solution-4630
4631,Pro SEO Solution 4631,SEO,,,Improves organic search visibility and website performance scores., 747 ,Free plan available,https://apps.shopify.com/solution-4631
4632,Pro Marketing Solution 4632,Marketing,,,Automates customer communication and campaign attribution., 747 ,from $29/mo,https://apps.shopify.com/solution-4632
4633,Pro Sales Solution 4633,Sales,,,Boosts average order value with conversion-focused UI elements., 747 ,from $9.99/mo,https://apps.shopify.com/solution-4633
4634,Pro Support Solution 4634,Support,,,Centralizes customer queries into a single helpdesk interface., 747 ,from $29/mo,https://apps.shopify.com/solution-4634
4635,Pro Design Solution 4635,Design,,,Enhances store aesthetics with drag-and-drop themes and pages., 747 ,Freemium,https://apps.shopify.com/solution-4635
4636,Pro Fulfillment Solution 4636,Fulfillment,,,Streamlines shipping workflows and delivery time tracking., 747 ,Free plan available,https://apps.shopify.com/solution-4636
4637,Pro Inventory Solution 4637,Inventory,,,Syncs stock levels across multiple warehouses and channels., 747 ,Free plan available,https://apps.shopify.com/solution-4637
4638,Pro Analytics Solution 4638,Analytics,,,Provides data-driven insights into sales and customer cohorts., 746 ,from $29/mo,https://apps.shopify.com/solution-4638
4639,Pro Legal Solution 4639,Legal,,,Ensures store compliance with privacy and tax regulations., 746 ,Freemium,https://apps.shopify.com/solution-4639
4640,Pro Subscriptions Solution 4640,Subscriptions,,,Manages recurring revenue and customer billing flows., 746 ,Freemium,https://apps.shopify.com/solution-4640
4641,Pro Dropshipping Solution 4641,Dropshipping,,,Automates product sourcing and third-party fulfillment., 746 ,Free plan available,https://apps.shopify.com/solution-4641
4642,Pro SEO Solution 4642,SEO,,,Improves organic search visibility and website performance scores., 746 ,Freemium,https://apps.shopify.com/solution-4642
4643,Pro Marketing Solution 4643,Marketing,,,Automates customer communication and campaign attribution., 746 ,Freemium,https://apps.shopify.com/solution-4643
4644,Pro Sales Solution 4644,Sales,,,Boosts average order value with conversion-focused UI elements., 746 ,from $29/mo,https://apps.shopify.com/solution-4644
4645,Pro Support Solution 4645,Support,,,Centralizes customer queries into a single helpdesk interface., 745 ,Freemium,https://apps.shopify.com/solution-4645
4646,Pro Design Solution 4646,Design,,,Enhances store aesthetics with drag-and-drop themes and pages., 745 ,Free,https://apps.shopify.com/solution-4646
4647,Pro Fulfillment Solution 4647,Fulfillment,,,Streamlines shipping workflows and delivery time tracking., 745 ,Free,https://apps.shopify.com/solution-4647
4648,Pro Inventory Solution 4648,Inventory,,,Syncs stock levels across multiple warehouses and channels., 745 ,Freemium,https://apps.shopify.com/solution-4648
4649,Pro Analytics Solution 4649,Analytics,,,Provides data-driven insights into sales and customer cohorts., 745 ,Free plan available,https://apps.shopify.com/solution-4649
4650,Pro Legal Solution 4650,Legal,,,Ensures store compliance with privacy and tax regulations., 745 ,Free,https://apps.shopify.com/solution-4650
4651,Pro Subscriptions Solution 4651,Subscriptions,,,Manages recurring revenue and customer billing flows., 745 ,from $9.99/mo,https://apps.shopify.com/solution-4651
4652,Pro Dropshipping Solution 4652,Dropshipping,,,Automates product sourcing and third-party fulfillment., 745 ,Free plan available,https://apps.shopify.com/solution-4652
4653,Pro SEO Solution 4653,SEO,,,Improves organic search visibility and website performance scores., 744 ,from $9.99/mo,https://apps.shopify.com/solution-4653
4654,Pro Marketing Solution 4654,Marketing,,,Automates customer communication and campaign attribution., 744 ,from $9.99/mo,https://apps.shopify.com/solution-4654
4655,Pro Sales Solution 4655,Sales,,,Boosts average order value with conversion-focused UI elements., 744 ,Free plan available,https://apps.shopify.com/solution-4655
4656,Pro Support Solution 4656,Support,,,Centralizes customer queries into a single helpdesk interface., 744 ,Free,https://apps.shopify.com/solution-4656
4657,Pro Design Solution 4657,Design,,,Enhances store aesthetics with drag-and-drop themes and pages., 744 ,from $29/mo,https://apps.shopify.com/solution-4657
4658,Pro Fulfillment Solution 4658,Fulfillment,,,Streamlines shipping workflows and delivery time tracking., 744 ,Free,https://apps.shopify.com/solution-4658
4659,Pro Inventory Solution 4659,Inventory,,,Syncs stock levels across multiple warehouses and channels., 744 ,from $29/mo,https://apps.shopify.com/solution-4659
4660,Pro Analytics Solution 4660,Analytics,,,Provides data-driven insights into sales and customer cohorts., 743 ,Free plan available,https://apps.shopify.com/solution-4660
4661,Pro Legal Solution 4661,Legal,,,Ensures store compliance with privacy and tax regulations., 743 ,from $9.99/mo,https://apps.shopify.com/solution-4661
4662,Pro Subscriptions Solution 4662,Subscriptions,,,Manages recurring revenue and customer billing flows., 743 ,from $29/mo,https://apps.shopify.com/solution-4662
4663,Pro Dropshipping Solution 4663,Dropshipping,,,Automates product sourcing and third-party fulfillment., 743 ,Free plan available,https://apps.shopify.com/solution-4663
4664,Pro SEO Solution 4664,SEO,,,Improves organic search visibility and website performance scores., 743 ,Freemium,https://apps.shopify.com/solution-4664
4665,Pro Marketing Solution 4665,Marketing,,,Automates customer communication and campaign attribution., 743 ,Free plan available,https://apps.shopify.com/solution-4665
4666,Pro Sales Solution 4666,Sales,,,Boosts average order value with conversion-focused UI elements., 743 ,from $29/mo,https://apps.shopify.com/solution-4666
4667,Pro Support Solution 4667,Support,,,Centralizes customer queries into a single helpdesk interface., 742 ,from $9.99/mo,https://apps.shopify.com/solution-4667
4668,Pro Design Solution 4668,Design,,,Enhances store aesthetics with drag-and-drop themes and pages., 742 ,Freemium,https://apps.shopify.com/solution-4668
4669,Pro Fulfillment Solution 4669,Fulfillment,,,Streamlines shipping workflows and delivery time tracking., 742 ,from $29/mo,https://apps.shopify.com/solution-4669
4670,Pro Inventory Solution 4670,Inventory,,,Syncs stock levels across multiple warehouses and channels., 742 ,Free,https://apps.shopify.com/solution-4670
4671,Pro Analytics Solution 4671,Analytics,,,Provides data-driven insights into sales and customer cohorts., 742 ,from $9.99/mo,https://apps.shopify.com/solution-4671
4672,Pro Legal Solution 4672,Legal,,,Ensures store compliance with privacy and tax regulations., 742 ,Free plan available,https://apps.shopify.com/solution-4672
4673,Pro Subscriptions Solution 4673,Subscriptions,,,Manages recurring revenue and customer billing flows., 742 ,Free,https://apps.shopify.com/solution-4673
4674,Pro Dropshipping Solution 4674,Dropshipping,,,Automates product sourcing and third-party fulfillment., 741 ,Freemium,https://apps.shopify.com/solution-4674
4675,Pro SEO Solution 4675,SEO,,,Improves organic search visibility and website performance scores., 741 ,Free,https://apps.shopify.com/solution-4675
4676,Pro Marketing Solution 4676,Marketing,,,Automates customer communication and campaign attribution., 741 ,from $29/mo,https://apps.shopify.com/solution-4676
4677,Pro Sales Solution 4677,Sales,,,Boosts average order value with conversion-focused UI elements., 741 ,from $9.99/mo,https://apps.shopify.com/solution-4677
4678,Pro Support Solution 4678,Support,,,Centralizes customer queries into a single helpdesk interface., 741 ,from $29/mo,https://apps.shopify.com/solution-4678
4679,Pro Design Solution 4679,Design,,,Enhances store aesthetics with drag-and-drop themes and pages., 741 ,from $29/mo,https://apps.shopify.com/solution-4679
4680,Pro Fulfillment Solution 4680,Fulfillment,,,Streamlines shipping workflows and delivery time tracking., 741 ,Free plan available,https://apps.shopify.com/solution-4680
4681,Pro Inventory Solution 4681,Inventory,,,Syncs stock levels across multiple warehouses and channels., 741 ,Free plan available,https://apps.shopify.com/solution-4681
4682,Pro Analytics Solution 4682,Analytics,,,Provides data-driven insights into sales and customer cohorts., 740 ,Freemium,https://apps.shopify.com/solution-4682
4683,Pro Legal Solution 4683,Legal,,,Ensures store compliance with privacy and tax regulations., 740 ,from $29/mo,https://apps.shopify.com/solution-4683
4684,Pro Subscriptions Solution 4684,Subscriptions,,,Manages recurring revenue and customer billing flows., 740 ,Free,https://apps.shopify.com/solution-4684
4685,Pro Dropshipping Solution 4685,Dropshipping,,,Automates product sourcing and third-party fulfillment., 740 ,from $9.99/mo,https://apps.shopify.com/solution-4685
4686,Pro SEO Solution 4686,SEO,,,Improves organic search visibility and website performance scores., 740 ,Free plan available,https://apps.shopify.com/solution-4686
4687,Pro Marketing Solution 4687,Marketing,,,Automates customer communication and campaign attribution., 740 ,from $29/mo,https://apps.shopify.com/solution-4687
4688,Pro Sales Solution 4688,Sales,,,Boosts average order value with conversion-focused UI elements., 740 ,Free,https://apps.shopify.com/solution-4688
4689,Pro Support Solution 4689,Support,,,Centralizes customer queries into a single helpdesk interface., 739 ,Free,https://apps.shopify.com/solution-4689
4690,Pro Design Solution 4690,Design,,,Enhances store aesthetics with drag-and-drop themes and pages., 739 ,Freemium,https://apps.shopify.com/solution-4690
4691,Pro Fulfillment Solution 4691,Fulfillment,,,Streamlines shipping workflows and delivery time tracking., 739 ,Free plan available,https://apps.shopify.com/solution-4691
4692,Pro Inventory Solution 4692,Inventory,,,Syncs stock levels across multiple warehouses and channels., 739 ,Free,https://apps.shopify.com/solution-4692
4693,Pro Analytics Solution 4693,Analytics,,,Provides data-driven insights into sales and customer cohorts., 739 ,Freemium,https://apps.shopify.com/solution-4693
4694,Pro Legal Solution 4694,Legal,,,Ensures store compliance with privacy and tax regulations., 739 ,Freemium,https://apps.shopify.com/solution-4694
4695,Pro Subscriptions Solution 4695,Subscriptions,,,Manages recurring revenue and customer billing flows., 739 ,from $29/mo,https://apps.shopify.com/solution-4695
4696,Pro Dropshipping Solution 4696,Dropshipping,,,Automates product sourcing and third-party fulfillment., 738 ,Free,https://apps.shopify.com/solution-4696
4697,Pro SEO Solution 4697,SEO,,,Improves organic search visibility and website performance scores., 738 ,from $29/mo,https://apps.shopify.com/solution-4697
4698,Pro Marketing Solution 4698,Marketing,,,Automates customer communication and campaign attribution., 738 ,Free,https://apps.shopify.com/solution-4698
4699,Pro Sales Solution 4699,Sales,,,Boosts average order value with conversion-focused UI elements., 738 ,Free plan available,https://apps.shopify.com/solution-4699
4700,Pro Support Solution 4700,Support,,,Centralizes customer queries into a single helpdesk interface., 738 ,from $9.99/mo,https://apps.shopify.com/solution-4700
4701,Pro Design Solution 4701,Design,,,Enhances store aesthetics with drag-and-drop themes and pages., 738 ,Free,https://apps.shopify.com/solution-4701
4702,Pro Fulfillment Solution 4702,Fulfillment,,,Streamlines shipping workflows and delivery time tracking., 738 ,Free plan available,https://apps.shopify.com/solution-4702
4703,Pro Inventory Solution 4703,Inventory,,,Syncs stock levels across multiple warehouses and channels., 738 ,Free plan available,https://apps.shopify.com/solution-4703
4704,Pro Analytics Solution 4704,Analytics,,,Provides data-driven insights into sales and customer cohorts., 737 ,Free,https://apps.shopify.com/solution-4704
4705,Pro Legal Solution 4705,Legal,,,Ensures store compliance with privacy and tax regulations., 737 ,Free,https://apps.shopify.com/solution-4705
4706,Pro Subscriptions Solution 4706,Subscriptions,,,Manages recurring revenue and customer billing flows., 737 ,Freemium,https://apps.shopify.com/solution-4706
4707,Pro Dropshipping Solution 4707,Dropshipping,,,Automates product sourcing and third-party fulfillment., 737 ,from $9.99/mo,https://apps.shopify.com/solution-4707
4708,Pro SEO Solution 4708,SEO,,,Improves organic search visibility and website performance scores., 737 ,from $29/mo,https://apps.shopify.com/solution-4708
4709,Pro Marketing Solution 4709,Marketing,,,Automates customer communication and campaign attribution., 737 ,Free plan available,https://apps.shopify.com/solution-4709
4710,Pro Sales Solution 4710,Sales,,,Boosts average order value with conversion-focused UI elements., 737 ,Free plan available,https://apps.shopify.com/solution-4710
4711,Pro Support Solution 4711,Support,,,Centralizes customer queries into a single helpdesk interface., 736 ,Free plan available,https://apps.shopify.com/solution-4711
4712,Pro Design Solution 4712,Design,,,Enhances store aesthetics with drag-and-drop themes and pages., 736 ,Free,https://apps.shopify.com/solution-4712
4713,Pro Fulfillment Solution 4713,Fulfillment,,,Streamlines shipping workflows and delivery time tracking., 736 ,from $29/mo,https://apps.shopify.com/solution-4713
4714,Pro Inventory Solution 4714,Inventory,,,Syncs stock levels across multiple warehouses and channels., 736 ,Freemium,https://apps.shopify.com/solution-4714
4715,Pro Analytics Solution 4715,Analytics,,,Provides data-driven insights into sales and customer cohorts., 736 ,from $29/mo,https://apps.shopify.com/solution-4715
4716,Pro Legal Solution 4716,Legal,,,Ensures store compliance with privacy and tax regulations., 736 ,Free,https://apps.shopify.com/solution-4716
4717,Pro Subscriptions Solution 4717,Subscriptions,,,Manages recurring revenue and customer billing flows., 736 ,from $29/mo,https://apps.shopify.com/solution-4717
4718,Pro Dropshipping Solution 4718,Dropshipping,,,Automates product sourcing and third-party fulfillment., 736 ,Freemium,https://apps.shopify.com/solution-4718
4719,Pro SEO Solution 4719,SEO,,,Improves organic search visibility and website performance scores., 735 ,Freemium,https://apps.shopify.com/solution-4719
4720,Pro Marketing Solution 4720,Marketing,,,Automates customer communication and campaign attribution., 735 ,Free plan available,https://apps.shopify.com/solution-4720
4721,Pro Sales Solution 4721,Sales,,,Boosts average order value with conversion-focused UI elements., 735 ,Freemium,https://apps.shopify.com/solution-4721
4722,Pro Support Solution 4722,Support,,,Centralizes customer queries into a single helpdesk interface., 735 ,from $29/mo,https://apps.shopify.com/solution-4722
4723,Pro Design Solution 4723,Design,,,Enhances store aesthetics with drag-and-drop themes and pages., 735 ,Free,https://apps.shopify.com/solution-4723
4724,Pro Fulfillment Solution 4724,Fulfillment,,,Streamlines shipping workflows and delivery time tracking., 735 ,Free plan available,https://apps.shopify.com/solution-4724
4725,Pro Inventory Solution 4725,Inventory,,,Syncs stock levels across multiple warehouses and channels., 735 ,from $9.99/mo,https://apps.shopify.com/solution-4725
4726,Pro Analytics Solution 4726,Analytics,,,Provides data-driven insights into sales and customer cohorts., 734 ,Free,https://apps.shopify.com/solution-4726
4727,Pro Legal Solution 4727,Legal,,,Ensures store compliance with privacy and tax regulations., 734 ,from $9.99/mo,https://apps.shopify.com/solution-4727
4728,Pro Subscriptions Solution 4728,Subscriptions,,,Manages recurring revenue and customer billing flows., 734 ,Free,https://apps.shopify.com/solution-4728
4729,Pro Dropshipping Solution 4729,Dropshipping,,,Automates product sourcing and third-party fulfillment., 734 ,Free plan available,https://apps.shopify.com/solution-4729
4730,Pro SEO Solution 4730,SEO,,,Improves organic search visibility and website performance scores., 734 ,Free plan available,https://apps.shopify.com/solution-4730
4731,Pro Marketing Solution 4731,Marketing,,,Automates customer communication and campaign attribution., 734 ,Free,https://apps.shopify.com/solution-4731
4732,Pro Sales Solution 4732,Sales,,,Boosts average order value with conversion-focused UI elements., 734 ,Free,https://apps.shopify.com/solution-4732
4733,Pro Support Solution 4733,Support,,,Centralizes customer queries into a single helpdesk interface., 733 ,Free,https://apps.shopify.com/solution-4733
4734,Pro Design Solution 4734,Design,,,Enhances store aesthetics with drag-and-drop themes and pages., 733 ,from $9.99/mo,https://apps.shopify.com/solution-4734
4735,Pro Fulfillment Solution 4735,Fulfillment,,,Streamlines shipping workflows and delivery time tracking., 733 ,Free,https://apps.shopify.com/solution-4735
4736,Pro Inventory Solution 4736,Inventory,,,Syncs stock levels across multiple warehouses and channels., 733 ,from $29/mo,https://apps.shopify.com/solution-4736
4737,Pro Analytics Solution 4737,Analytics,,,Provides data-driven insights into sales and customer cohorts., 733 ,Free,https://apps.shopify.com/solution-4737
4738,Pro Legal Solution 4738,Legal,,,Ensures store compliance with privacy and tax regulations., 733 ,Freemium,https://apps.shopify.com/solution-4738
4739,Pro Subscriptions Solution 4739,Subscriptions,,,Manages recurring revenue and customer billing flows., 733 ,from $29/mo,https://apps.shopify.com/solution-4739
4740,Pro Dropshipping Solution 4740,Dropshipping,,,Automates product sourcing and third-party fulfillment., 733 ,Free,https://apps.shopify.com/solution-4740
4741,Pro SEO Solution 4741,SEO,,,Improves organic search visibility and website performance scores., 732 ,from $9.99/mo,https://apps.shopify.com/solution-4741
4742,Pro Marketing Solution 4742,Marketing,,,Automates customer communication and campaign attribution., 732 ,from $29/mo,https://apps.shopify.com/solution-4742
4743,Pro Sales Solution 4743,Sales,,,Boosts average order value with conversion-focused UI elements., 732 ,from $29/mo,https://apps.shopify.com/solution-4743
4744,Pro Support Solution 4744,Support,,,Centralizes customer queries into a single helpdesk interface., 732 ,Freemium,https://apps.shopify.com/solution-4744
4745,Pro Design Solution 4745,Design,,,Enhances store aesthetics with drag-and-drop themes and pages., 732 ,Free plan available,https://apps.shopify.com/solution-4745
4746,Pro Fulfillment Solution 4746,Fulfillment,,,Streamlines shipping workflows and delivery time tracking., 732 ,Freemium,https://apps.shopify.com/solution-4746
4747,Pro Inventory Solution 4747,Inventory,,,Syncs stock levels across multiple warehouses and channels., 732 ,Free,https://apps.shopify.com/solution-4747
4748,Pro Analytics Solution 4748,Analytics,,,Provides data-driven insights into sales and customer cohorts., 731 ,Free plan available,https://apps.shopify.com/solution-4748
4749,Pro Legal Solution 4749,Legal,,,Ensures store compliance with privacy and tax regulations., 731 ,Free plan available,https://apps.shopify.com/solution-4749
4750,Pro Subscriptions Solution 4750,Subscriptions,,,Manages recurring revenue and customer billing flows., 731 ,from $9.99/mo,https://apps.shopify.com/solution-4750
4751,Pro Dropshipping Solution 4751,Dropshipping,,,Automates product sourcing and third-party fulfillment., 731 ,Freemium,https://apps.shopify.com/solution-4751
4752,Pro SEO Solution 4752,SEO,,,Improves organic search visibility and website performance scores., 731 ,Free,https://apps.shopify.com/solution-4752
4753,Pro Marketing Solution 4753,Marketing,,,Automates customer communication and campaign attribution., 731 ,Free,https://apps.shopify.com/solution-4753
4754,Pro Sales Solution 4754,Sales,,,Boosts average order value with conversion-focused UI elements., 731 ,from $9.99/mo,https://apps.shopify.com/solution-4754
4755,Pro Support Solution 4755,Support,,,Centralizes customer queries into a single helpdesk interface., 731 ,Freemium,https://apps.shopify.com/solution-4755
4756,Pro Design Solution 4756,Design,,,Enhances store aesthetics with drag-and-drop themes and pages., 730 ,from $29/mo,https://apps.shopify.com/solution-4756
4757,Pro Fulfillment Solution 4757,Fulfillment,,,Streamlines shipping workflows and delivery time tracking., 730 ,from $9.99/mo,https://apps.shopify.com/solution-4757
4758,Pro Inventory Solution 4758,Inventory,,,Syncs stock levels across multiple warehouses and channels., 730 ,Freemium,https://apps.shopify.com/solution-4758
4759,Pro Analytics Solution 4759,Analytics,,,Provides data-driven insights into sales and customer cohorts., 730 ,Free plan available,https://apps.shopify.com/solution-4759
4760,Pro Legal Solution 4760,Legal,,,Ensures store compliance with privacy and tax regulations., 730 ,Freemium,https://apps.shopify.com/solution-4760
4761,Pro Subscriptions Solution 4761,Subscriptions,,,Manages recurring revenue and customer billing flows., 730 ,from $29/mo,https://apps.shopify.com/solution-4761
4762,Pro Dropshipping Solution 4762,Dropshipping,,,Automates product sourcing and third-party fulfillment., 730 ,Freemium,https://apps.shopify.com/solution-4762
4763,Pro SEO Solution 4763,SEO,,,Improves organic search visibility and website performance scores., 729 ,Free plan available,https://apps.shopify.com/solution-4763
4764,Pro Marketing Solution 4764,Marketing,,,Automates customer communication and campaign attribution., 729 ,Free,https://apps.shopify.com/solution-4764
4765,Pro Sales Solution 4765,Sales,,,Boosts average order value with conversion-focused UI elements., 729 ,from $9.99/mo,https://apps.shopify.com/solution-4765
4766,Pro Support Solution 4766,Support,,,Centralizes customer queries into a single helpdesk interface., 729 ,Freemium,https://apps.shopify.com/solution-4766
4767,Pro Design Solution 4767,Design,,,Enhances store aesthetics with drag-and-drop themes and pages., 729 ,Free plan available,https://apps.shopify.com/solution-4767
4768,Pro Fulfillment Solution 4768,Fulfillment,,,Streamlines shipping workflows and delivery time tracking., 729 ,from $9.99/mo,https://apps.shopify.com/solution-4768
4769,Pro Inventory Solution 4769,Inventory,,,Syncs stock levels across multiple warehouses and channels., 729 ,Freemium,https://apps.shopify.com/solution-4769
4770,Pro Analytics Solution 4770,Analytics,,,Provides data-driven insights into sales and customer cohorts., 729 ,from $9.99/mo,https://apps.shopify.com/solution-4770
4771,Pro Legal Solution 4771,Legal,,,Ensures store compliance with privacy and tax regulations., 728 ,Free,https://apps.shopify.com/solution-4771
4772,Pro Subscriptions Solution 4772,Subscriptions,,,Manages recurring revenue and customer billing flows., 728 ,from $9.99/mo,https://apps.shopify.com/solution-4772
4773,Pro Dropshipping Solution 4773,Dropshipping,,,Automates product sourcing and third-party fulfillment., 728 ,from $29/mo,https://apps.shopify.com/solution-4773
4774,Pro SEO Solution 4774,SEO,,,Improves organic search visibility and website performance scores., 728 ,Free plan available,https://apps.shopify.com/solution-4774
4775,Pro Marketing Solution 4775,Marketing,,,Automates customer communication and campaign attribution., 728 ,from $29/mo,https://apps.shopify.com/solution-4775
4776,Pro Sales Solution 4776,Sales,,,Boosts average order value with conversion-focused UI elements., 728 ,from $29/mo,https://apps.shopify.com/solution-4776
4777,Pro Support Solution 4777,Support,,,Centralizes customer queries into a single helpdesk interface., 728 ,Free plan available,https://apps.shopify.com/solution-4777
4778,Pro Design Solution 4778,Design,,,Enhances store aesthetics with drag-and-drop themes and pages., 728 ,Free,https://apps.shopify.com/solution-4778
4779,Pro Fulfillment Solution 4779,Fulfillment,,,Streamlines shipping workflows and delivery time tracking., 727 ,Free plan available,https://apps.shopify.com/solution-4779
4780,Pro Inventory Solution 4780,Inventory,,,Syncs stock levels across multiple warehouses and channels., 727 ,from $9.99/mo,https://apps.shopify.com/solution-4780
4781,Pro Analytics Solution 4781,Analytics,,,Provides data-driven insights into sales and customer cohorts., 727 ,from $29/mo,https://apps.shopify.com/solution-4781
4782,Pro Legal Solution 4782,Legal,,,Ensures store compliance with privacy and tax regulations., 727 ,Free,https://apps.shopify.com/solution-4782
4783,Pro Subscriptions Solution 4783,Subscriptions,,,Manages recurring revenue and customer billing flows., 727 ,Free plan available,https://apps.shopify.com/solution-4783
4784,Pro Dropshipping Solution 4784,Dropshipping,,,Automates product sourcing and third-party fulfillment., 727 ,from $9.99/mo,https://apps.shopify.com/solution-4784
4785,Pro SEO Solution 4785,SEO,,,Improves organic search visibility and website performance scores., 727 ,Free plan available,https://apps.shopify.com/solution-4785
4786,Pro Marketing Solution 4786,Marketing,,,Automates customer communication and campaign attribution., 726 ,from $29/mo,https://apps.shopify.com/solution-4786
4787,Pro Sales Solution 4787,Sales,,,Boosts average order value with conversion-focused UI elements., 726 ,from $9.99/mo,https://apps.shopify.com/solution-4787
4788,Pro Support Solution 4788,Support,,,Centralizes customer queries into a single helpdesk interface., 726 ,Free,https://apps.shopify.com/solution-4788
4789,Pro Design Solution 4789,Design,,,Enhances store aesthetics with drag-and-drop themes and pages., 726 ,Free plan available,https://apps.shopify.com/solution-4789
4790,Pro Fulfillment Solution 4790,Fulfillment,,,Streamlines shipping workflows and delivery time tracking., 726 ,Freemium,https://apps.shopify.com/solution-4790
4791,Pro Inventory Solution 4791,Inventory,,,Syncs stock levels across multiple warehouses and channels., 726 ,from $29/mo,https://apps.shopify.com/solution-4791
4792,Pro Analytics Solution 4792,Analytics,,,Provides data-driven insights into sales and customer cohorts., 726 ,from $29/mo,https://apps.shopify.com/solution-4792
4793,Pro Legal Solution 4793,Legal,,,Ensures store compliance with privacy and tax regulations., 726 ,Free plan available,https://apps.shopify.com/solution-4793
4794,Pro Subscriptions Solution 4794,Subscriptions,,,Manages recurring revenue and customer billing flows., 725 ,Free plan available,https://apps.shopify.com/solution-4794
4795,Pro Dropshipping Solution 4795,Dropshipping,,,Automates product sourcing and third-party fulfillment., 725 ,Free plan available,https://apps.shopify.com/solution-4795
4796,Pro SEO Solution 4796,SEO,,,Improves organic search visibility and website performance scores., 725 ,from $29/mo,https://apps.shopify.com/solution-4796
4797,Pro Marketing Solution 4797,Marketing,,,Automates customer communication and campaign attribution., 725 ,Free plan available,https://apps.shopify.com/solution-4797
4798,Pro Sales Solution 4798,Sales,,,Boosts average order value with conversion-focused UI elements., 725 ,from $9.99/mo,https://apps.shopify.com/solution-4798
4799,Pro Support Solution 4799,Support,,,Centralizes customer queries into a single helpdesk interface., 725 ,Free plan available,https://apps.shopify.com/solution-4799
4800,Pro Design Solution 4800,Design,,,Enhances store aesthetics with drag-and-drop themes and pages., 725 ,Free,https://apps.shopify.com/solution-4800
4801,Pro Fulfillment Solution 4801,Fulfillment,,,Streamlines shipping workflows and delivery time tracking., 725 ,Free plan available,https://apps.shopify.com/solution-4801
4802,Pro Inventory Solution 4802,Inventory,,,Syncs stock levels across multiple warehouses and channels., 724 ,Free plan available,https://apps.shopify.com/solution-4802
4803,Pro Analytics Solution 4803,Analytics,,,Provides data-driven insights into sales and customer cohorts., 724 ,Free plan available,https://apps.shopify.com/solution-4803
4804,Pro Legal Solution 4804,Legal,,,Ensures store compliance with privacy and tax regulations., 724 ,Free,https://apps.shopify.com/solution-4804
4805,Pro Subscriptions Solution 4805,Subscriptions,,,Manages recurring revenue and customer billing flows., 724 ,Freemium,https://apps.shopify.com/solution-4805
4806,Pro Dropshipping Solution 4806,Dropshipping,,,Automates product sourcing and third-party fulfillment., 724 ,from $29/mo,https://apps.shopify.com/solution-4806
4807,Pro SEO Solution 4807,SEO,,,Improves organic search visibility and website performance scores., 724 ,Freemium,https://apps.shopify.com/solution-4807
4808,Pro Marketing Solution 4808,Marketing,,,Automates customer communication and campaign attribution., 724 ,from $29/mo,https://apps.shopify.com/solution-4808
4809,Pro Sales Solution 4809,Sales,,,Boosts average order value with conversion-focused UI elements., 723 ,from $9.99/mo,https://apps.shopify.com/solution-4809
4810,Pro Support Solution 4810,Support,,,Centralizes customer queries into a single helpdesk interface., 723 ,Free plan available,https://apps.shopify.com/solution-4810
4811,Pro Design Solution 4811,Design,,,Enhances store aesthetics with drag-and-drop themes and pages., 723 ,Free plan available,https://apps.shopify.com/solution-4811
4812,Pro Fulfillment Solution 4812,Fulfillment,,,Streamlines shipping workflows and delivery time tracking., 723 ,Free plan available,https://apps.shopify.com/solution-4812
4813,Pro Inventory Solution 4813,Inventory,,,Syncs stock levels across multiple warehouses and channels., 723 ,from $29/mo,https://apps.shopify.com/solution-4813
4814,Pro Analytics Solution 4814,Analytics,,,Provides data-driven insights into sales and customer cohorts., 723 ,from $9.99/mo,https://apps.shopify.com/solution-4814
4815,Pro Legal Solution 4815,Legal,,,Ensures store compliance with privacy and tax regulations., 723 ,Free,https://apps.shopify.com/solution-4815
4816,Pro Subscriptions Solution 4816,Subscriptions,,,Manages recurring revenue and customer billing flows., 723 ,Free,https://apps.shopify.com/solution-4816
4817,Pro Dropshipping Solution 4817,Dropshipping,,,Automates product sourcing and third-party fulfillment., 722 ,from $29/mo,https://apps.shopify.com/solution-4817
4818,Pro SEO Solution 4818,SEO,,,Improves organic search visibility and website performance scores., 722 ,Free plan available,https://apps.shopify.com/solution-4818
4819,Pro Marketing Solution 4819,Marketing,,,Automates customer communication and campaign attribution., 722 ,Freemium,https://apps.shopify.com/solution-4819
4820,Pro Sales Solution 4820,Sales,,,Boosts average order value with conversion-focused UI elements., 722 ,from $29/mo,https://apps.shopify.com/solution-4820
4821,Pro Support Solution 4821,Support,,,Centralizes customer queries into a single helpdesk interface., 722 ,from $9.99/mo,https://apps.shopify.com/solution-4821
4822,Pro Design Solution 4822,Design,,,Enhances store aesthetics with drag-and-drop themes and pages., 722 ,from $9.99/mo,https://apps.shopify.com/solution-4822
4823,Pro Fulfillment Solution 4823,Fulfillment,,,Streamlines shipping workflows and delivery time tracking., 722 ,Freemium,https://apps.shopify.com/solution-4823
4824,Pro Inventory Solution 4824,Inventory,,,Syncs stock levels across multiple warehouses and channels., 722 ,Free,https://apps.shopify.com/solution-4824
4825,Pro Analytics Solution 4825,Analytics,,,Provides data-driven insights into sales and customer cohorts., 721 ,Free plan available,https://apps.shopify.com/solution-4825
4826,Pro Legal Solution 4826,Legal,,,Ensures store compliance with privacy and tax regulations., 721 ,from $9.99/mo,https://apps.shopify.com/solution-4826
4827,Pro Subscriptions Solution 4827,Subscriptions,,,Manages recurring revenue and customer billing flows., 721 ,Free,https://apps.shopify.com/solution-4827
4828,Pro Dropshipping Solution 4828,Dropshipping,,,Automates product sourcing and third-party fulfillment., 721 ,Freemium,https://apps.shopify.com/solution-4828
4829,Pro SEO Solution 4829,SEO,,,Improves organic search visibility and website performance scores., 721 ,from $29/mo,https://apps.shopify.com/solution-4829
4830,Pro Marketing Solution 4830,Marketing,,,Automates customer communication and campaign attribution., 721 ,from $29/mo,https://apps.shopify.com/solution-4830
4831,Pro Sales Solution 4831,Sales,,,Boosts average order value with conversion-focused UI elements., 721 ,from $9.99/mo,https://apps.shopify.com/solution-4831
4832,Pro Support Solution 4832,Support,,,Centralizes customer queries into a single helpdesk interface., 720 ,Freemium,https://apps.shopify.com/solution-4832
4833,Pro Design Solution 4833,Design,,,Enhances store aesthetics with drag-and-drop themes and pages., 720 ,Free,https://apps.shopify.com/solution-4833
4834,Pro Fulfillment Solution 4834,Fulfillment,,,Streamlines shipping workflows and delivery time tracking., 720 ,Free,https://apps.shopify.com/solution-4834
4835,Pro Inventory Solution 4835,Inventory,,,Syncs stock levels across multiple warehouses and channels., 720 ,Free,https://apps.shopify.com/solution-4835
4836,Pro Analytics Solution 4836,Analytics,,,Provides data-driven insights into sales and customer cohorts., 720 ,from $29/mo,https://apps.shopify.com/solution-4836
4837,Pro Legal Solution 4837,Legal,,,Ensures store compliance with privacy and tax regulations., 720 ,Free,https://apps.shopify.com/solution-4837
4838,Pro Subscriptions Solution 4838,Subscriptions,,,Manages recurring revenue and customer billing flows., 720 ,from $9.99/mo,https://apps.shopify.com/solution-4838
4839,Pro Dropshipping Solution 4839,Dropshipping,,,Automates product sourcing and third-party fulfillment., 720 ,Free,https://apps.shopify.com/solution-4839
4840,Pro SEO Solution 4840,SEO,,,Improves organic search visibility and website performance scores., 719 ,Free,https://apps.shopify.com/solution-4840
4841,Pro Marketing Solution 4841,Marketing,,,Automates customer communication and campaign attribution., 719 ,from $9.99/mo,https://apps.shopify.com/solution-4841
4842,Pro Sales Solution 4842,Sales,,,Boosts average order value with conversion-focused UI elements., 719 ,from $29/mo,https://apps.shopify.com/solution-4842
4843,Pro Support Solution 4843,Support,,,Centralizes customer queries into a single helpdesk interface., 719 ,from $29/mo,https://apps.shopify.com/solution-4843
4844,Pro Design Solution 4844,Design,,,Enhances store aesthetics with drag-and-drop themes and pages., 719 ,Freemium,https://apps.shopify.com/solution-4844
4845,Pro Fulfillment Solution 4845,Fulfillment,,,Streamlines shipping workflows and delivery time tracking., 719 ,Freemium,https://apps.shopify.com/solution-4845
4846,Pro Inventory Solution 4846,Inventory,,,Syncs stock levels across multiple warehouses and channels., 719 ,from $29/mo,https://apps.shopify.com/solution-4846
4847,Pro Analytics Solution 4847,Analytics,,,Provides data-driven insights into sales and customer cohorts., 719 ,Freemium,https://apps.shopify.com/solution-4847
4848,Pro Legal Solution 4848,Legal,,,Ensures store compliance with privacy and tax regulations., 718 ,Freemium,https://apps.shopify.com/solution-4848
4849,Pro Subscriptions Solution 4849,Subscriptions,,,Manages recurring revenue and customer billing flows., 718 ,Freemium,https://apps.shopify.com/solution-4849
4850,Pro Dropshipping Solution 4850,Dropshipping,,,Automates product sourcing and third-party fulfillment., 718 ,Free,https://apps.shopify.com/solution-4850
4851,Pro SEO Solution 4851,SEO,,,Improves organic search visibility and website performance scores., 718 ,Free plan available,https://apps.shopify.com/solution-4851
4852,Pro Marketing Solution 4852,Marketing,,,Automates customer communication and campaign attribution., 718 ,Free plan available,https://apps.shopify.com/solution-4852
4853,Pro Sales Solution 4853,Sales,,,Boosts average order value with conversion-focused UI elements., 718 ,from $29/mo,https://apps.shopify.com/solution-4853
4854,Pro Support Solution 4854,Support,,,Centralizes customer queries into a single helpdesk interface., 718 ,Free,https://apps.shopify.com/solution-4854
4855,Pro Design Solution 4855,Design,,,Enhances store aesthetics with drag-and-drop themes and pages., 718 ,from $29/mo,https://apps.shopify.com/solution-4855
4856,Pro Fulfillment Solution 4856,Fulfillment,,,Streamlines shipping workflows and delivery time tracking., 717 ,from $9.99/mo,https://apps.shopify.com/solution-4856
4857,Pro Inventory Solution 4857,Inventory,,,Syncs stock levels across multiple warehouses and channels., 717 ,Free plan available,https://apps.shopify.com/solution-4857
4858,Pro Analytics Solution 4858,Analytics,,,Provides data-driven insights into sales and customer cohorts., 717 ,Free,https://apps.shopify.com/solution-4858
4859,Pro Legal Solution 4859,Legal,,,Ensures store compliance with privacy and tax regulations., 717 ,from $9.99/mo,https://apps.shopify.com/solution-4859
4860,Pro Subscriptions Solution 4860,Subscriptions,,,Manages recurring revenue and customer billing flows., 717 ,Freemium,https://apps.shopify.com/solution-4860
4861,Pro Dropshipping Solution 4861,Dropshipping,,,Automates product sourcing and third-party fulfillment., 717 ,Free plan available,https://apps.shopify.com/solution-4861
4862,Pro SEO Solution 4862,SEO,,,Improves organic search visibility and website performance scores., 717 ,Freemium,https://apps.shopify.com/solution-4862
4863,Pro Marketing Solution 4863,Marketing,,,Automates customer communication and campaign attribution., 717 ,Free plan available,https://apps.shopify.com/solution-4863
4864,Pro Sales Solution 4864,Sales,,,Boosts average order value with conversion-focused UI elements., 716 ,Free plan available,https://apps.shopify.com/solution-4864
4865,Pro Support Solution 4865,Support,,,Centralizes customer queries into a single helpdesk interface., 716 ,Free,https://apps.shopify.com/solution-4865
4866,Pro Design Solution 4866,Design,,,Enhances store aesthetics with drag-and-drop themes and pages., 716 ,Free,https://apps.shopify.com/solution-4866
4867,Pro Fulfillment Solution 4867,Fulfillment,,,Streamlines shipping workflows and delivery time tracking., 716 ,from $29/mo,https://apps.shopify.com/solution-4867
4868,Pro Inventory Solution 4868,Inventory,,,Syncs stock levels across multiple warehouses and channels., 716 ,Free,https://apps.shopify.com/solution-4868
4869,Pro Analytics Solution 4869,Analytics,,,Provides data-driven insights into sales and customer cohorts., 716 ,from $29/mo,https://apps.shopify.com/solution-4869
4870,Pro Legal Solution 4870,Legal,,,Ensures store compliance with privacy and tax regulations., 716 ,Freemium,https://apps.shopify.com/solution-4870
4871,Pro Subscriptions Solution 4871,Subscriptions,,,Manages recurring revenue and customer billing flows., 715 ,Free,https://apps.shopify.com/solution-4871
4872,Pro Dropshipping Solution 4872,Dropshipping,,,Automates product sourcing and third-party fulfillment., 715 ,Freemium,https://apps.shopify.com/solution-4872
4873,Pro SEO Solution 4873,SEO,,,Improves organic search visibility and website performance scores., 715 ,Freemium,https://apps.shopify.com/solution-4873
4874,Pro Marketing Solution 4874,Marketing,,,Automates customer communication and campaign attribution., 715 ,Free plan available,https://apps.shopify.com/solution-4874
4875,Pro Sales Solution 4875,Sales,,,Boosts average order value with conversion-focused UI elements., 715 ,Free,https://apps.shopify.com/solution-4875
4876,Pro Support Solution 4876,Support,,,Centralizes customer queries into a single helpdesk interface., 715 ,Free plan available,https://apps.shopify.com/solution-4876
4877,Pro Design Solution 4877,Design,,,Enhances store aesthetics with drag-and-drop themes and pages., 715 ,from $29/mo,https://apps.shopify.com/solution-4877
4878,Pro Fulfillment Solution 4878,Fulfillment,,,Streamlines shipping workflows and delivery time tracking., 715 ,from $9.99/mo,https://apps.shopify.com/solution-4878
4879,Pro Inventory Solution 4879,Inventory,,,Syncs stock levels across multiple warehouses and channels., 714 ,from $9.99/mo,https://apps.shopify.com/solution-4879
4880,Pro Analytics Solution 4880,Analytics,,,Provides data-driven insights into sales and customer cohorts., 714 ,from $29/mo,https://apps.shopify.com/solution-4880
4881,Pro Legal Solution 4881,Legal,,,Ensures store compliance with privacy and tax regulations., 714 ,from $9.99/mo,https://apps.shopify.com/solution-4881
4882,Pro Subscriptions Solution 4882,Subscriptions,,,Manages recurring revenue and customer billing flows., 714 ,from $9.99/mo,https://apps.shopify.com/solution-4882
4883,Pro Dropshipping Solution 4883,Dropshipping,,,Automates product sourcing and third-party fulfillment., 714 ,from $29/mo,https://apps.shopify.com/solution-4883
4884,Pro SEO Solution 4884,SEO,,,Improves organic search visibility and website performance scores., 714 ,from $9.99/mo,https://apps.shopify.com/solution-4884
4885,Pro Marketing Solution 4885,Marketing,,,Automates customer communication and campaign attribution., 714 ,Freemium,https://apps.shopify.com/solution-4885
4886,Pro Sales Solution 4886,Sales,,,Boosts average order value with conversion-focused UI elements., 714 ,Free,https://apps.shopify.com/solution-4886
4887,Pro Support Solution 4887,Support,,,Centralizes customer queries into a single helpdesk interface., 713 ,Freemium,https://apps.shopify.com/solution-4887
4888,Pro Design Solution 4888,Design,,,Enhances store aesthetics with drag-and-drop themes and pages., 713 ,Free plan available,https://apps.shopify.com/solution-4888
4889,Pro Fulfillment Solution 4889,Fulfillment,,,Streamlines shipping workflows and delivery time tracking., 713 ,from $29/mo,https://apps.shopify.com/solution-4889
4890,Pro Inventory Solution 4890,Inventory,,,Syncs stock levels across multiple warehouses and channels., 713 ,Free plan available,https://apps.shopify.com/solution-4890
4891,Pro Analytics Solution 4891,Analytics,,,Provides data-driven insights into sales and customer cohorts., 713 ,Free plan available,https://apps.shopify.com/solution-4891
4892,Pro Legal Solution 4892,Legal,,,Ensures store compliance with privacy and tax regulations., 713 ,from $29/mo,https://apps.shopify.com/solution-4892
4893,Pro Subscriptions Solution 4893,Subscriptions,,,Manages recurring revenue and customer billing flows., 713 ,Free,https://apps.shopify.com/solution-4893
4894,Pro Dropshipping Solution 4894,Dropshipping,,,Automates product sourcing and third-party fulfillment., 713 ,Free,https://apps.shopify.com/solution-4894
4895,Pro SEO Solution 4895,SEO,,,Improves organic search visibility and website performance scores., 712 ,Free plan available,https://apps.shopify.com/solution-4895
4896,Pro Marketing Solution 4896,Marketing,,,Automates customer communication and campaign attribution., 712 ,Free,https://apps.shopify.com/solution-4896
4897,Pro Sales Solution 4897,Sales,,,Boosts average order value with conversion-focused UI elements., 712 ,from $29/mo,https://apps.shopify.com/solution-4897
4898,Pro Support Solution 4898,Support,,,Centralizes customer queries into a single helpdesk interface., 712 ,Freemium,https://apps.shopify.com/solution-4898
4899,Pro Design Solution 4899,Design,,,Enhances store aesthetics with drag-and-drop themes and pages., 712 ,from $9.99/mo,https://apps.shopify.com/solution-4899
4900,Pro Fulfillment Solution 4900,Fulfillment,,,Streamlines shipping workflows and delivery time tracking., 712 ,Free plan available,https://apps.shopify.com/solution-4900
4901,Pro Inventory Solution 4901,Inventory,,,Syncs stock levels across multiple warehouses and channels., 712 ,Free plan available,https://apps.shopify.com/solution-4901
4902,Pro Analytics Solution 4902,Analytics,,,Provides data-driven insights into sales and customer cohorts., 712 ,Free plan available,https://apps.shopify.com/solution-4902
4903,Pro Legal Solution 4903,Legal,,,Ensures store compliance with privacy and tax regulations., 711 ,Free plan available,https://apps.shopify.com/solution-4903
4904,Pro Subscriptions Solution 4904,Subscriptions,,,Manages recurring revenue and customer billing flows., 711 ,Freemium,https://apps.shopify.com/solution-4904
4905,Pro Dropshipping Solution 4905,Dropshipping,,,Automates product sourcing and third-party fulfillment., 711 ,Free plan available,https://apps.shopify.com/solution-4905
4906,Pro SEO Solution 4906,SEO,,,Improves organic search visibility and website performance scores., 711 ,from $29/mo,https://apps.shopify.com/solution-4906
4907,Pro Marketing Solution 4907,Marketing,,,Automates customer communication and campaign attribution., 711 ,Freemium,https://apps.shopify.com/solution-4907
4908,Pro Sales Solution 4908,Sales,,,Boosts average order value with conversion-focused UI elements., 711 ,Free plan available,https://apps.shopify.com/solution-4908
4909,Pro Support Solution 4909,Support,,,Centralizes customer queries into a single helpdesk interface., 711 ,from $29/mo,https://apps.shopify.com/solution-4909
4910,Pro Design Solution 4910,Design,,,Enhances store aesthetics with drag-and-drop themes and pages., 711 ,Free plan available,https://apps.shopify.com/solution-4910
4911,Pro Fulfillment Solution 4911,Fulfillment,,,Streamlines shipping workflows and delivery time tracking., 710 ,from $29/mo,https://apps.shopify.com/solution-4911
4912,Pro Inventory Solution 4912,Inventory,,,Syncs stock levels across multiple warehouses and channels., 710 ,Free plan available,https://apps.shopify.com/solution-4912
4913,Pro Analytics Solution 4913,Analytics,,,Provides data-driven insights into sales and customer cohorts., 710 ,from $9.99/mo,https://apps.shopify.com/solution-4913
4914,Pro Legal Solution 4914,Legal,,,Ensures store compliance with privacy and tax regulations., 710 ,from $9.99/mo,https://apps.shopify.com/solution-4914
4915,Pro Subscriptions Solution 4915,Subscriptions,,,Manages recurring revenue and customer billing flows., 710 ,Free plan available,https://apps.shopify.com/solution-4915
4916,Pro Dropshipping Solution 4916,Dropshipping,,,Automates product sourcing and third-party fulfillment., 710 ,Free,https://apps.shopify.com/solution-4916
4917,Pro SEO Solution 4917,SEO,,,Improves organic search visibility and website performance scores., 710 ,Free plan available,https://apps.shopify.com/solution-4917
4918,Pro Marketing Solution 4918,Marketing,,,Automates customer communication and campaign attribution., 710 ,Free plan available,https://apps.shopify.com/solution-4918
4919,Pro Sales Solution 4919,Sales,,,Boosts average order value with conversion-focused UI elements., 709 ,Free,https://apps.shopify.com/solution-4919
4920,Pro Support Solution 4920,Support,,,Centralizes customer queries into a single helpdesk interface., 709 ,Free,https://apps.shopify.com/solution-4920
4921,Pro Design Solution 4921,Design,,,Enhances store aesthetics with drag-and-drop themes and pages., 709 ,Free plan available,https://apps.shopify.com/solution-4921
4922,Pro Fulfillment Solution 4922,Fulfillment,,,Streamlines shipping workflows and delivery time tracking., 709 ,from $29/mo,https://apps.shopify.com/solution-4922
4923,Pro Inventory Solution 4923,Inventory,,,Syncs stock levels across multiple warehouses and channels., 709 ,Freemium,https://apps.shopify.com/solution-4923
4924,Pro Analytics Solution 4924,Analytics,,,Provides data-driven insights into sales and customer cohorts., 709 ,Free,https://apps.shopify.com/solution-4924
4925,Pro Legal Solution 4925,Legal,,,Ensures store compliance with privacy and tax regulations., 709 ,Freemium,https://apps.shopify.com/solution-4925
4926,Pro Subscriptions Solution 4926,Subscriptions,,,Manages recurring revenue and customer billing flows., 709 ,from $29/mo,https://apps.shopify.com/solution-4926
4927,Pro Dropshipping Solution 4927,Dropshipping,,,Automates product sourcing and third-party fulfillment., 708 ,from $9.99/mo,https://apps.shopify.com/solution-4927
4928,Pro SEO Solution 4928,SEO,,,Improves organic search visibility and website performance scores., 708 ,from $29/mo,https://apps.shopify.com/solution-4928
4929,Pro Marketing Solution 4929,Marketing,,,Automates customer communication and campaign attribution., 708 ,Free plan available,https://apps.shopify.com/solution-4929
4930,Pro Sales Solution 4930,Sales,,,Boosts average order value with conversion-focused UI elements., 708 ,Free,https://apps.shopify.com/solution-4930
4931,Pro Support Solution 4931,Support,,,Centralizes customer queries into a single helpdesk interface., 708 ,Free plan available,https://apps.shopify.com/solution-4931
4932,Pro Design Solution 4932,Design,,,Enhances store aesthetics with drag-and-drop themes and pages., 708 ,from $9.99/mo,https://apps.shopify.com/solution-4932
4933,Pro Fulfillment Solution 4933,Fulfillment,,,Streamlines shipping workflows and delivery time tracking., 708 ,from $29/mo,https://apps.shopify.com/solution-4933
4934,Pro Inventory Solution 4934,Inventory,,,Syncs stock levels across multiple warehouses and channels., 708 ,Freemium,https://apps.shopify.com/solution-4934
4935,Pro Analytics Solution 4935,Analytics,,,Provides data-driven insights into sales and customer cohorts., 707 ,from $29/mo,https://apps.shopify.com/solution-4935
4936,Pro Legal Solution 4936,Legal,,,Ensures store compliance with privacy and tax regulations., 707 ,Free plan available,https://apps.shopify.com/solution-4936
4937,Pro Subscriptions Solution 4937,Subscriptions,,,Manages recurring revenue and customer billing flows., 707 ,from $29/mo,https://apps.shopify.com/solution-4937
4938,Pro Dropshipping Solution 4938,Dropshipping,,,Automates product sourcing and third-party fulfillment., 707 ,from $29/mo,https://apps.shopify.com/solution-4938
4939,Pro SEO Solution 4939,SEO,,,Improves organic search visibility and website performance scores., 707 ,from $9.99/mo,https://apps.shopify.com/solution-4939
4940,Pro Marketing Solution 4940,Marketing,,,Automates customer communication and campaign attribution., 707 ,Freemium,https://apps.shopify.com/solution-4940
4941,Pro Sales Solution 4941,Sales,,,Boosts average order value with conversion-focused UI elements., 707 ,Free,https://apps.shopify.com/solution-4941
4942,Pro Support Solution 4942,Support,,,Centralizes customer queries into a single helpdesk interface., 707 ,from $9.99/mo,https://apps.shopify.com/solution-4942
4943,Pro Design Solution 4943,Design,,,Enhances store aesthetics with drag-and-drop themes and pages., 706 ,Free,https://apps.shopify.com/solution-4943
4944,Pro Fulfillment Solution 4944,Fulfillment,,,Streamlines shipping workflows and delivery time tracking., 706 ,Free,https://apps.shopify.com/solution-4944
4945,Pro Inventory Solution 4945,Inventory,,,Syncs stock levels across multiple warehouses and channels., 706 ,from $9.99/mo,https://apps.shopify.com/solution-4945
4946,Pro Analytics Solution 4946,Analytics,,,Provides data-driven insights into sales and customer cohorts., 706 ,Freemium,https://apps.shopify.com/solution-4946
4947,Pro Legal Solution 4947,Legal,,,Ensures store compliance with privacy and tax regulations., 706 ,Freemium,https://apps.shopify.com/solution-4947
4948,Pro Subscriptions Solution 4948,Subscriptions,,,Manages recurring revenue and customer billing flows., 706 ,from $29/mo,https://apps.shopify.com/solution-4948
4949,Pro Dropshipping Solution 4949,Dropshipping,,,Automates product sourcing and third-party fulfillment., 706 ,Free,https://apps.shopify.com/solution-4949
4950,Pro SEO Solution 4950,SEO,,,Improves organic search visibility and website performance scores., 706 ,Free,https://apps.shopify.com/solution-4950
4951,Pro Marketing Solution 4951,Marketing,,,Automates customer communication and campaign attribution., 705 ,Freemium,https://apps.shopify.com/solution-4951
4952,Pro Sales Solution 4952,Sales,,,Boosts average order value with conversion-focused UI elements., 705 ,from $29/mo,https://apps.shopify.com/solution-4952
4953,Pro Support Solution 4953,Support,,,Centralizes customer queries into a single helpdesk interface., 705 ,Free plan available,https://apps.shopify.com/solution-4953
4954,Pro Design Solution 4954,Design,,,Enhances store aesthetics with drag-and-drop themes and pages., 705 ,Freemium,https://apps.shopify.com/solution-4954
4955,Pro Fulfillment Solution 4955,Fulfillment,,,Streamlines shipping workflows and delivery time tracking., 705 ,Free plan available,https://apps.shopify.com/solution-4955
4956,Pro Inventory Solution 4956,Inventory,,,Syncs stock levels across multiple warehouses and channels., 705 ,Freemium,https://apps.shopify.com/solution-4956
4957,Pro Analytics Solution 4957,Analytics,,,Provides data-driven insights into sales and customer cohorts., 705 ,Freemium,https://apps.shopify.com/solution-4957
4958,Pro Legal Solution 4958,Legal,,,Ensures store compliance with privacy and tax regulations., 705 ,from $29/mo,https://apps.shopify.com/solution-4958
4959,Pro Subscriptions Solution 4959,Subscriptions,,,Manages recurring revenue and customer billing flows., 704 ,Free plan available,https://apps.shopify.com/solution-4959
4960,Pro Dropshipping Solution 4960,Dropshipping,,,Automates product sourcing and third-party fulfillment., 704 ,Free plan available,https://apps.shopify.com/solution-4960
4961,Pro SEO Solution 4961,SEO,,,Improves organic search visibility and website performance scores., 704 ,Freemium,https://apps.shopify.com/solution-4961
4962,Pro Marketing Solution 4962,Marketing,,,Automates customer communication and campaign attribution., 704 ,from $29/mo,https://apps.shopify.com/solution-4962
4963,Pro Sales Solution 4963,Sales,,,Boosts average order value with conversion-focused UI elements., 704 ,from $29/mo,https://apps.shopify.com/solution-4963
4964,Pro Support Solution 4964,Support,,,Centralizes customer queries into a single helpdesk interface., 704 ,from $29/mo,https://apps.shopify.com/solution-4964
4965,Pro Design Solution 4965,Design,,,Enhances store aesthetics with drag-and-drop themes and pages., 704 ,Free plan available,https://apps.shopify.com/solution-4965
4966,Pro Fulfillment Solution 4966,Fulfillment,,,Streamlines shipping workflows and delivery time tracking., 704 ,Free plan available,https://apps.shopify.com/solution-4966
4967,Pro Inventory Solution 4967,Inventory,,,Syncs stock levels across multiple warehouses and channels., 704 ,from $9.99/mo,https://apps.shopify.com/solution-4967
4968,Pro Analytics Solution 4968,Analytics,,,Provides data-driven insights into sales and customer cohorts., 703 ,Free plan available,https://apps.shopify.com/solution-4968
4969,Pro Legal Solution 4969,Legal,,,Ensures store compliance with privacy and tax regulations., 703 ,from $29/mo,https://apps.shopify.com/solution-4969
4970,Pro Subscriptions Solution 4970,Subscriptions,,,Manages recurring revenue and customer billing flows., 703 ,Free,https://apps.shopify.com/solution-4970
4971,Pro Dropshipping Solution 4971,Dropshipping,,,Automates product sourcing and third-party fulfillment., 703 ,Free plan available,https://apps.shopify.com/solution-4971
4972,Pro SEO Solution 4972,SEO,,,Improves organic search visibility and website performance scores., 703 ,from $29/mo,https://apps.shopify.com/solution-4972
4973,Pro Marketing Solution 4973,Marketing,,,Automates customer communication and campaign attribution., 703 ,from $29/mo,https://apps.shopify.com/solution-4973
4974,Pro Sales Solution 4974,Sales,,,Boosts average order value with conversion-focused UI elements., 703 ,Free,https://apps.shopify.com/solution-4974
4975,Pro Support Solution 4975,Support,,,Centralizes customer queries into a single helpdesk interface., 703 ,from $9.99/mo,https://apps.shopify.com/solution-4975
4976,Pro Design Solution 4976,Design,,,Enhances store aesthetics with drag-and-drop themes and pages., 702 ,Freemium,https://apps.shopify.com/solution-4976
4977,Pro Fulfillment Solution 4977,Fulfillment,,,Streamlines shipping workflows and delivery time tracking., 702 ,Free,https://apps.shopify.com/solution-4977
4978,Pro Inventory Solution 4978,Inventory,,,Syncs stock levels across multiple warehouses and channels., 702 ,Free,https://apps.shopify.com/solution-4978
4979,Pro Analytics Solution 4979,Analytics,,,Provides data-driven insights into sales and customer cohorts., 702 ,Free,https://apps.shopify.com/solution-4979
4980,Pro Legal Solution 4980,Legal,,,Ensures store compliance with privacy and tax regulations., 702 ,Free plan available,https://apps.shopify.com/solution-4980
4981,Pro Subscriptions Solution 4981,Subscriptions,,,Manages recurring revenue and customer billing flows., 702 ,Free plan available,https://apps.shopify.com/solution-4981
4982,Pro Dropshipping Solution 4982,Dropshipping,,,Automates product sourcing and third-party fulfillment., 702 ,Free plan available,https://apps.shopify.com/solution-4982
4983,Pro SEO Solution 4983,SEO,,,Improves organic search visibility and website performance scores., 702 ,from $29/mo,https://apps.shopify.com/solution-4983
4984,Pro Marketing Solution 4984,Marketing,,,Automates customer communication and campaign attribution., 701 ,from $9.99/mo,https://apps.shopify.com/solution-4984
4985,Pro Sales Solution 4985,Sales,,,Boosts average order value with conversion-focused UI elements., 701 ,Freemium,https://apps.shopify.com/solution-4985
4986,Pro Support Solution 4986,Support,,,Centralizes customer queries into a single helpdesk interface., 701 ,Freemium,https://apps.shopify.com/solution-4986
4987,Pro Design Solution 4987,Design,,,Enhances store aesthetics with drag-and-drop themes and pages., 701 ,Freemium,https://apps.shopify.com/solution-4987
4988,Pro Fulfillment Solution 4988,Fulfillment,,,Streamlines shipping workflows and delivery time tracking., 701 ,Free,https://apps.shopify.com/solution-4988
4989,Pro Inventory Solution 4989,Inventory,,,Syncs stock levels across multiple warehouses and channels., 701 ,Free plan available,https://apps.shopify.com/solution-4989
4990,Pro Analytics Solution 4990,Analytics,,,Provides data-driven insights into sales and customer cohorts., 701 ,from $9.99/mo,https://apps.shopify.com/solution-4990
4991,Pro Legal Solution 4991,Legal,,,Ensures store compliance with privacy and tax regulations., 701 ,from $9.99/mo,https://apps.shopify.com/solution-4991
4992,Pro Subscriptions Solution 4992,Subscriptions,,,Manages recurring revenue and customer billing flows., 700 ,from $29/mo,https://apps.shopify.com/solution-4992
4993,Pro Dropshipping Solution 4993,Dropshipping,,,Automates product sourcing and third-party fulfillment., 700 ,from $9.99/mo,https://apps.shopify.com/solution-4993
4994,Pro SEO Solution 4994,SEO,,,Improves organic search visibility and website performance scores., 700 ,from $9.99/mo,https://apps.shopify.com/solution-4994
4995,Pro Marketing Solution 4995,Marketing,,,Automates customer communication and campaign attribution., 700 ,from $9.99/mo,https://apps.shopify.com/solution-4995
4996,Pro Sales Solution 4996,Sales,,,Boosts average order value with conversion-focused UI elements., 700 ,from $9.99/mo,https://apps.shopify.com/solution-4996
4997,Pro Support Solution 4997,Support,,,Centralizes customer queries into a single helpdesk interface., 700 ,from $9.99/mo,https://apps.shopify.com/solution-4997
4998,Pro Design Solution 4998,Design,,,Enhances store aesthetics with drag-and-drop themes and pages., 700 ,from $29/mo,https://apps.shopify.com/solution-4998
4999,Pro Fulfillment Solution 4999,Fulfillment,,,Streamlines shipping workflows and delivery time tracking., 700 ,from $29/mo,https://apps.shopify.com/solution-4999
5000,Pro Inventory Solution 5000,Inventory,,,Syncs stock levels across multiple warehouses and channels., 699 ,from $9.99/mo,https://apps.shopify.com/solution-5000
